"CodEqu","CodFam","Descri","CosEqu","CosDia","Deprec","Transp","FecEqu","Dep01","Provee","Man01","Rep01","TipEqu"
"ALB000","00","EQUIPO PARA TABIQUERIA / CIELO RASO/ DRY","18,08","","1","","3/1/2024 12:00:00 a. m.","1","","","",""
"ALB001","00","CARRETON","330,64","","1","","3/1/2024 12:00:00 a. m.","1","","","",""
"ALB002","00","CARRETILLA CAP= 55 LT CAUCHOS DE GOMA","135,51","","0,025","","3/1/2024 12:00:00 a. m.","1","","","",""
"ALB003","00","CARRETILLA CAP= 110 LT RUEDAS DE GOMA","268,27","","0,02","","3/1/2024 12:00:00 a. m.","1","","","",""
"ALB004","00","HERRAMIENTAS MENORES","58,74","","0,006","","3/1/2024 12:00:00 a. m.","1","","","",""
"ALB005","00","CARRETON P/VACIADO DE CONCRETO RUEDA DE ","451,63","","0,025","","3/1/2024 12:00:00 a. m.","1","","","",""
"ALB006","00","CUBETA/ENCOFRADO PLASTICO P/LOSA RETICUL","0,5","","1","","3/1/2024 12:00:00 a. m.","1","","","",""
"ALB007","00","EQUIPO PARA COLOCACION DE CERAMICA","2,72","","1","","3/1/2024 12:00:00 a. m.","1","","","",""
"ALB008","00","EQUIPO BASICO PARA PUESTA EN OBRA DE CON","7,83","","1","","3/1/2024 12:00:00 a. m.","1","","","",""
"ALB009","00","EQUIPO PULIDO GRANITO","3161,34","","0,009","","3/1/2024 12:00:00 a. m.","1","","","",""
"ALB010","00","EQUIPOS VARIOS DE ALBAÑILERIA","10,86","","1","","3/1/2024 12:00:00 a. m.","1","","","",""
"ALB011","00","ESPATULA DE 6 CM CON MANGO","7,22","","0,05","","3/1/2024 12:00:00 a. m.","1","","","",""
"ALB012","00","HERRAMIENTA PARA CUADRILLA OBRAS CIVILES","53,32","","0,012","","3/1/2024 12:00:00 a. m.","1","","","",""
"ALB013","00","JUEGO DE PALA, PICO Y CARRETILLA","9,05","","1","","3/1/2024 12:00:00 a. m.","1","","","",""
"ALB014","00","MANGUERA DE DESCARGA X 10 MTS","75,48","","0,01","","3/1/2024 12:00:00 a. m.","1","","","",""
"ALB015","00","MANGUERA (SUCCION) DIAM= 2'". L= 15 M","451,63","","0,005","","3/1/2024 12:00:00 a. m.","1","","","",""
"ALB016","00","MANGUERA PLASTICA TIPO CULEBRA D=1/2'" L=","84,94","","0,01","","3/1/2024 12:00:00 a. m.","1","","","",""
"ALB017","00","MAQUINA PULIDORA DE GRANITO","40,68","","1","","3/1/2024 12:00:00 a. m.","1","","","",""
"ALB018","00","SET DE HERRAMIENTAS P/PISO LAMINADO MDF","36,17","","0,015","","3/1/2024 12:00:00 a. m.","1","","","",""
"ALB019","00","TALADRO ELECTRICO","5,44","","1","","3/1/2024 12:00:00 a. m.","1","","","",""
"ALB020","00","EQUIPOS: TALADRO, TESTER Y MEDICION ELEC","469,69","","0,01","","3/1/2024 12:00:00 a. m.","1","","","",""
"ALB021","00","CUCHARA NACIONAL PARA ALBAÑIL","8,97","","0,02","","3/1/2024 12:00:00 a. m.","1","","","",""
"ALB022","00","CUCHARA PLANA PARA ALBAÑILERIA","13,42","","0,01","","3/1/2024 12:00:00 a. m.","1","","","",""
"ALB023","00","SALPICADORA RIGO","1,77","","1","","3/1/2024 12:00:00 a. m.","1","","","",""
"ALB024","00","NIVEL DE 3 BURBUJAS Y 18'"","28,93","","0,011","","3/1/2024 12:00:00 a. m.","1","","","",""
"ALB025","00","CEPILLO DE ALBAÑIL PARA FRISAR DE 6'"","9,91","","0,04","","3/1/2024 12:00:00 a. m.","1","","","",""
"ALB026","00","TOBO PLASTICO DE ALBAÑIL","11,21","","0,067","","3/1/2024 12:00:00 a. m.","1","","","",""
"ALB027","00","PALA NACIONAL CON CABO DE MADERA","22,55","","0,034","","3/1/2024 12:00:00 a. m.","1","","","",""
"ALB028","00","EQUIPO PARA PULIR GRANITO","3835,52","","0,009","","3/1/2024 12:00:00 a. m.","1","","","",""
"ALB029","00","EQUIPO PARA GRANITO","18,6","","1","","3/1/2024 12:00:00 a. m.","1","","","",""
"ALB030","00","EQUIPO MENOR","3,59","","1","","3/1/2024 12:00:00 a. m.","1","","","",""
"ALB031","00","MANGUERA PLASTICA DE DESCARGA DE 2 PULG","32,12","","0,05","","3/1/2024 12:00:00 a. m.","1","","","",""
"ALB032","00","MAQUINA LIVIANA DESGASTADORA DE GRANITO","448,01","","0,0028","","3/1/2024 12:00:00 a. m.","1","","","",""
"ALB033","00","MAQUINA MANUAL DESGASTADORA DE GRANITO","626,22","","0,0028","","3/1/2024 12:00:00 a. m.","1","","","",""
"ALB034","00","ESPATULA CON MANGO HOJA CON ANCHO=10'"","8,39","","0,04","","3/1/2024 12:00:00 a. m.","1","","","",""
"ALB035","00","ESPATULA","4,46","","0,04","","3/1/2024 12:00:00 a. m.","1","","","",""
"ALB036","00","ESPATULA LLANA DOBLE P/ENCAMISADO L=30 C","4,4","","0,03","","3/1/2024 12:00:00 a. m.","1","","","",""
"ALB037","00","EQUIPOS MENORES DE ALBAÑILERIA","13,54","","1","","3/1/2024 12:00:00 a. m.","1","","","",""
"ALB038","00","EQUIPO TIPO 1 ACABADO INTERIOR","0,8","","1","","3/1/2024 12:00:00 a. m.","1","","","",""
"ALB039","00","ASPERSOR/ROCIADOR -FUMIGADOR DE ESPALDA ","282,74","","0,009","","3/1/2024 12:00:00 a. m.","1","","","",""
"ALB040","00","REGLA DE MADERA","3,04","","0,02","","3/1/2024 12:00:00 a. m.","1","","","",""
"ALB041","00","PLOMADA","12,66","","0,009","","3/1/2024 12:00:00 a. m.","1","","","",""
"ALB042","00","ESCUADRA METALICA ALUMINIO","13,92","","0,01","","3/1/2024 12:00:00 a. m.","1","","","",""
"ALB043","00","NIVEL, PLOMADA, ESCUADRA Y CINTA METRICA","48,82","","0,009","","3/1/2024 12:00:00 a. m.","1","","","",""
"ALB044","00","PIQUETA, TENAZA, CUCHARA PLANA (ALBAÑILE","73,18","","0,04","","3/1/2024 12:00:00 a. m.","1","","","",""
"ALB045","00","SIERRA ELECTRICA CIRCULAR","387,48","","0,01","","3/1/2024 12:00:00 a. m.","1","","","",""
"ALB046","00","TALADRO Y MECHA P/ ANCLAJES EN CONCRETO","7,22","","1","","3/1/2024 12:00:00 a. m.","1","","","",""
"ALB047","00","TALADRO DE BAJA REVOLUCION PARA MEZCLADO","4,64","","1","","3/1/2024 12:00:00 a. m.","1","","","",""
"ALB048","00","BARRA METALICA DE 1.47 MTS","40,68","","0,03","","3/1/2024 12:00:00 a. m.","1","","","",""
"ALB049","00","EQUIPO MENOR PARA DEMOLICION MANUAL","34,67","","0,04","","3/1/2024 12:00:00 a. m.","1","","","",""
"ALB050","00","EQUIPO LIVIANO DE ALBAÑILERIA","6,39","","1","","3/1/2024 12:00:00 a. m.","1","","","",""
"ALB051","00","MARTILLO TIPO GOMA / MAZO DE GOMA","18,08","","0,01","","3/1/2024 12:00:00 a. m.","1","","","",""
"ALB052","00","HERRAMIENTAS MENORES PARA EXCAVACION","18,55","","0,064","","3/1/2024 12:00:00 a. m.","1","","","",""
"ALB053","00","BARRA METALICA PARA HOYAR L=1,47 MT","49,67","","0,02","","3/1/2024 12:00:00 a. m.","1","","","",""
"ALB054","00","HERRAMIENTAS PARA EXCAVACION A MANO","27,86","","0,044","","3/1/2024 12:00:00 a. m.","1","","","",""
"ALB055","00","HERRAMIENTAS MANUALES PARA EXCAVACION A ","22,24","","0,095","","3/1/2024 12:00:00 a. m.","1","","","",""
"ALB056","00","PICO BELLOTA O SIMILAR / IMPORTADO","27,13","","0,011","","3/1/2024 12:00:00 a. m.","1","","","",""
"ALB057","00","PALIN","16,69","","0,009","","3/1/2024 12:00:00 a. m.","1","","","",""
"ALB058","00","JUEGO DE DESTORNILLADORES MIXTOS 8 PZAS","27,13","","0,015","","3/1/2024 12:00:00 a. m.","1","","","",""
"ALB059","00","ESMERILADORA MULTIUSO MANUAL","332,72","","0,03","","3/1/2024 12:00:00 a. m.","1","","","",""
"ALB060","00","TALADRO INDUSTRIAL CON ACCESORIO P/LIJAR","166,9","","0,005","","3/1/2024 12:00:00 a. m.","1","","","",""
"ALB061","00","RODILLO DE ACERO PARA PISO DE GRANITO","219,18","","0,005","","3/1/2024 12:00:00 a. m.","1","","","",""
"ALB062","00","ASPERSOR PARA RIEGO/JARDINERIA","12,66","","0,008","","3/1/2024 12:00:00 a. m.","1","","","",""
"ALB063","00","DESTORNILLADOR ELECTRICO 4.000 RPM O SIM","144,66","","0,015","","3/1/2024 12:00:00 a. m.","1","","","",""
"ALB064","00","MANDARRIA MANGO CORTO 3 KG BELLOTA O SIM","54,23","","0,02","","3/1/2024 12:00:00 a. m.","1","","","",""
"ALB065","00","MANDARRIA MANGO LARGO 6 KG BELLOTA O SIM","54,23","","0,01","","3/1/2024 12:00:00 a. m.","1","","","",""
"ALB066","00","MARTILLO TIPO CARPINTERO BELLOTA O SIMIL","24,4","","0,02","","3/1/2024 12:00:00 a. m.","1","","","",""
"ALB067","00","CEPILLO, CUCHARA, PALA, CARRETILLA (JGO)","295,36","","0,039","","3/1/2024 12:00:00 a. m.","1","","","",""
"ALB068","00","PIQUETA, CUCHILLA","19,01","","0,03","","3/1/2024 12:00:00 a. m.","1","","","",""
"ALB069","00","TENAZA, PIQUETA Y MARTILLO (ALBAÑILERIA)","82,22","","0,04","","3/1/2024 12:00:00 a. m.","1","","","",""
"ALB070","00","CINTA METRICA, NIVEL BURBUJA, PLOMADA","43,35","","0,009","","3/1/2024 12:00:00 a. m.","1","","","",""
"ALB071","00","CARRETILLA RUEDA NEUMATICA 10'"","180,66","","0,02","","3/1/2024 12:00:00 a. m.","1","","","",""
"ALB072","00","PICO NACIONAL (INCLUYE CABO)","19,86","","0,033","","3/1/2024 12:00:00 a. m.","1","","","",""
"ALB073","00","CARRETILLA PARA CONSTRUCCION","171,66","","0,02","","3/1/2024 12:00:00 a. m.","1","","","",""
"ALB074","00","PLOMADA JOROPO ALBAÑIL 300 GRAMOS","18,08","","0,01","","3/1/2024 12:00:00 a. m.","1","","","",""
"ALB075","00","CEPILLO ALBAÑILERIA TIPO PALUSTRA, MANGO","13,54","","0,09","","3/1/2024 12:00:00 a. m.","1","","","",""
"ALB076","00","CUCHILLA CARTONERA","9,89","","0,02","","3/1/2024 12:00:00 a. m.","1","","","",""
"ALB077","00","CUCHARA DE 6'"  BELLOTA  O SIMILAR","17,61","","0,02","","3/1/2024 12:00:00 a. m.","1","","","",""
"ALB078","00","CORTADORA DE CERAMICA 24'" RUBI O SIMILAR","900,15","","0,02","","3/1/2024 12:00:00 a. m.","1","FERRETERIA DEL ESTE S.A.","","",""
"ALB079","00","PALA PUNTA RECTANGULAR CON CABO #","25,28","","0,034","","3/1/2024 12:00:00 a. m.","1","FERRETERIA DEL ESTE S.A.","","",""
"ALB080","00","PIQUETA","21,68","","0,03","","3/1/2024 12:00:00 a. m.","1","ARFESA ARAGUA FERRETERA S.A.","","",""
"ALB081","00","PALA CON CABO DE MADERA BELLOTA O SIM","27,13","","0,034","","3/1/2024 12:00:00 a. m.","1","FERRETERIA DEL ESTE S.A.","","",""
"ALB082","00","MARTILLO TIPO CARPINTERO STANLEY","31,64","","0,01","","3/1/2024 12:00:00 a. m.","1","FERRETERIA DEL ESTE S.A.","","",""
"ALB083","00","PISTOLA NEUMATICA DE PERCUSION 5/8'"","726,07","","0,02","","3/1/2024 12:00:00 a. m.","1","ARFESA ARAGUA FERRETERA S.A.","","",""
"ALB084","00","JUEGO DE PALA, MANDARRIA Y CARRETILLA","8,14","","1","","3/1/2024 12:00:00 a. m.","1","","","",""
"ALB085","00","TALADRO P/PERFORAR CONCRETO HASTA 1'"","13,54","","1","","3/1/2024 12:00:00 a. m.","1","","","",""
"ALB086","00","PALUSTRA DENTADA CON MANGO DE GOMA","9,32","","0,02","","3/1/2024 12:00:00 a. m.","1","EPA SUPERFERRETERIA","","",""
"ALB087","00","ESPONJA DE ALBAÑIL (CEPILLO DE GOMA)","12,3","","0,04","","3/1/2024 12:00:00 a. m.","1","","","",""
"ALB088","00","JUEGO: ESPONJA, CEPILLO Y CUCHARA P/ALBA","42,16","","0,03","","3/1/2024 12:00:00 a. m.","1","","","",""
"ALB089","00","BARRA PATA DE CABRA (HERRAMIENTA)","23,45","","0,03","","3/1/2024 12:00:00 a. m.","1","AGROPECUARIA LA MILAGROSA C.A.","","",""
"ALB090","00","PIQUETA Y PALA","41,58","","0,02","","3/1/2024 12:00:00 a. m.","1","","","",""
"ALB091","00","JUEGO DE PICO Y PALA","53,32","","0,035","","3/1/2024 12:00:00 a. m.","1","","","",""
"ALB092","00","CEPILLO DE ALBAÑILERIA TIPO LLANA","12,66","","0,09","","3/1/2024 12:00:00 a. m.","1","EPA SUPERFERRETERIA","","",""
"ALB093","00","RATON / PALUSTRA P/REMATE","8,14","","0,09","","3/1/2024 12:00:00 a. m.","1","EPA SUPERFERRETERIA","","",""
"ALB094","00","CAVADORA HOYO MANUAL DOS CABOS DE MADERA","20,92","","0,02","","3/1/2024 12:00:00 a. m.","1","EPA SUPERFERRETERIA","","",""
"ALB095","00","ESCARDILLA CON CABO DE MADERA","22,55","","0,02","","3/1/2024 12:00:00 a. m.","1","EPA SUPERFERRETERIA","","",""
"ALB096","00","HOZ MANUAL DE PUNTA PARA CORTAR VEGETACI","32,57","","0,03","","3/1/2024 12:00:00 a. m.","1","EPA SUPERFERRETERIA","","",""
"ALB097","00","TALADRO 3/8'" BOSCH 1800 RPM 450 W PERCUS","271","","0,003","","3/1/2024 12:00:00 a. m.","1","TECNOFIX, C.A","","",""
"ALB098","00","TALADRO INDUSTRIAL POTENCIA 3/4 HP","418,81","","0,01","","3/1/2024 12:00:00 a. m.","1","ALQUIHERRAMIENTAS 2112 C.A.","","",""
"ALB099","00","MAQUINA P/EMPLOMAR-PULIR GRANITO-MARMOL","48,09","","1","","3/1/2024 12:00:00 a. m.","1","","","",""
"ALB100","00","MAQUINA ELECT P/EMPLOMAR-PULIR PISO 9HP ","6593,64","","0,005","","3/1/2024 12:00:00 a. m.","1","","","",""
"ALB101","00","ESMERIL PORTATIL 7'" BOSCH 8500 RPM O SIM","316,19","","0,035","","3/1/2024 12:00:00 a. m.","1","TECNOFIX, C.A","","",""
"ALB102","00","CIZALLA TIPO TIJERA MANUAL 24'" RIDGID O ","72,25","","0,02","","3/1/2024 12:00:00 a. m.","1","FERRETOTAL CARACAS C.A. / SAVAKE","","",""
"ALB103","00","TARRAJA MANUAL HASTA 2'" Y ACCESORIOS","307,42","","0,005","","3/1/2024 12:00:00 a. m.","1","","","",""
"ALB104","00","TARRAJA - ROSCADORA ELECTRICA RIDGID MOD","4064,58","","0,002","","3/1/2024 12:00:00 a. m.","1","CAMPI FERRETERIA C.A.","","",""
"ALB105","00","INYECTOR ROTOJET","469,69","","0,0035","","3/1/2024 12:00:00 a. m.","1","","","",""
"ALB106","00","SAND BLASTING ARENADOR - 04 MAX.365PSI 2","113,46","","1","","3/1/2024 12:00:00 a. m.","1","HIDROVEN 2021 C.A. (HIDROJECT)","","",""
"ALB107","00","SIERRA DE MESA D=35 CM 8.5 HP PARA MADER","861,09","","0,006","","3/1/2024 12:00:00 a. m.","1","MAQUINARIAS GIANPRO C.A. - ALQUILER","","",""
"ALB108","00","CEPILLO DE CARPINTERO 15'" STANLEY O SIM","31,64","","0,03","","3/1/2024 12:00:00 a. m.","1","FERRETERIA DEL ESTE S.A.","","",""
"ALB109","00","SIERRA CIRCULAR ELECTRICA 2 1/8 HP D=7 1","171,66","","0,01","","3/1/2024 12:00:00 a. m.","1","ARFESA ARAGUA FERRETERA S.A.","","",""
"ALB110","00","LLAVE DE TUBO","58,74","","0,02","","3/1/2024 12:00:00 a. m.","1","FERRETERIA DEL ESTE S.A.","","",""
"ALB111","00","CORTADORA DE TUBOS MANUAL DIAMETROS 1/8'"","45,2","","0,03","","3/1/2024 12:00:00 a. m.","1","ARFESA ARAGUA FERRETERA S.A.","","",""
"ALB112","00","CARRETILLA CAP= 55 LT","127,32","","0,02","","3/1/2024 12:00:00 a. m.","1","FERRETERIA DEL ESTE S.A.","","",""
"ALB113","00","RODILLO GRANDE PARA EXTENDER GRANITO","297,48","","0,019","","3/1/2024 12:00:00 a. m.","1","FERRETERIA EL GRANITERO C.A.","","",""
"ALB114","00","PISTOLA DE FIJACION /CLAVOS HILTI DXA-41","903,25","","0,009","","3/1/2024 12:00:00 a. m.","1","HILTI VENEZUELA S.A.","","",""
"ALB115","00","LLAVES EN JUEGO / TIPO ALLEN 1/16 - 1/4'"","34,82","","0,01","","3/1/2024 12:00:00 a. m.","1","FERRETERIA DEL ESTE S.A.","","",""
"ALB116","00","JUEGO D/PLANTILLAS MET. P/DEMARCACION D/","19,5","","0,04","","3/1/2024 12:00:00 a. m.","1","","","",""
"ALB117","00","TANQUE DE ALMACENAMIENTO DE AGUA CAP=40.","7225,89","","0,0007","","3/1/2024 12:00:00 a. m.","1","EQUIPOS Y SISTEMAS HIDROCAVEN C.A","","",""
"ALB118","00","HIDROLIMPIADORA WATERBLAST 7.5HP-HIDROJE","1145,22","","0,0045","","3/1/2024 12:00:00 a. m.","1","HIDROVEN 2021 C.A. (HIDROJECT)","","",""
"ALB119","00","CORTADORA ELECT. DE METALES 1 3/8'" DISCO","756,96","","0,03","","3/1/2024 12:00:00 a. m.","1","TECNOFIX, C.A","","",""
"ALB120","00","DOBLADORA AUTOMATICA DE CABILLA HASTA 1 ","2258,12","","0,002","","3/1/2024 12:00:00 a. m.","1","MAQUINARIAS GIANPRO C.A. - ALQUILER","","",""
"ALB121","00","MARTILLO HIDRAULICO POCLAIN MOD. B-70 P/","39099,27","","0,0027","","3/1/2024 12:00:00 a. m.","1","","","",""
"ALB122","00","MARTILLO ELECTRICO DEMOLEDOR HILTI O SIM","1354,89","","0,005","","3/1/2024 12:00:00 a. m.","1","MAQUINARIAS GIANPRO C.A. - ALQUILER","","",""
"ALB123","00","SEÑORITA DE CADENA 5 TON","4,46","","1","","3/1/2024 12:00:00 a. m.","1","DISTRIBUIDORA DIMPERCA C.A.","","",""
"ALB124","00","FRESADORA TIPO UNIVERSAL CON ACCESORIOS","1509,16","","0,003","","3/1/2024 12:00:00 a. m.","1","","","",""
"ALB125","00","JUEGO DE LLAVES COMBINADAS 14 PZAS Y ALL","116,53","","0,006","","3/1/2024 12:00:00 a. m.","1","","","",""
"ALB126","00","EQUIPO SILK SCREEN","11,76","","1","","3/1/2024 12:00:00 a. m.","1","","","",""
"ALB127","00","JUEGO DE PUNZONES","55,99","","0,01","","3/1/2024 12:00:00 a. m.","1","","","",""
"ALB128","00","REGLA VIBRATORIA (EQUIPO LIVIANO MOTORIZ","4383,51","","0,005","","3/1/2024 12:00:00 a. m.","1","","","",""
"ALB129","00","VOLTIAMPERIMETRO TIPO PINZA DIGITAL","90,34","","0,03","","3/1/2024 12:00:00 a. m.","1","","","",""
"ALB130","00","KIT PARA FLEJE: FLEJADORA / SELLADOR (HE","293,57","","0,003","","3/1/2024 12:00:00 a. m.","1","INDUSTRIAS DE FLEJES Y GRAPAS C.A.","","",""
"ALB131","00","TENSOR TIPO RANA HASTA 4/0","132,06","","0,01","","3/1/2024 12:00:00 a. m.","1","","","",""
"ALB132","00","QUEMADOR, SOPLETE, MANGUERA, BOMBONA Y R","57,29","","0,09","","3/1/2024 12:00:00 a. m.","1","OXIGENO BELLO MONTE C.A.","","",""
"ALB133","00","MANGUERA PLASTICA D=1/2'" L=100 MTS (TIPO","85,79","","0,008","","3/1/2024 12:00:00 a. m.","1","","","",""
"ALB134","00","JUEGO DESTORNILLADORES 10 PZAS STANLEY","34,25","","0,015","","3/1/2024 12:00:00 a. m.","1","CAMPI FERRETERIA C.A.","","",""
"ALB135","00","CORTADOR DE VIDRIOS","15,42","","0,05","","3/1/2024 12:00:00 a. m.","1","ARFESA ARAGUA FERRETERA S.A.","","",""
"ALB136","00","NIVEL DE 3 BURBUJAS 14'" STANLEY","22,55","","0,011","","3/1/2024 12:00:00 a. m.","1","FERRETERIA DEL ESTE S.A.","","",""
"ALB137","00","SEGUETA AJUSTABLE STANLEY (ARCO)","23,17","","0,022","","3/1/2024 12:00:00 a. m.","1","FERRETERIA DEL ESTE S.A.","","",""
"ALB138","00","ESCUADRA METALICA ALUMINIO MARCA ESPN (6","13,54","","0,01","","3/1/2024 12:00:00 a. m.","1","FERRETERIA DEL ESTE S.A.","","",""
"ALB139","00","ROLLO DE GUARAL (PABILO)","1,44","","0,01","","3/1/2024 12:00:00 a. m.","1","","","",""
"ALB140","00","BOMBONA DE GAS / RECIPIENTE (SIN CONSUMI","2,49","","1","","3/1/2024 12:00:00 a. m.","1","GASES INDUSTRIALES DEL ESTE CA-GIE","","",""
"ALB141","00","SERRUCHO 26'"","12,4","","0,018","","3/1/2024 12:00:00 a. m.","1","ARFESA ARAGUA FERRETERA S.A.","","",""
"ALB142","00","MAQUINA PULIR Y EMPLOMAR GRANITO 1 HP EL","5419,43","","0,015","","3/1/2024 12:00:00 a. m.","1","FERRETERIA EL GRANITERO C.A.","","",""
"ALB143","00","LLAVES EN JUEGO COMBINADAS PULG. O MILIM","3,59","","1","","3/1/2024 12:00:00 a. m.","1","","","",""
"ALB144","00","JUEGO DE DESTORNILLADORES PLANOS Y ESTRI","32,57","","0,015","","3/1/2024 12:00:00 a. m.","1","ARFESA ARAGUA FERRETERA S.A.","","",""
"ALB145","00","EXTENSION ALUMINIO P/RODILLO 1,5 A 3 M P","16,71","","0,04","","3/1/2024 12:00:00 a. m.","1","CA VENEZOLANA DE PINTURAS/PINTACASA","","",""
"ALB146","00","TOBO PLASTICO CAP= 10 LT DE ALBAÑILERIA","10,86","","0,07","","3/1/2024 12:00:00 a. m.","1","FERRETERIA DEL ESTE S.A.","","",""
"ALB147","00","CINTA METRICA DE FIBRA 50 M","54,85","","0,01","","3/1/2024 12:00:00 a. m.","1","","","",""
"ALB148","00","CEPILLO CARRETERO MEDIANO NRO 14 P/BARRE","9,91","","0,03","","3/1/2024 12:00:00 a. m.","1","ARFESA ARAGUA FERRETERA S.A.","","",""
"ALB149","00","TENAZA CRESCENT DE 8'"","27,13","","0,01","","3/1/2024 12:00:00 a. m.","1","","","",""
"ALB150","00","VIBRADOR A GASOLINA 5 HP L=5 M MANGUERA/","1393,9","","0,009","","3/1/2024 12:00:00 a. m.","1","","","",""
"ALB151","00","EQUIPO P/DEMARCACION LINEAL","3483,29","","0,009","","3/1/2024 12:00:00 a. m.","1","","","",""
"ALB152","00","TIJERA PARA PODAR DE 12'"","15,76","","0,005","","3/1/2024 12:00:00 a. m.","1","FERRETOTAL CARACAS C.A. / SAVAKE","","",""
"ALB153","00","EQUIPO PARA PREPARAR BENTONITA","18,08","","1","","3/1/2024 12:00:00 a. m.","1","","","",""
"ALB154","00","CORTADORA DE TUBOS DE HIERRO HASTA D=6'"","18,08","","1","","3/1/2024 12:00:00 a. m.","1","","","",""
"ALB155","00","PALUSTRA ESPECIAL","9,05","","0,02","","3/1/2024 12:00:00 a. m.","1","EPA SUPERFERRETERIA","","",""
"ALB156","00","RATCHET 29 PIEZAS MARCA PROTO O SIMILAR","293,57","","0,01","","3/1/2024 12:00:00 a. m.","1","FERRETERIA DEL ESTE S.A.","","",""
"ALB157","00","MOTOCARRETON DUMPER, 17 HP,3000 RPM, RE=","21134,59","","0,003","","3/1/2024 12:00:00 a. m.","1","","","",""
"ALB158","00","REGLA DE ALBAÑIL (TUBO RECTO HIERRO 2X1)","27,84","","0,009","","3/1/2024 12:00:00 a. m.","1","","","",""
"ALB159","00","TIJERA PARA CORTAR LAMINAS","22,55","","0,01","","3/1/2024 12:00:00 a. m.","1","RAPIDFIX COMERCIALIZADORA /AKI","","",""
"ALB160","00","ESPATULA PARA ESQUINAS","3,5","","0,01","","3/1/2024 12:00:00 a. m.","1","","","",""
"ALB161","00","CRISOL  MEDIAÑO PARA FUNDIR PLOMO","63,26","","0,03","","3/1/2024 12:00:00 a. m.","1","CAMPI FERRETERIA C.A.","","",""
"ALB162","00","LLAVE AJUSTABLE 8'" ACCESA","15,42","","0,01","","3/1/2024 12:00:00 a. m.","1","FERRETERIA DEL ESTE S.A.","","",""
"ALB163","00","VIBRADOR CABEZAL D= 48 MM, ELECTRICO, L=","812,89","","0,0158","","3/1/2024 12:00:00 a. m.","1","","","",""
"ALB164","00","EQUIPO DE OXIACETILENO CON ACCESORIOS","4,56","","1","","3/1/2024 12:00:00 a. m.","1","OXIGENO BELLO MONTE C.A.","","",""
"ALB165","00","TALADRO PERCUTOR DE 1/2'"","6,39","","1","","3/1/2024 12:00:00 a. m.","1","DM Y ESTRUCTURAS C.A. (Andamios)","","",""
"ALB166","00","TALADRO PERCUTOR","5,44","","1","","3/1/2024 12:00:00 a. m.","1","DM Y ESTRUCTURAS C.A. (Andamios)","","",""
"ALB167","00","PALUSTRA LISA CON MANGO PLASTICO","5,44","","0,035","","3/1/2024 12:00:00 a. m.","1","EPA SUPERFERRETERIA","","",""
"ALB168","00","PALA PUNTA REDONDA CON CABO (EXCAVACION)","23,49","","0,034","","3/1/2024 12:00:00 a. m.","1","FERRETERIA DEL ESTE S.A.","","",""
"ALB169","00","CORTADORA ELECTRICA/HUMEDA DE PORCELANAT","31,64","","1","","3/1/2024 12:00:00 a. m.","1","","","",""
"ALB170","00","CORTADORA MANUAL PARA PORCELANATO","7,83","","1","","3/1/2024 12:00:00 a. m.","1","","","",""
"ALB172","00","PISTOLA / DISPENSADOR DE CARTUCHO DE SIL","2,37","","0,04","","3/1/2024 12:00:00 a. m.","1","EPA SUPERFERRETERIA","","",""
"ALB173","00","EQUIPO DE ALBAÑILERIA","9,05","","1","","3/1/2024 12:00:00 a. m.","1","","","",""
"ALB174","00","RATON / PALUSTRA P/REMATE ESQUINAS","8,14","","0,09","","3/1/2024 12:00:00 a. m.","1","EPA SUPERFERRETERIA","","",""
"ALB175","00","RATON CENTRAL / PALUSTRA P/JUNTA LOSAS","8,14","","0,09","","3/1/2024 12:00:00 a. m.","1","EPA SUPERFERRETERIA","","",""
"ALB176","00","MARTILLO TIPO BUJARDA","22,55","","0,01","","3/1/2024 12:00:00 a. m.","1","FERRETERIA DEL ESTE S.A.","","",""
"ALB177","00","MESA PARA CARPINTERO EN MADERA","56,49","","0,03","","3/1/2024 12:00:00 a. m.","1","ARFESA ARAGUA FERRETERA S.A.","","",""
"ALB178","00","MESA PARA ALBAÑIL EN MADERA 1,50 X 0,75 ","13,89","","0,03","","3/1/2024 12:00:00 a. m.","1","ARFESA ARAGUA FERRETERA S.A.","","",""
"ALB179","00","MESA PARA CABILLERO EN MADERA 1,50 X 6 M","112,97","","0,03","","3/1/2024 12:00:00 a. m.","1","ARFESA ARAGUA FERRETERA S.A.","","",""
"ALB180","00","MESA PARA HERRERO","75,03","","0,03","","3/1/2024 12:00:00 a. m.","1","ARFESA ARAGUA FERRETERA S.A.","","",""
"ALB181","00","PISTOLA PARA CALAFATEO (RELLENAR)","2,81","","0,02","","3/1/2024 12:00:00 a. m.","1","ARFESA ARAGUA FERRETERA S.A.","","",""
"ALB182","00","JUEGO DE PUNZONES P/PONCHADO","54,23","","0,01","","3/1/2024 12:00:00 a. m.","1","ARFESA ARAGUA FERRETERA S.A.","","",""
"ALB183","00","SERRUCHO PARA CORTES ESPECIALES","27,13","","0,02","","3/1/2024 12:00:00 a. m.","1","ARFESA ARAGUA FERRETERA S.A.","","",""
"ALB184","00","TAMBOR / PIPOTE DE 200 LTS","27,13","","0,02","","3/1/2024 12:00:00 a. m.","1","","","",""
"ALB185","00","GRAPADORA INDUSTRIAL MANUAL","33,23","","0,008","","3/1/2024 12:00:00 a. m.","1","","","",""
"ALB186","00","GRAPADORA INDUSTRIAL ELECTRICA","307,05","","0,008","","3/1/2024 12:00:00 a. m.","1","","","",""
"ALB187","00","HOJA DE SEGUETA","2,62","","0,104546","","3/1/2024 12:00:00 a. m.","1","","","",""
"ALB188","00","JUEGO DE MECHAS PARA TALADRO (MADERA)","16,81","","0,03","","3/1/2024 12:00:00 a. m.","1","","","",""
"ALB189","00","JUEGO DE MECHAS PARA TALADRO (METAL)","20,99","","0,03","","3/1/2024 12:00:00 a. m.","1","","","",""
"ALB190","00","CUCHARA PLANA IMPORTADA ALBAÑILERIA","22,1","","0,01","","3/1/2024 12:00:00 a. m.","1","","","",""
"ALB191","00","SIERRA MANUAL PARA CORTAR DRYWALL","9,91","","0,008","","3/1/2024 12:00:00 a. m.","1","EPA SUPERFERRETERIA","","",""
"ALB192","00","TIJERA PARA CORTE RECTO","34,87","","0,005","","3/1/2024 12:00:00 a. m.","1","FERRETOTAL CARACAS C.A. / SAVAKE","","",""
"ALB193","00","EXACTO PARA CORTAR","12,66","","0,005","","3/1/2024 12:00:00 a. m.","1","FERRETOTAL CARACAS C.A. / SAVAKE","","",""
"ALB194","00","BARRENADORA MANUAL HOYADORA P/HOYOS PEQU","17,97","","1","","3/1/2024 12:00:00 a. m.","1","","","",""
"ALB195","00","MANDARRIA  (SLEDGE HAMMER)","0,42","","1","","3/1/2024 12:00:00 a. m.","1","ARFESA ARAGUA FERRETERA S.A.","","",""
"ALB196","00","MARTILLO TIPO CARPINTERO CABO DE FIBRA I","27,13","","0,01","","3/1/2024 12:00:00 a. m.","1","FERRETERIA DEL ESTE S.A.","","",""
"ALB197","00","MARTILLO TIPO BOLA STANLEY O SIM IMPORTA","21,68","","0,01","","3/1/2024 12:00:00 a. m.","1","FERRETERIA DEL ESTE S.A.","","",""
"ALB198","00","PALA PUNTA RECTANGULAR BRONCE ANTICHISPA","153,55","","0,011","","3/1/2024 12:00:00 a. m.","1","FERRETERIA DEL ESTE S.A.","","",""
"ALB199","00","GUANTES PARA CONSTRUCCION (PAR)","2,72","","0,1","","3/1/2024 12:00:00 a. m.","1","","","",""
"ALB200","00","BARRENADORA MECANICA HOYADORA P/HOYOS PE","361,32","","1","","3/1/2024 12:00:00 a. m.","1","","","",""
"ALB201","00","CARRETILLA DE 180 LITROS RUEDA DE GOMA","439,88","","0,02","","3/1/2024 12:00:00 a. m.","1","","","",""
"ALB202","00","TOBO DE GOMA PARA ALBAÑIL","13,7","","0,067","","3/1/2024 12:00:00 a. m.","1","","","",""
"ARB001","00","EQUIPO PARA SIEMBRA","1,16","","1","","3/1/2024 12:00:00 a. m.","1","","","",""
"ARB002","00","HACHA DE 3,5 LIBRAS","16,29","","0,02","","3/1/2024 12:00:00 a. m.","1","","","",""
"ARB003","00","HERRAMIENTAS PARA DEFORESTACION A MANO","10,86","","0,09","","3/1/2024 12:00:00 a. m.","1","","","",""
"ARB004","00","MOTOSIERRA PEQUEÑA A GASOLINA","9,79","","1","","3/1/2024 12:00:00 a. m.","1","","","",""
"ARB005","00","SIERRA ELECTRICA DE MANO","4,46","","1","","3/1/2024 12:00:00 a. m.","1","","","",""
"ARB006","00","MOTOSIERRA GRANDE","6,54","","1","","3/1/2024 12:00:00 a. m.","1","","","",""
"ARB007","00","MACHETE ROZADOR DE 22'"","17,18","","0,01","","3/1/2024 12:00:00 a. m.","1","EPA SUPERFERRETERIA","","",""
"ARB008","00","EQUIPOS MENORES PARA DEFORESTACION","2,72","","1","","3/1/2024 12:00:00 a. m.","1","","","",""
"ARB009","00","EQUIPO PARA CORTE DE VEGETACION MANUAL","1,77","","1","","3/1/2024 12:00:00 a. m.","1","","","",""
"ARB010","00","ARNES DE SEGURIDAD P/TRABAJO EN ALTURA 1","0,84","","1","","3/1/2024 12:00:00 a. m.","1","DM Y ESTRUCTURAS C.A. (Andamios)","","",""
"ARB011","00","CORTADORA DE GRAMA 5.0 HP C/MOTOR A GASO","1625,84","","0,03","","3/1/2024 12:00:00 a. m.","1","","","",""
"ARB012","00","MACHETE LINIERO DE 22'"","19,51","","0,011","","3/1/2024 12:00:00 a. m.","1","FERRETERIA DEL ESTE S.A.","","",""
"ARB013","00","PODADORA DE GRAMA A GASOLINA","9,05","","1","","3/1/2024 12:00:00 a. m.","1","","","",""
"ARB014","00","RASTRILLO DE 16 DIENTES METALICO","4,63","","0,04","","3/1/2024 12:00:00 a. m.","1","EPA SUPERFERRETERIA","","",""
"ARB015","00","TIJERA DE PODAR DE 20'"","13,54","","0,04","","3/1/2024 12:00:00 a. m.","1","EPA SUPERFERRETERIA","","",""
"ARB016","00","HACHA GRANDE","25,13","","0,02","","3/1/2024 12:00:00 a. m.","1","FERRETOTAL CARACAS C.A. / SAVAKE","","",""
"ASF001","00","CAMION FIAT TIPO ROSCO IMPRIMADOR","406,46","","1","","3/1/2024 12:00:00 a. m.","1","","","",""
"ASF002","00","CAMION CON IMPRIMADOR ROSCO","31703,58","","0,0042","","3/1/2024 12:00:00 a. m.","1","","","",""
"ASF003","00","CORTADORA DE ASFALTO/CONCRETO","156,55","","1","","3/1/2024 12:00:00 a. m.","1","","","",""
"ASF004","00","CAMION F-8000 CON EQUIPO DE ENGRASE","135485,29","","0,0032","","3/1/2024 12:00:00 a. m.","1","","","",""
"ASF005","00","HERRAMIENTAS P/COLOCAR CONCRETO ASFALTIC","21,77","","1","","3/1/2024 12:00:00 a. m.","1","","","",""
"ASF006","00","FINISHER PARA ASFALTO CAT. MOD. AP 200 B","301364,23","","0,0025","","3/1/2024 12:00:00 a. m.","1","VENEQUIP - CONSORCIO DE COGESTION","","",""
"ASF007","00","FINISHER PAVIMENTADORA CAT AP 800C O SIM","1445,18","","1","","3/1/2024 12:00:00 a. m.","1","","","",""
"ASF008","00","GUILLOTINA PARA CORTE DE ASFALTO","254,49","","1","","3/1/2024 12:00:00 a. m.","1","","","",""
"ASF009","00","HERRAMIENTAS MENORES P/COLOCACION ASFALT","129,81","","0,04","","3/1/2024 12:00:00 a. m.","1","","","",""
"ASF010","00","HERRAMIENTAS PARA COLOCACION DE ASFALTO","39,15","","1","","3/1/2024 12:00:00 a. m.","1","","","",""
"ASF011","00","HERRAMIENTAS PARA COLOCACION DE IMPRIMAC","18,55","","0,05","","3/1/2024 12:00:00 a. m.","1","","","",""
"ASF012","00","MAQUINA DE CORTAR ASFALTO-CONCRETO","58710,29","","0,008","","3/1/2024 12:00:00 a. m.","1","","","",""
"ASF013","00","MAQUINA MEZCLADORA Y COLOCADORA DE SLURR","50177,96","","0,003","","3/1/2024 12:00:00 a. m.","1","","","",""
"ASF014","00","MINIFINISHER PARA ASFALTO LEE BOY MOD 90","13037,68","","0,00357","","3/1/2024 12:00:00 a. m.","1","","","",""
"ASF015","00","MOTOBARREDORA SUCCIONADORA DE AIRE JOHNS","19456,6","","0,0022","","3/1/2024 12:00:00 a. m.","1","GRUPO MAGNELEC C.A. (FERRETERIA)","","",""
"ASF016","00","PALIN ROMPEASFALTO PARA MARTILLO","429,04","","0,009","","3/1/2024 12:00:00 a. m.","1","","","",""
"ASF017","00","PERFILADORA DE ASFALTO WIRTGEN 1000 VC","15139,43","","0,007","","3/1/2024 12:00:00 a. m.","1","","","",""
"ASF018","00","PLANTA MEZCLADORA DE ASFALTO 250 TON","900178,71","","0,003785","","3/1/2024 12:00:00 a. m.","1","","","",""
"ASF019","00","FRESADORA DE ASFALTO WIRTGEN 100C O SIMI","34769,79","","0,00551","","3/1/2024 12:00:00 a. m.","1","","","",""
"ASF020","00","PERFORADORA CORE DRILL - EXCLUYE BROCA","45,2","","1","","3/1/2024 12:00:00 a. m.","1","","","",""
"ASF021","00","PUNTA P/ASFALTO (PALA 5'") MARTILLO NEUMA","83,48","","0,012","","3/1/2024 12:00:00 a. m.","1","MAQUINARIAS LARMAQ C.A.","","",""
"ASF022","00","RECUPERADORA DE ASFALTO CATERPILLAR RR-2","1806,47","","1","","3/1/2024 12:00:00 a. m.","1","","","",""
"ASF023","00","REGADOR DE ASFALTO CAP=600 GL MEPRE O SI","9791","","0,01","","3/1/2024 12:00:00 a. m.","1","","","",""
"ASF024","00","REGADOR DE ASFALTO CAP=600GL","7082,45","","0,01","","3/1/2024 12:00:00 a. m.","1","","","",""
"ASF025","00","TANQUE PARA EMULSION ASFALTICA (10.000 L","10254,77","","0,001","","3/1/2024 12:00:00 a. m.","1","","","",""
"ASF026","00","CADA MM DESGASTE BROCA DIAMANTE CORE DRI","6,79","","1","","3/1/2024 12:00:00 a. m.","1","","","",""
"ASF027","00","COMPACTADORA CAUCHOS/NEUMATICOS TAMPO","316,19","","1","","3/1/2024 12:00:00 a. m.","1","","","",""
"ASF028","00","MEDIDOR MANUAL DE ESPESOR DE ASFLATO","36,17","","0,009","","3/1/2024 12:00:00 a. m.","1","","","",""
"BOM001","00","BOMBA DE ACHIQUE MOTOR 5HP 2'" X 2'"","13,54","","1","","3/1/2024 12:00:00 a. m.","1","DM Y ESTRUCTURAS C.A. (Andamios)","","",""
"BOM002","00","BOMBA DE ACHIQUE CON MOTOR DE GASOLINA 7","16,29","","1","","3/1/2024 12:00:00 a. m.","1","MAQUINARIAS GIANPRO C.A. - ALQUILER","","",""
"BOM003","00","MOTOBOMBA AUTOCEBANTE PARA 4 '"","2224,66","","0,00457","","3/1/2024 12:00:00 a. m.","1","","","",""
"BOM004","00","BOMBA DE ACHIQUE 3'" X 3'" DIESEL 10 HP","18,08","","1","","3/1/2024 12:00:00 a. m.","1","DM Y ESTRUCTURAS C.A. (Andamios)","","",""
"BOM005","00","BOMBA HIDROSTATICA DE PRESION","9,05","","1","","3/1/2024 12:00:00 a. m.","1","","","",""
"BOM006","00","BOMBA MANUAL PARA PRUEBA HIDROSTATICA","9,05","","1","","3/1/2024 12:00:00 a. m.","1","","","",""
"BOM007","00","BOMBA P/CONCRETO-HORMIGON HASTA 35 MTS","316,19","","1","","3/1/2024 12:00:00 a. m.","1","","","",""
"BOM008","00","WELL POINT: BOMBAS, COLECTOR, MANGUERAS,","230,14","","1","","3/1/2024 12:00:00 a. m.","1","","","",""
"BOM009","00","SISTEMA BOMBEO TIPO: 200 LTS/SEG- 8'" CON","108,38","","1","","3/1/2024 12:00:00 a. m.","1","","","",""
"BOM010","00","ACCESORIOS PARA EQUIPO DE BOMBEO","8,73","","1","","3/1/2024 12:00:00 a. m.","1","","","",""
"BOM011","00","BOMBA DE ACHIQUE 4'" X 4'" DIESEL 12 HP","14,46","","1","","3/1/2024 12:00:00 a. m.","1","MAQUINARIAS GIANPRO C.A. - ALQUILER","","",""
"BOM012","00","BOMBA DE ACHIQUE 6'" X 6'" MOTOR DIESEL","95,92","","1","","3/1/2024 12:00:00 a. m.","1","MAQUINARIAS GIANPRO C.A. - ALQUILER","","",""
"BOM013","00","BOMBA DE ACHIQUE","10,86","","1","","3/1/2024 12:00:00 a. m.","1","MAQUINARIAS GIANPRO C.A. - ALQUILER","","",""
"BOM014","00","BOMBA, TUBO COLECTOR, MANGUERAS, PUNTAS ","153,55","","1","","3/1/2024 12:00:00 a. m.","1","","","",""
"BOM015","00","BOMBA HORIZONTAL PARA VACIADO DE CONCRET","153,42","","1","","3/1/2024 12:00:00 a. m.","1","","","",""
"BOM016","00","MANGUERAS Y ACCESORIOS PARA MOTOBOMBA 4'"","751,77","","0,0035","","3/1/2024 12:00:00 a. m.","1","","","",""
"BOM017","00","BOMBA HIDROSTATICA PRESION CAP=2000 LIBR","9,05","","1","","3/1/2024 12:00:00 a. m.","1","","","",""
"BOM018","00","BOMBA MANUAL PARA PRUEBAS HIDRAULICAS","87,28","","0,02","","3/1/2024 12:00:00 a. m.","1","","","",""
"BOM019","00","ACCESORIOS PARA ACHIQUE: MARACA, MANGUER","28,37","","0,04","","3/1/2024 12:00:00 a. m.","1","","","",""
"BOM020","00","BOMBA SUMERGIBLE DE 2'"","9,05","","1","","3/1/2024 12:00:00 a. m.","1","DM Y ESTRUCTURAS C.A. (Andamios)","","",""
"BOM021","00","BOMBA NEUMATICA P/PRUEBA HIDROSTATICA 10","271","","0,004","","3/1/2024 12:00:00 a. m.","1","CAMPI FERRETERIA C.A.","","",""
"BOM022","00","PLANTA TRATAMIENTO AGUAS NEGRAS 12M LT/D","4263,3","","0,00045","","3/1/2024 12:00:00 a. m.","1","","","",""
"BOM023","00","MANGUERAS, CONEXIONES Y ACCESORIOS","17,17","","0,004","","3/1/2024 12:00:00 a. m.","1","","","",""
"BOM024","00","BOMBA ACHIQUE 4'" X 4'" DIESEL 10 HP","858,09","","0,005","","3/1/2024 12:00:00 a. m.","1","MAQUINARIAS GIANPRO C.A. - ALQUILER","","",""
"BOM025","00","BOMBA ACHIQUE 4'" 10 HP AGUAS NEGRAS 220V","903,25","","0,005","","3/1/2024 12:00:00 a. m.","1","MAQUINARIAS GIANPRO C.A. - ALQUILER","","",""
"C-0007","00","EQUIPO DE ALBAÑILERIA","0,9","","1","","3/1/2024 12:00:00 a. m.","1","","","",""
"CAR001","00","EQUIPO DE CARPINTERIA PARA INSTALACION E","2,16","","1","","3/1/2024 12:00:00 a. m.","1","","","",""
"CAR002","00","PRENSA DE BANCO 4'" LOBSTER O SIMILAR","139,01","","0,0035","","3/1/2024 12:00:00 a. m.","1","","","",""
"CAR003","00","EQUIPOS PARA CARPINTERIA","1,49","","1","","3/1/2024 12:00:00 a. m.","1","","","",""
"CAR004","00","EQUIPOS VARIOS DE CARPINTERIA","77,97","","0,007","","3/1/2024 12:00:00 a. m.","1","","","",""
"CAR005","00","ESTRUCTURA DE SUJECION PROVISIONAL","1,93","","1","","3/1/2024 12:00:00 a. m.","1","","","",""
"CAR006","00","HERRAMIENTAS VARIAS","1,02","","1","","3/1/2024 12:00:00 a. m.","1","","","",""
"CAR007","00","HERRAMIENTAS PARA CARPINTERIA","1,02","","1","","3/1/2024 12:00:00 a. m.","1","","","",""
"CAR008","00","PLANTA TIPO 1 CARPINTERIA","1042,86","","0,005","","3/1/2024 12:00:00 a. m.","1","","","",""
"CAR009","00","TABLERO DE MADERA PARA ENTIBADO (3 USOS)","1,36","","0,33","","3/1/2024 12:00:00 a. m.","1","","","",""
"CAR010","00","SEGUETA AJUSTABLE (ARCO)","35,19","","0,022","","3/1/2024 12:00:00 a. m.","1","","","",""
"CAR011","00","TABLON DE MADERA (3 USOS)","1,5","","0,33","","3/1/2024 12:00:00 a. m.","1","","","",""
"CAR012","00","FORMALETAS PLASTICAS P/ENCOFRADO","0,72","","1","","3/1/2024 12:00:00 a. m.","1","","","",""
"CAR013","00","ENCOFRADO METALICO REUTILIZABLE","0,67","","1","","3/1/2024 12:00:00 a. m.","1","","","",""
"CAR014","00","SIERRA DE MESA CON MOTOR DE 5 HP 220 V","632,29","","0,006","","3/1/2024 12:00:00 a. m.","1","","","",""
"CAR015","00","SIERRA DE MESA CON MOTOR DE 8 HP","1917,78","","0,006","","3/1/2024 12:00:00 a. m.","1","","","",""
"CAR016","00","LIJADORA DE BANDA","115,68","","0,08","","3/1/2024 12:00:00 a. m.","1","","","",""
"CAR017","00","CONOS RECUPERABLES PARA ENCOFRADO","0,84","","0,02","","3/1/2024 12:00:00 a. m.","1","","","",""
"CAR018","00","SIERRA DE MESA","361,32","","0,004","","3/1/2024 12:00:00 a. m.","1","","","",""
"CAR019","00","EQUIPO MEDIANO DE CARPINTERIA","1,44","","1","","3/1/2024 12:00:00 a. m.","1","","","",""
"CAR020","00","SIERRA MOVIL PARA CORTE DE CONCRETO","2113,51","","0,0035","","3/1/2024 12:00:00 a. m.","1","","","",""
"CAR021","00","EQUIPO LIVIANO P/ CERRAJERIA","0,84","","1","","3/1/2024 12:00:00 a. m.","1","","","",""
"CAR022","00","CEPILLO DE CARPINTERO PARA MADERA","36,17","","0,03","","3/1/2024 12:00:00 a. m.","1","","","",""
"CAR023","00","CEPILLO PROFESIONAL DE CARPINTERIA","41,58","","0,02","","3/1/2024 12:00:00 a. m.","1","","","",""
"CAR024","00","CEPILLO DE CARPINTERO STANLEY O SIM","43,35","","0,03","","3/1/2024 12:00:00 a. m.","1","","","",""
"CAR025","00","CEPILLADORA ELECTRICA BLACK & DECKER 769","207,91","","0,005","","3/1/2024 12:00:00 a. m.","1","","","",""
"CAR026","00","EQUIPO PARA ENCOFRADO","1,77","","1","","3/1/2024 12:00:00 a. m.","1","","","",""
"CAR027","00","LLAVE TENSORA PARA PERROS DE ENCOFRADO","92,11","","0,02","","3/1/2024 12:00:00 a. m.","1","MAQUINARIAS CORTE, C.A.","","",""
"CAR028","00","PERROS PARA ENCOFRADO","0,3","","1","","3/1/2024 12:00:00 a. m.","1","MAQUINARIAS GIANPRO C.A. - ALQUILER","","",""
"CAR029","00","TROMPO ELECTRICO PARA MADERA","121,96","","0,006","","3/1/2024 12:00:00 a. m.","1","","","",""
"CAR030","00","LIJADORA DE BANDA RYOBI BG-424","112,91","","0,05","","3/1/2024 12:00:00 a. m.","1","","","",""
"CAR031","00","SIERRA CALADORA ELECTRICA","153,94","","0,005","","3/1/2024 12:00:00 a. m.","1","","","",""
"CAR032","00","PUNTAL METALICO EXTENSIBLE P/ENCOFRADO","0,34","","1","","3/1/2024 12:00:00 a. m.","1","DM Y ESTRUCTURAS C.A. (Andamios)","","",""
"CAR033","00","FORMALETA METALICA P/DEMARCACION VIAL","152,89","","0,004","","3/1/2024 12:00:00 a. m.","1","DM Y ESTRUCTURAS C.A. (Andamios)","","",""
"CAR034","00","LIJADORA ORBITAL RYOBI O SIMILAR","117,41","","0,05","","3/1/2024 12:00:00 a. m.","1","EPA SUPERFERRETERIA","","",""
"CAR035","00","LIJADORA DE BANDA/ALQUILER","1,77","","1","","3/1/2024 12:00:00 a. m.","1","","","",""
"CAR036","00","LIJADORA PARA PISO DE MADERA C/ANTIPOLVO","5,69","","1","","3/1/2024 12:00:00 a. m.","1","","","",""
"CAR037","00","FORMALETA P/LOSA RETICULAR 75X75","9,73","","0,004","","3/1/2024 12:00:00 a. m.","1","","","",""
"CAR038","00","FORMALETA P/LOSA RETICULAR 50X50","8,38","","0,004","","3/1/2024 12:00:00 a. m.","1","","","",""
"CAR039","00","CORBATAS CON CUÑA P/ENCOFRADO","0,5","","1","","3/1/2024 12:00:00 a. m.","1","MAQUINARIAS GIANPRO C.A. - ALQUILER","","",""
"CAR040","00","BASE PARA LIJAR A MANO","3,03","","0,033","","3/1/2024 12:00:00 a. m.","1","","","",""
"CAR041","00","CORBATA P/ENCOFRAR COLUMNA JGO 4 UNID L=","6,46","","0,01","","3/1/2024 12:00:00 a. m.","1","","","",""
"CAR042","00","CEPILLO/ CEPILLADORA ELECTRICA P/MADERA","4,46","","1","","3/1/2024 12:00:00 a. m.","1","","","",""
"CAR043","00","FORMALETA METALICA PARA ENCOFRADO L=6 M","166,75","","0,01","","3/1/2024 12:00:00 a. m.","1","","","",""
"CAR044","00","LIMA METALICA MANUAL 12'"","8,14","","0,01","","3/1/2024 12:00:00 a. m.","1","","","",""
"COM001","00","EQUIPO PARA ALBAÑILERIA","24,98","","1","","3/1/2024 12:00:00 a. m.","1","","","",""
"COM002","00","EQUIPO BASICO PARA ALBAÑIL","13,71","","1","","3/1/2024 12:00:00 a. m.","1","","","",""
"COM003","00","EQUIPO PARA MONTAJE DE TUBERIA DE HF DUC","18,47","","1","","3/1/2024 12:00:00 a. m.","1","","","",""
"COM004","00","EQUIPO DE SEGURIDAD PARA SOLDADURA","3,55","","1","","3/1/2024 12:00:00 a. m.","1","","","",""
"COM005","00","EQUIPO TIPO PLOMERIA H.G.","7,56","","1","","3/1/2024 12:00:00 a. m.","1","","","",""
"COM006","00","EQUIPO TIPO DE TOPOGRAFIA","35,25","","1","","3/1/2024 12:00:00 a. m.","1","","","",""
"COM007","00","EQUIPO TIPO DE ELECTRICIDAD","7,97","","1","","3/1/2024 12:00:00 a. m.","1","","","",""
"COM008","00","EQUIPO TIPO PARA CABILLA","24,91","","1","","3/1/2024 12:00:00 a. m.","1","","","",""
"COM009","00","EQUIPO TIPO ALBAÑILERIA","13,08","","1","","3/1/2024 12:00:00 a. m.","1","","","",""
"COM010","00","EQUIPO PARA COLOCACION DE CONCRETO","45,44","","1","","3/1/2024 12:00:00 a. m.","1","","","",""
"COM011","00","EQUIPO P/MOVIMIENTO DE TIERRA MANUAL","23,11","","1","","3/1/2024 12:00:00 a. m.","1","","","",""
"COM012","00","EQUIPO PARA DEMOLICION MANUAL","22,52","","1","","3/1/2024 12:00:00 a. m.","1","","","",""
"COM013","00","EQUIPO DE SEÑALIZACION DIURNO","15,25","","1","","3/1/2024 12:00:00 a. m.","1","","","",""
"COM014","00","EQUIPO MENOR BASICO PARA UN OBRERO","12,77","","1","","3/1/2024 12:00:00 a. m.","1","","","",""
"COM015","00","EQUIPO LIVIANO DE TALLER HERRERIA","47,8","","1","","3/1/2024 12:00:00 a. m.","1","","","",""
"COM016","00","EQUIPO PARA IMPERMEABILIZACION","13,2","","1","","3/1/2024 12:00:00 a. m.","1","","","",""
"COM017","00","EQUIPO MENOR PARA EXCAVACION Y CARGA MAN","11,84","","1","","3/1/2024 12:00:00 a. m.","1","","","",""
"COM018","00","CAMION CISTERNA CAP= 10 M3  CON BOMBA 2'"","250,65","","1","","3/1/2024 12:00:00 a. m.","1","","","",""
"COM019","00","CAMION PLATAFORMA 35 TON 8 M3 CON ESCOLT","589,03","","1","","3/1/2024 12:00:00 a. m.","1","","","",""
"COM020","00","EQUIPO MENOR PARA UN OBRERO (EXCAVACION)","7,43","","1","","3/1/2024 12:00:00 a. m.","1","","","",""
"COM021","00","EQUIPO LIVIANO DE PINTURA PARED P/UN PIN","2,7","","1","","3/1/2024 12:00:00 a. m.","1","","","",""
"COM022","00","HERRAMIENTAS MENORES PARA SOLDAR","1,73","","1","","3/1/2024 12:00:00 a. m.","1","","","",""
"COM023","00","HERRAMIENTAS DE PLOMERIA","7,46","","1","","3/1/2024 12:00:00 a. m.","1","","","",""
"COM024","00","JUEGO DE PALA, PICO Y CARRETILLA","4,1","","1","","3/1/2024 12:00:00 a. m.","1","","","",""
"COM025","00","JUEGO DE PALA, PICO Y MACHETE","1,76","","1","","3/1/2024 12:00:00 a. m.","1","","","",""
"COM026","00","JGO PALA, CUCHARA, PALA, CARRETILLA","3,97","","1","","3/1/2024 12:00:00 a. m.","1","","","",""
"COM027","00","HERRAMIENTAS P/CORTAR Y DOBLAR CABILLA","29,59","","1","","3/1/2024 12:00:00 a. m.","1","","","",""
"COM028","00","HERRAMIENTAS PARA INSTALAR TUBERIA PEAD","1,64","","1","","3/1/2024 12:00:00 a. m.","1","","","",""
"COM029","00","HERRAMIENTAS PARA CARPINTERIA","2,56","","1","","3/1/2024 12:00:00 a. m.","1","","","",""
"COM030","00","HERRAMIENTAS PARA ELECTRICISTA","17,4","","1","","3/1/2024 12:00:00 a. m.","1","","","",""
"COM031","00","HERRAMIENTAS VARIAS","1,57","","1","","3/1/2024 12:00:00 a. m.","1","","","",""
"COM032","00","HERRAMIENTAS PARA COLOCACION DE ASFALTO","6,75","","1","","3/1/2024 12:00:00 a. m.","1","","","",""
"COM033","00","EQUIPOS MENORES PARA DEFORESTACION","1,82","","1","","3/1/2024 12:00:00 a. m.","1","","","",""
"CON001","00","EQUIPO Y HERRAM. P/PUESTA OBRA CONCRETO","2,72","","1","","3/1/2024 12:00:00 a. m.","1","","","",""
"CON002","00","EQUIPO Y HERRAM. P/TRAB. ELAB. CONCRETO","6,39","","1","","3/1/2024 12:00:00 a. m.","1","","","",""
"CON003","00","HERRAMIENTAS PUESTA EN OBRA CONCRETO","78,27","","0,09","","3/1/2024 12:00:00 a. m.","1","","","",""
"CON004","00","HERRAMIENTAS PARA PUESTA OBRA CONCRETO","90,34","","0,08","","3/1/2024 12:00:00 a. m.","1","","","",""
"CON005","00","HERRAMIENTAS P/PREPARACION OBRA CONCRETO","22,84","","0,03","","3/1/2024 12:00:00 a. m.","1","","","",""
"CON006","00","MAQUINARIA Y HERR. P/TRABAJO CON CONCRET","762,09","","0,04","","3/1/2024 12:00:00 a. m.","1","","","",""
"CON007","00","MEZCLADORA P/CONCRETO CAP=0,40 M3 12,2 H","2709,74","","0,007","","3/1/2024 12:00:00 a. m.","1","","","",""
"CON008","00","PLANTA TIPO 3 PUESTA OBRA CONCRETO","3613,06","","0,002","","3/1/2024 12:00:00 a. m.","1","","","",""
"CON009","00","PLANTA PREPARACION CONCRETO","8322,17","","0,00455","","3/1/2024 12:00:00 a. m.","1","","","",""
"CON010","00","PLANTA P/CONCRETO SUMIDEROS-CUNETAS-BROC","225,84","","1","","3/1/2024 12:00:00 a. m.","1","","","",""
"CON011","00","PLANTA PARA CONCRETO BROCALES-CUNETAS-SU","36129,45","","0,0037","","3/1/2024 12:00:00 a. m.","1","","","",""
"CON012","00","VIBRADOR P/CONCRETO C/MANGUERA-CABEZAL","2087,78","","0,03","","3/1/2024 12:00:00 a. m.","1","","","",""
"CON013","00","MEZCLADORA P/CONCRETO CAP=0,55 M3 (DIESE","1987,12","","0,007","","3/1/2024 12:00:00 a. m.","1","","","",""
"CON014","00","MEZCLADORA P/CONCRETO (TROMPO) 220 LTS","23,49","","1","","3/1/2024 12:00:00 a. m.","1","MPA MAQUINARIAS -SUCURSAL","","",""
"CON015","00","MEZCLADORA PLANTA DOSIFICADORA 65 M3/HR","667647,51","","0,003","","3/1/2024 12:00:00 a. m.","1","GENPAR / IMPEXPAR C.A. MAQ CONST.","","",""
"CON016","00","MEZCLADORA P/CONCRETO CAP=0,75 M3 30 HP ","7707,91","","0,009","","3/1/2024 12:00:00 a. m.","1","","","",""
"CON017","00","TOLVA PARA SAND BLASTING","298,89","","0,02","","3/1/2024 12:00:00 a. m.","1","","","",""
"CON018","00","MANGUERA ARENAL 1 1/4'" SAND BLASTING","53,65","","0,03","","3/1/2024 12:00:00 a. m.","1","","","",""
"CON019","00","ACCESORIO PARA EQUIPO SAND BLASTING","993,56","","0,04","","3/1/2024 12:00:00 a. m.","1","","","",""
"CON020","00","MEZCLADORA P/CONCRETO-TROMPO DE 550 LT","22,55","","1","","3/1/2024 12:00:00 a. m.","1","ARRENDAMIENTO SAN FRANCISCO C.A.","","",""
"CON021","00","VIBRADOR A GASOLINA PARA CONCRETO","15,85","","1","","3/1/2024 12:00:00 a. m.","1","","","",""
"CON022","00","VIBRADOR ELECTRICO PARA CONCRETO","14,46","","1","","3/1/2024 12:00:00 a. m.","1","DM Y ESTRUCTURAS C.A. (Andamios)","","",""
"CON023","00","MEZCLADORA P/CONCRETO-TROMPO ELECTRICO 1","2167,77","","0,007","","3/1/2024 12:00:00 a. m.","1","DM Y ESTRUCTURAS C.A. (Andamios)","","",""
"CON024","00","MEZCLADORA P/CONCRETO DE 220 LTS (TROMPO","22,55","","1","","3/1/2024 12:00:00 a. m.","1","DM Y ESTRUCTURAS C.A. (Andamios)","","",""
"CON025","00","EQUIPO P/SAND BLASTING: TOLVA, MANGUERAS","8219,05","","0,009","","3/1/2024 12:00:00 a. m.","1","","","",""
"CON026","00","SAMBRON / MOTOCARRETON","81,31","","1","","3/1/2024 12:00:00 a. m.","1","","","",""
"CON027","00","VIBRADOR DIESEL 8 HP MANG. 4.6 M CABZ 38","2072,02","","0,014","","3/1/2024 12:00:00 a. m.","1","","","",""
"CON028","00","VIBRADOR DIESEL 8 HP MANG. 7 M CABZ 38 M","4909,64","","0,014","","3/1/2024 12:00:00 a. m.","1","","","",""
"CON029","00","ENVOLTURA CONTROL ESPARCIMIENTO ARENA SA","35,19","","1","","3/1/2024 12:00:00 a. m.","1","","","",""
"CON030","00","CORTADORA DE CONCRETO/ASFALTO (TIPO SIER","78,27","","1","","3/1/2024 12:00:00 a. m.","1","DISTRIBUIDORA DIMPERCA C.A.","","",""
"CON031","00","PROYECTOR DE CONCRETO","1627,4","","0,003","","3/1/2024 12:00:00 a. m.","1","","","",""
"CON032","00","MEZCLADORA P/CONCRETO TIPO FRANKI","62256,64","","0,0045","","3/1/2024 12:00:00 a. m.","1","","","",""
"CON033","00","MOTOBOMBEADORA","27013,67","","0,0028","","3/1/2024 12:00:00 a. m.","1","RESANCIL C.A","","",""
"CON034","00","VIBRADOR P/CONCRETO MOTOR DIESEL","15,42","","1","","3/1/2024 12:00:00 a. m.","1","MPA MAQUINARIAS -SUCURSAL","","",""
"CON035","00","PLANTA DOSIFICADORA Y MEZCLADORA  AUTOM.","821902,33","","0,004","","3/1/2024 12:00:00 a. m.","1","M.P.C. EQUIPOS Y MAQUINARIAS C.A.","","",""
"CON036","00","ALISADOR DE PISOS DE CONCRETO / HELICOPT","23,76","","1","","3/1/2024 12:00:00 a. m.","1","MPA MAQUINARIAS PARA ALQUILAR C.A.","","",""
"CON037","00","EQUIPO MENOR DE VACIADO DE CONCRETO","9,91","","1","","3/1/2024 12:00:00 a. m.","1","","","",""
"CON038","00","EQUIPO MENOR P/VACIADO CONCRETO CON BOMB","13,54","","1","","3/1/2024 12:00:00 a. m.","1","","","",""
"CON039","00","EQUIPO MENOR PARA  ALCANT. CONCRETO/MORT","3,59","","1","","3/1/2024 12:00:00 a. m.","1","","","",""
"CON040","00","BOMBA PARA CONCRETO 25 M3/HR","108388,26","","0,0025","","3/1/2024 12:00:00 a. m.","1","RESANCIL C.A","","",""
"CON041","00","VIBRADOR PARA CONCRETO","1028,89","","0,0095","","3/1/2024 12:00:00 a. m.","1","","","",""
"CON042","00","HORA DE PLANTA CONCRETO PC-750-18 M3/HR ","62904","","0,00112","","3/1/2024 12:00:00 a. m.","1","MAQUINARIAS GIANPRO C.A. - ALQUILER","","",""
"CON043","00","CORTADORA DE CABILLA HASTA D=1 3/8'" AUTO","3091,94","","0,003","","3/1/2024 12:00:00 a. m.","1","MAQUINARIAS GIANPRO C.A. - ALQUILER","","",""
"CON044","00","DOBLADORA DE CABILLA CON DIAMETRO INFERI","430,53","","0,01","","3/1/2024 12:00:00 a. m.","1","","","",""
"CON045","00","CORTADORA DE CABILLAS","8,14","","1","","3/1/2024 12:00:00 a. m.","1","","","",""
"CON046","00","EQUIPO P/ENCOFRADO ELEMENT. ESTRUCTURALE","2,27","","1","","3/1/2024 12:00:00 a. m.","1","","","",""
"CON047","00","CARRETON BUGGI 180 LT RUEDAS DE GOMA","722,63","","0,005","","3/1/2024 12:00:00 a. m.","1","MAQUINARIAS GIANPRO C.A. - ALQUILER","","",""
"CON048","00","MEZCLADORA P/CONCRETO TROMPO 360 LT","27,13","","1","","3/1/2024 12:00:00 a. m.","1","DM Y ESTRUCTURAS C.A. (Andamios)","","",""
"CON049","00","MOTOCARRETON / MOTOCARRETILLA","90,34","","1","","3/1/2024 12:00:00 a. m.","1","MPA MAQUINARIAS -SUCURSAL","","",""
"CON050","00","SILO SUMINISTRADO POR CEMENTERA LAPSO TO","138,94","","1","","3/1/2024 12:00:00 a. m.","1","VENEZOLANA DE CEMENTOS SACA","","",""
"CON051","00","MEZCLADORA P/CONCRETO TROMPO 360 L 8HP G","1987,12","","0,007","","3/1/2024 12:00:00 a. m.","1","EPA SUPERFERRETERIA","","",""
"CON052","00","CIZALLA UNIVERSAL PUNZADORA OMERA 3HP O ","3796,42","","0,003","","3/1/2024 12:00:00 a. m.","1","","","",""
"CON053","00","CIZALLA MANUAL P/CORTE DE ACERO/CABILLA","130,09","","0,02","","3/1/2024 12:00:00 a. m.","1","","","",""
"CON054","00","EQUIPO MEDIANO CABILLERO","2,22","","1","","3/1/2024 12:00:00 a. m.","1","","","",""
"CON055","00","EQUIPO MENOR PARA TENSADO Y ARMADO C/U","4,46","","1","","3/1/2024 12:00:00 a. m.","1","","","",""
"CON056","00","DESGASTE DE CORTADORA DE CONCRETO CADA M","4,46","","1","","3/1/2024 12:00:00 a. m.","1","ALQUIHERRAMIENTAS 2112 C.A.","","",""
"CON057","00","BOMBA DE PLUMA-JIRAFA P/CONCRETO","271","","1","","3/1/2024 12:00:00 a. m.","1","VENEZOLANA DE CEMENTOS SACA","","",""
"CON058","00","BOMBA ESTACIONARIA P/CONCRETO","180,66","","1","","3/1/2024 12:00:00 a. m.","1","VENEZOLANA DE CEMENTOS SACA","","",""
"CON059","00","BOMBA DE PLUMA-JIRAFA P/CONCRETO HASTA 4","334,18","","1","","3/1/2024 12:00:00 a. m.","1","VENEZOLANA DE CEMENTOS SACA","","",""
"CON060","00","MEZCLADORA P/CONCRETO 6 HP (DIESEL)","3612,95","","0,009","","3/1/2024 12:00:00 a. m.","1","EPA SUPERFERRETERIA","","",""
"CON061","00","CORTADORA DE CONCRETO 14'" TIPO CARRO","54,23","","1","","3/1/2024 12:00:00 a. m.","1","DISTRIBUIDORA DIMPERCA C.A.","","",""
"CON062","00","DOBLADORA MANUAL DE CABILLA / ESTRIBOS","458,74","","0,00672","","3/1/2024 12:00:00 a. m.","1","","","",""
"COP001","00","TRACTOR CAT D-9 R US SIN RIPPER O SIMILA","718447,69","","0,002933","","3/1/2024 12:00:00 a. m.","1","VENEQUIP - CONSORCIO DE COGESTION","","",""
"COP002","00","TRACTOR CAT D-9 R DS CON RIPPER O SIM","1051158,85","","0,001965","","3/1/2024 12:00:00 a. m.","1","VENEQUIP - CONSORCIO DE COGESTION","","",""
"COP003","00","TRACTOR CAT D-8 R US SIN RIPPER O SIM","554492,23","","0,002155","","3/1/2024 12:00:00 a. m.","1","VENEQUIP - CONSORCIO DE COGESTION","","",""
"COP004","00","TRACTOR CAT D-8 R US CON RIPPER O SIM","594098,82","","0,002249","","3/1/2024 12:00:00 a. m.","1","VENEQUIP - CONSORCIO DE COGESTION","","",""
"COP005","00","TRACTOR CAT D-7 R O SIM ","514885,69","","0,002049","","3/1/2024 12:00:00 a. m.","1","VENEQUIP - CONSORCIO DE COGESTION","","",""
"COP006","00","CARGADOR DE ORUGAS CAT 933-C 1,3 CY O SI","95055,82","","0,002579","","3/1/2024 12:00:00 a. m.","1","VENEQUIP - CONSORCIO DE COGESTION","","",""
"COP007","00","CARGADOR DE ORUGAS CAT 963-B 3,0 M3 O SI","590940,55","","0,001911","","3/1/2024 12:00:00 a. m.","1","VENEQUIP - CONSORCIO DE COGESTION","","",""
"COP008","00","CARGADOR DE ORUGAS CAT 953-C 2,25 CY O S","450022,75","","0,001848","","3/1/2024 12:00:00 a. m.","1","VENEQUIP - CONSORCIO DE COGESTION","","",""
"COP009","00","CARGADOR DE CAUCHOS CAT 966-F (5,00 C Y)","221692,15","","0,002626","","3/1/2024 12:00:00 a. m.","1","VENEQUIP - CONSORCIO DE COGESTION","","",""
"COP010","00","CARGADOR DE CAUCHOS CAT 950-F (4,00 C.Y)","152089,26","","0,002605","","3/1/2024 12:00:00 a. m.","1","VENEQUIP - CONSORCIO DE COGESTION","","",""
"COP011","00","CARGADOR DE CAUCHOS CAT 988-F (8,0 CYD) ","424582,64","","0,002608","","3/1/2024 12:00:00 a. m.","1","VENEQUIP - CONSORCIO DE COGESTION","","",""
"COP012","00","CARGADOR DE ORUGAS CAT 973 (3,75 CY) SIM","455412,39","","0,002431","","3/1/2024 12:00:00 a. m.","1","VENEQUIP - CONSORCIO DE COGESTION","","",""
"COP013","00","MOTOTRAILLA CAT 631E (31 YD3)","1249983,94","","0,00181","","3/1/2024 12:00:00 a. m.","1","VENEQUIP - CONSORCIO DE COGESTION","","",""
"COP014","00","BALLENA CAT 613-11 CY CISTERNA","316852,71","","0,002506","","3/1/2024 12:00:00 a. m.","1","VENEQUIP - CONSORCIO DE COGESTION","","",""
"COP015","00","MOTONIVELADORA (PATROL) CAT 140 H","397883,82","","0,00167","","3/1/2024 12:00:00 a. m.","1","VENEQUIP - CONSORCIO DE COGESTION","","",""
"COP016","00","MOTONIVELADORA (PATROL) CAT 12-H O SIM.","366598,57","","0,001678","","3/1/2024 12:00:00 a. m.","1","VENEQUIP - CONSORCIO DE COGESTION","","",""
"COP017","00","EXCAVADORA CAT 325 BL O SIM (1,5 M3)","423632,04","","0,002182","","3/1/2024 12:00:00 a. m.","1","VENEQUIP - CONSORCIO DE COGESTION","","",""
"COP018","00","EXCAVADORA CAT 320 B O SIM (1,4 M3)","347745,84","","0,002076","","3/1/2024 12:00:00 a. m.","1","VENEQUIP - CONSORCIO DE COGESTION","","",""
"COP019","00","COMPACTADORA RODILLO CAT 825 C PATA DE C","335886,02","","0,003012","","3/1/2024 12:00:00 a. m.","1","GRUPO MAGNELEC C.A. (FERRETERIA)","","",""
"COP020","00","COMPACTADOR DE RODILLO CAT 815 C PATA DE","661396,79","","0,001925","","3/1/2024 12:00:00 a. m.","1","GRUPO MAGNELEC C.A. (FERRETERIA)","","",""
"COP021","00","COMPACTADORA DE RODILLO CAT 534 C","211149,05","","0,002244","","3/1/2024 12:00:00 a. m.","1","GRUPO MAGNELEC C.A. (FERRETERIA)","","",""
"COP022","00","COMPACTADORA DE RODILLO CAT 214 C","67053,99","","0,002042","","3/1/2024 12:00:00 a. m.","1","GRUPO MAGNELEC C.A. (FERRETERIA)","","",""
"COP023","00","COMPACTADORA CAUCHOS TAMPO CAT PS-200-B ","121838,58","","0,002331","","3/1/2024 12:00:00 a. m.","1","VENEQUIP - CONSORCIO DE COGESTION","","",""
"COP024","00","FINISHER PAVIMENTADORA ASFALTO CAT MOD. ","514885,69","","0,002758","","3/1/2024 12:00:00 a. m.","1","VENEQUIP - CONSORCIO DE COGESTION","","",""
"COP025","00","TIENDE TUBOS (SIDE BOOM) CAT 572-G 40 TO","534688,9","","0,001706","","3/1/2024 12:00:00 a. m.","1","VENEQUIP - CONSORCIO DE COGESTION","","",""
"COP026","00","PERFILADORA DE ASFALTO CAT PR-450-C","968777,14","","0,003031","","3/1/2024 12:00:00 a. m.","1","VENEQUIP - CONSORCIO DE COGESTION","","",""
"COP027","00","RECUPERADORA DE ASFALTO CAT RR-250-B","654581,25","","0,002821","","3/1/2024 12:00:00 a. m.","1","VENEQUIP - CONSORCIO DE COGESTION","","",""
"COP028","00","PAVIMENTADORA ASFALTO CAT AP 800 C","1029771,29","","0,002357","","3/1/2024 12:00:00 a. m.","1","VENEQUIP - CONSORCIO DE COGESTION","","",""
"COP029","00","TRACTOR CAT D-6 R O SIM","229718,25","","0,002424","","3/1/2024 12:00:00 a. m.","1","VENEQUIP - CONSORCIO DE COGESTION","","",""
"COP030","00","PAVIMENTADORA DE ASFALTO CAT AP 1050 B","1188197,65","","0,0023","","3/1/2024 12:00:00 a. m.","1","VENEQUIP - CONSORCIO DE COGESTION","","",""
"COP031","00","RIPPER PARA TRACTOR CAT D-9","60994,14","","0,003516","","3/1/2024 12:00:00 a. m.","1","VENEQUIP - CONSORCIO DE COGESTION","","",""
"COP032","00","RIPPER PARA TRACTOR CAT D-8","53468,91","","0,003492","","3/1/2024 12:00:00 a. m.","1","GRUPO MAGNELEC C.A. (FERRETERIA)","","",""
"COP033","00","CAMION ROQUERO EUCLID MOD. R-35 CAP 17 M","278355,12","","0,002344","","3/1/2024 12:00:00 a. m.","1","VENEQUIP - CONSORCIO DE COGESTION","","",""
"COP034","00","PERFILADORA DE ASFALTO WIRTGEN 1900 DC","134662,38","","0,007451","","3/1/2024 12:00:00 a. m.","1","VENEQUIP - CONSORCIO DE COGESTION","","",""
"COP035","00","RECUPERADORA DE ASFALTO CMI RS-500","419829,84","","0,003392","","3/1/2024 12:00:00 a. m.","1","VENEQUIP - CONSORCIO DE COGESTION","","",""
"COP036","00","EXCAVADORA O&K RH-30","594098,82","","0,002573","","3/1/2024 12:00:00 a. m.","1","VENEQUIP - CONSORCIO DE COGESTION","","",""
"COP037","00","PLANTA DE ASFALTO CEDARAPIDS MOD. H50C E","427751,21","","0,002224","","3/1/2024 12:00:00 a. m.","1","VENEQUIP - CONSORCIO DE COGESTION","","",""
"COP038","00","MINICARGADOR MINISHOVEL BOBCAT 763 (0,38","26932,52","","0,003778","","3/1/2024 12:00:00 a. m.","1","VENEQUIP - CONSORCIO DE COGESTION","","",""
"COP040","00","FINISHER ASFALTO CAT MOD. AP 200 C","484150,92","","0,002248","","3/1/2024 12:00:00 a. m.","1","VENEQUIP - CONSORCIO DE COGESTION","","",""
"COP041","00","MINIFINISHER ASFALTO LEE BOY MODELO 900","34457,77","","0,003781","","3/1/2024 12:00:00 a. m.","1","VENEQUIP - CONSORCIO DE COGESTION","","",""
"COP042","00","EXCAVADORA (JUMBO) CASE 9050 B","252690,04","","0,003478","","3/1/2024 12:00:00 a. m.","1","VENEQUIP - CONSORCIO DE COGESTION","","",""
"COP043","00","EXCAVADORA (JUMBO) CASE 9030 B","163654,42","","0,003382","","3/1/2024 12:00:00 a. m.","1","VENEQUIP - CONSORCIO DE COGESTION","","",""
"COP045","00","CAMIONETA FORD F-150 (SERVICIO AL TALLER","43963,32","","0,002743","","3/1/2024 12:00:00 a. m.","1","VENEQUIP - CONSORCIO DE COGESTION","","",""
"COP046","00","CAMION FORD F- 350 ENGRASE LIVIANO","47527,92","","0,003415","","3/1/2024 12:00:00 a. m.","1","VENEQUIP - CONSORCIO DE COGESTION","","",""
"COP047","00","CAMION FORD F- 350 SERVICIO AL CAMPO","51488,57","","0,003317","","3/1/2024 12:00:00 a. m.","1","VENEQUIP - CONSORCIO DE COGESTION","","",""
"COP048","00","CAMION FORD F350 TECHADO CON ZORRA","47527,92","","0,003415","","3/1/2024 12:00:00 a. m.","1","VENEQUIP - CONSORCIO DE COGESTION","","",""
"COP049","00","CAMION FORD F- 350 CON TECHO, LONA Y BAN","42775,14","","0,003623","","3/1/2024 12:00:00 a. m.","1","VENEQUIP - CONSORCIO DE COGESTION","","",""
"COP050","00","CAMION FORD F- 7000 ENGRASE","167139,81","","0,00191","","3/1/2024 12:00:00 a. m.","1","VENEQUIP - CONSORCIO DE COGESTION","","",""
"COP051","00","CAMION FORD F- 7000 ESTACAS","68915,5","","0,002487","","3/1/2024 12:00:00 a. m.","1","VENEQUIP - CONSORCIO DE COGESTION","","",""
"COP052","00","CAMION FORD F- 7000 VOLTEO (6 M3)","80005,32","","0,002532","","3/1/2024 12:00:00 a. m.","1","VENEQUIP - CONSORCIO DE COGESTION","","",""
"COP053","00","CAMION CISTERNA IVECO MP 190 E31H 20 TON","170308,32","","0,002535","","3/1/2024 12:00:00 a. m.","1","VENEQUIP - CONSORCIO DE COGESTION","","",""
"COP055","00","CAMION IVECO IMPRIMADOR ROSCO MP 190 31H","83728,37","","0,003427","","3/1/2024 12:00:00 a. m.","1","VENEQUIP - CONSORCIO DE COGESTION","","",""
"COP056","00","CAMION IVECO MP190 E-31H 20 TON 13000 LT","86342,36","","0,003373","","3/1/2024 12:00:00 a. m.","1","VENEQUIP - CONSORCIO DE COGESTION","","",""
"COP057","00","CAMION IVECO MP-380-E37 H ROQUERO (CAP 2","175061,09","","0,002631","","3/1/2024 12:00:00 a. m.","1","VENEQUIP - CONSORCIO DE COGESTION","","",""
"COP058","00","CAMION IVECO MP-380-E37 H VOLTEO 15 M3/2","166347,65","","0,002896","","3/1/2024 12:00:00 a. m.","1","VENEQUIP - CONSORCIO DE COGESTION","","",""
"COP059","00","CHUTO MACK R-688 SX-HD (35 TON)","150644,49","","0,003187","","3/1/2024 12:00:00 a. m.","1","VENEQUIP - CONSORCIO DE COGESTION","","",""
"COP060","00","CHUTO MACK MOD. R-686 LD (25 TON)","142219,37","","0,002943","","3/1/2024 12:00:00 a. m.","1","VENEQUIP - CONSORCIO DE COGESTION","","",""
"COP061","00","CAMION PLATAFORMA MACK R-686-SX-LD (25 T","137038,81","","0,002496","","3/1/2024 12:00:00 a. m.","1","VENEQUIP - CONSORCIO DE COGESTION","","",""
"COP062","00","BARREDORA MECANICA CHASIS FORD F-7000","253630,31","","0,001782","","3/1/2024 12:00:00 a. m.","1","ALQUIHERRAMIENTAS 2112 C.A.","","",""
"COP070","00","REMOLQUE ORINOCO CISTERNA 3 EJES 45000 L","16634,76","","0,005047","","3/1/2024 12:00:00 a. m.","1","VENEQUIP - CONSORCIO DE COGESTION","","",""
"COP071","00","SEMI-REMOLQUE ORINOCO SILOS DE CEMENTO 4","29308,89","","0,003476","","3/1/2024 12:00:00 a. m.","1","VENEQUIP - CONSORCIO DE COGESTION","","",""
"COP072","00","LOW-BOY ORINOCO L860M-CCB-CD-26 (60 TON)","43171,22","","0,003302","","3/1/2024 12:00:00 a. m.","1","VENEQUIP - CONSORCIO DE COGESTION","","",""
"COP073","00","BATEA ORINOCO 3 EJES (CAP. 45TON)","43884,09","","0,002503","","3/1/2024 12:00:00 a. m.","1","VENEQUIP - CONSORCIO DE COGESTION","","",""
"COP074","00","CAMIONETA FORD F-150","30893,19","","0,003956","","3/1/2024 12:00:00 a. m.","1","VENEQUIP - CONSORCIO DE COGESTION","","",""
"COP075","00","CAMION FORD F- 350 ESTACAS","45943,68","","0,003479","","3/1/2024 12:00:00 a. m.","1","VENEQUIP - CONSORCIO DE COGESTION","","",""
"COP076","00","RETROEXCAVADORA CASE 580 SUPER L O SIM","177437,49","","0,00212","","3/1/2024 12:00:00 a. m.","1","VENEQUIP - CONSORCIO DE COGESTION","","",""
"COP077","00","RETROEXCAVADORA CAT 416B","183774,56","","0,002076","","3/1/2024 12:00:00 a. m.","1","GRUPO MAGNELEC C.A. (FERRETERIA)","","",""
"COP078","00","RETROEXCAVADORA CASE 580 K O SIM","87134,49","","0,002529","","3/1/2024 12:00:00 a. m.","1","VENEQUIP - CONSORCIO DE COGESTION","","",""
"COP079","00","COMPACTADORA DE RODILLO CAT CB-224-C","142583,74","","0,001795","","3/1/2024 12:00:00 a. m.","1","GRUPO MAGNELEC C.A. (FERRETERIA)","","",""
"COP200","00","TRACTOR CATERPILLAR D3G XL","71291,86","","0,00417","","3/1/2024 12:00:00 a. m.","1","VENEQUIP - CONSORCIO DE COGESTION","","",""
"COP201","00","TRACTOR CATERPILLAR D3G LGP","77628,95","","0,003962","","3/1/2024 12:00:00 a. m.","1","VENEQUIP - CONSORCIO DE COGESTION","","",""
"COP202","00","TRACTOR CATERPILLAR D4G XL","80005,32","","0,00399","","3/1/2024 12:00:00 a. m.","1","VENEQUIP - CONSORCIO DE COGESTION","","",""
"COP203","00","TRACTOR CATERPILLAR D4G LGP","87926,65","","0,003777","","3/1/2024 12:00:00 a. m.","1","VENEQUIP - CONSORCIO DE COGESTION","","",""
"COP204","00","TRACTOR CATERPILLAR D5G XL ","87926,65","","0,004116","","3/1/2024 12:00:00 a. m.","1","VENEQUIP - CONSORCIO DE COGESTION","","",""
"COP205","00","TRACTOR CATERPILLAR D5G LGP","91095,17","","0,004029","","3/1/2024 12:00:00 a. m.","1","VENEQUIP - CONSORCIO DE COGESTION","","",""
"COP206","00","TRACTOR CATERPILLAR D6R FTC","162387,05","","0,004723","","3/1/2024 12:00:00 a. m.","1","VENEQUIP - CONSORCIO DE COGESTION","","",""
"COP207","00","TRACTOR CATERPILLAR D6R STD PS DS","169912,26","","0,004576","","3/1/2024 12:00:00 a. m.","1","VENEQUIP - CONSORCIO DE COGESTION","","",""
"COP208","00","TRACTOR CATERPILLAR D6R LGP","199617,2","","0,004104","","3/1/2024 12:00:00 a. m.","1","VENEQUIP - CONSORCIO DE COGESTION","","",""
"COP209","00","TRACTOR CATERPILLAR D6M XL","136642,71","","0,005349","","3/1/2024 12:00:00 a. m.","1","VENEQUIP - CONSORCIO DE COGESTION","","",""
"COP210","00","TRACTOR CATERPILLAR D6M LGP","154465,72","","0,004894","","3/1/2024 12:00:00 a. m.","1","VENEQUIP - CONSORCIO DE COGESTION","","",""
"COP211","00","TRACTOR CATERPILLAR D7R LGP II","279622,53","","0,004339","","3/1/2024 12:00:00 a. m.","1","VENEQUIP - CONSORCIO DE COGESTION","","",""
"COP212","00","TRACTOR CATERPILLAR D7R-DS II","264368,47","","0,003592","","3/1/2024 12:00:00 a. m.","1","VENEQUIP - CONSORCIO DE COGESTION","","",""
"COP213","00","TRACTOR CATERPILLAR D8R II","327150,46","","0,004021","","3/1/2024 12:00:00 a. m.","1","VENEQUIP - CONSORCIO DE COGESTION","","",""
"COP214","00","TRACTOR CATERPILLAR D10R","602416,23","","0,003652","","3/1/2024 12:00:00 a. m.","1","VENEQUIP - CONSORCIO DE COGESTION","","",""
"COP215","00","TRACTOR JOHN DEERE 750C SERIE II","138781,48","","0,004562","","3/1/2024 12:00:00 a. m.","1","VENEQUIP - CONSORCIO DE COGESTION","","",""
"COP216","00","TRACTOR JOHN DEERE 850C SERIE II","167100,21","","0,004597","","3/1/2024 12:00:00 a. m.","1","VENEQUIP - CONSORCIO DE COGESTION","","",""
"COP217","00","TRACTOR JOHN DEERE 450H","68044,12","","0,003406","","3/1/2024 12:00:00 a. m.","1","VENEQUIP - CONSORCIO DE COGESTION","","",""
"COP218","00","TRACTOR JOHN DEERE 550H LT","84362,06","","0,003326","","3/1/2024 12:00:00 a. m.","1","VENEQUIP - CONSORCIO DE COGESTION","","",""
"COP219","00","TRACTOR JOHN DEERE 650H LT","91411,99","","0,003388","","3/1/2024 12:00:00 a. m.","1","VENEQUIP - CONSORCIO DE COGESTION","","",""
"COP220","00","TRACTOR JOHN DEERE 1050C","359548,63","","0,00384","","3/1/2024 12:00:00 a. m.","1","VENEQUIP - CONSORCIO DE COGESTION","","",""
"COP221","00","EXCAVADORA CATERPILLAR 311B","82777,79","","0,004483","","3/1/2024 12:00:00 a. m.","1","VENEQUIP - CONSORCIO DE COGESTION","","",""
"COP222","00","EXCAVADORA CATERPILLAR 312C","91887,31","","0,004357","","3/1/2024 12:00:00 a. m.","1","VENEQUIP - CONSORCIO DE COGESTION","","",""
"COP223","00","EXCAVADORA CATERPILLAR 315C","103769,27","","0,004683","","3/1/2024 12:00:00 a. m.","1","VENEQUIP - CONSORCIO DE COGESTION","","",""
"COP224","00","EXCAVADORA CATERPILLAR 320 CL ","127929,26","","0,005227","","3/1/2024 12:00:00 a. m.","1","VENEQUIP - CONSORCIO DE COGESTION","","",""
"COP225","00","EXCAVADORA CATERPILLAR 322 CL ","150108,95","","0,005373","","3/1/2024 12:00:00 a. m.","1","VENEQUIP - CONSORCIO DE COGESTION","","",""
"COP226","00","EXCAVADORA CATERPILLAR 325 CL ","172684,69","","0,005364","","3/1/2024 12:00:00 a. m.","1","VENEQUIP - CONSORCIO DE COGESTION","","",""
"COP227","00","EXCAVADORA CATERPILLAR 330 CL ","209122,82","","0,004835","","3/1/2024 12:00:00 a. m.","1","VENEQUIP - CONSORCIO DE COGESTION","","",""
"COP228","00","EXCAVADORA CATERPILLAR 345 BL II ","303069,64","","0,004221","","3/1/2024 12:00:00 a. m.","1","VENEQUIP - CONSORCIO DE COGESTION","","",""
"COP229","00","EXCAVADORA CATERPILLAR 365 B ME","464981,32","","0,003967","","3/1/2024 12:00:00 a. m.","1","VENEQUIP - CONSORCIO DE COGESTION","","",""
"COP230","00","EXCAVADORA JOHN DEERE 200 C LC","128246,17","","0,005306","","3/1/2024 12:00:00 a. m.","1","VENEQUIP - CONSORCIO DE COGESTION","","",""
"COP231","00","EXCAVADORA JOHN DEERE 120C","109433,02","","0,00455","","3/1/2024 12:00:00 a. m.","1","VENEQUIP - CONSORCIO DE COGESTION","","",""
"COP232","00","EXCAVADORA JOHN DEERE 160 LC","128404,58","","0,004512","","3/1/2024 12:00:00 a. m.","1","VENEQUIP - CONSORCIO DE COGESTION","","",""
"COP233","00","EXCAVADORA JOHN DEERE 230 CLC","157000,55","","0,005238","","3/1/2024 12:00:00 a. m.","1","VENEQUIP - CONSORCIO DE COGESTION","","",""
"COP234","00","EXCAVADORA JOHN DEERE 270 C LC","179853,54","","0,005052","","3/1/2024 12:00:00 a. m.","1","VENEQUIP - CONSORCIO DE COGESTION","","",""
"COP235","00","EXCAVADORA JOHN DEERE 330 CLC","238669,34","","0,004411","","3/1/2024 12:00:00 a. m.","1","VENEQUIP - CONSORCIO DE COGESTION","","",""
"COP236","00","EXCAVADORA JOHN DEERE 450 CLC","343191,11","","0,003812","","3/1/2024 12:00:00 a. m.","1","VENEQUIP - CONSORCIO DE COGESTION","","",""
"COP237","00","EXCAVADORA JOHN DEERE 600C","496904,25","","0,003802","","3/1/2024 12:00:00 a. m.","1","VENEQUIP - CONSORCIO DE COGESTION","","",""
"COP238","00","EXCAVADORA VOLVO EC 140","95857,45","","0,004987","","3/1/2024 12:00:00 a. m.","1","VENEQUIP - CONSORCIO DE COGESTION","","",""
"COP239","00","EXCAVADORA VOLVO EC 210","125524,37","","0,004938","","3/1/2024 12:00:00 a. m.","1","VENEQUIP - CONSORCIO DE COGESTION","","",""
"COP240","00","EXCAVADORA VOLVO  EC 240","141924,69","","0,00506","","3/1/2024 12:00:00 a. m.","1","VENEQUIP - CONSORCIO DE COGESTION","","",""
"COP242","00","EXCAVADORA VOLVO  EC 360","215851,94","","0,004427","","3/1/2024 12:00:00 a. m.","1","VENEQUIP - CONSORCIO DE COGESTION","","",""
"COP243","00","EXCAVADORA VOLVO  EC 460","298217,8","","0,004366","","3/1/2024 12:00:00 a. m.","1","VENEQUIP - CONSORCIO DE COGESTION","","",""
"COP244","00","EXCAVADORA O&K RH-30","614053,42","","0,003624","","3/1/2024 12:00:00 a. m.","1","VENEQUIP - CONSORCIO DE COGESTION","","",""
"COP245","00","EXCAVADORA O&K RH-40","741981,12","","0,003656","","3/1/2024 12:00:00 a. m.","1","VENEQUIP - CONSORCIO DE COGESTION","","",""
"COP246","00","EXCAVADORA LIEBHERR R-942","226790,51","","0,004449","","3/1/2024 12:00:00 a. m.","1","VENEQUIP - CONSORCIO DE COGESTION","","",""
"COP247","00","EXCAVADORA LIEBHERR R-962","341413,54","","0,004361","","3/1/2024 12:00:00 a. m.","1","VENEQUIP - CONSORCIO DE COGESTION","","",""
"COP248","00","EXCAVADORA KOBELCO SK400","360150,62","","0,003965","","3/1/2024 12:00:00 a. m.","1","VENEQUIP - CONSORCIO DE COGESTION","","",""
"COP249","00","EXCAVADORA KOBELCO SK200","160421,74","","0,004342","","3/1/2024 12:00:00 a. m.","1","VENEQUIP - CONSORCIO DE COGESTION","","",""
"COP250","00","EXCAVADORA KOMATSU PC-200","187427,92","","0,004118","","3/1/2024 12:00:00 a. m.","1","VENEQUIP - CONSORCIO DE COGESTION","","",""
"COP251","00","CARGADOR DE RUEDAS CATERPILLAR 914G","80537,63","","0,003932","","3/1/2024 12:00:00 a. m.","1","VENEQUIP - CONSORCIO DE COGESTION","","",""
"COP252","00","CARGADOR DE RUEDAS CATERPILLAR 924G","97448,07","","0,003893","","3/1/2024 12:00:00 a. m.","1","VENEQUIP - CONSORCIO DE COGESTION","","",""
"COP253","00","CARGADOR DE RUEDAS CATERPILLAR 928G","102764,83","","0,007155","","3/1/2024 12:00:00 a. m.","1","VENEQUIP - CONSORCIO DE COGESTION","","",""
"COP254","00","CARGADOR DE RUEDAS CATERPILLAR 938G","120191,75","","0,006353","","3/1/2024 12:00:00 a. m.","1","VENEQUIP - CONSORCIO DE COGESTION","","",""
"COP255","00","CARGADOR DE RUEDAS CATERPILLAR 950G","157656,39","","0,004139","","3/1/2024 12:00:00 a. m.","1","VENEQUIP - CONSORCIO DE COGESTION","","",""
"COP256","00","CARGADOR DE RUEDAS CATERPILLAR 966E II","228859,52","","0,003942","","3/1/2024 12:00:00 a. m.","1","VENEQUIP - CONSORCIO DE COGESTION","","",""
"COP257","00","CARGADOR DE RUEDAS CATERPILLAR 972G II","245494,33","","0,003959","","3/1/2024 12:00:00 a. m.","1","VENEQUIP - CONSORCIO DE COGESTION","","",""
"COP258","00","CARGADOR DE RUEDAS CATERPILLAR 988G","511951,59","","0,003327","","3/1/2024 12:00:00 a. m.","1","VENEQUIP - CONSORCIO DE COGESTION","","",""
"COP259","00","CARGADOR DE RUEDAS CATERPILLAR 990 II","784289,64","","0,003374","","3/1/2024 12:00:00 a. m.","1","VENEQUIP - CONSORCIO DE COGESTION","","",""
"COP260","00","CARGADOR DE RUEDAS JOHN DEERE 444H","86873,15","","0,004348","","3/1/2024 12:00:00 a. m.","1","VENEQUIP - CONSORCIO DE COGESTION","","",""
"COP261","00","CARGADOR DE RUEDAS JOHN DEERE 544H","102091,53","","0,004495","","3/1/2024 12:00:00 a. m.","1","VENEQUIP - CONSORCIO DE COGESTION","","",""
"COP262","00","CARGADOR DE RUEDAS JOHN DEERE 644H","162686,43","","0,004222","","3/1/2024 12:00:00 a. m.","1","VENEQUIP - CONSORCIO DE COGESTION","","",""
"COP263","00","CARGADOR DE RUEDAS JOHN DEERE 744H","245454,74","","0,00394","","3/1/2024 12:00:00 a. m.","1","VENEQUIP - CONSORCIO DE COGESTION","","",""
"COP264","00","CARGADOR DE RUEDAS VOLVO L50D","90333,14","","0,004116","","3/1/2024 12:00:00 a. m.","1","VENEQUIP - CONSORCIO DE COGESTION","","",""
"COP265","00","CARGADOR DE RUEDAS VOLVO L70D","102645,28","","0,004501","","3/1/2024 12:00:00 a. m.","1","VENEQUIP - CONSORCIO DE COGESTION","","",""
"COP266","00","CARGADOR DE RUEDAS VOLVO L90D","125511,69","","0,004525","","3/1/2024 12:00:00 a. m.","1","VENEQUIP - CONSORCIO DE COGESTION","","",""
"COP267","00","CARGADOR DE RUEDAS VOLVO L120D","149809,57","","0,004453","","3/1/2024 12:00:00 a. m.","1","GRUPO MAGNELEC C.A. (FERRETERIA)","","",""
"COP268","00","CARGADOR DE RUEDAS VOLVO L150D","217928,11","","0,004038","","3/1/2024 12:00:00 a. m.","1","GRUPO MAGNELEC C.A. (FERRETERIA)","","",""
"COP269","00","CARGADOR DE RUEDAS VOLVO L180D","228212,36","","0,004259","","3/1/2024 12:00:00 a. m.","1","GRUPO MAGNELEC C.A. (FERRETERIA)","","",""
"COP270","00","CARGADOR DE RUEDAS VOLVO L220D","318790,22","","0,00395","","3/1/2024 12:00:00 a. m.","1","GRUPO MAGNELEC C.A. (FERRETERIA)","","",""
"COP271","00","CARGADOR DE RUEDAS VOLVO L330D","522929,74","","0,003664","","3/1/2024 12:00:00 a. m.","1","GRUPO MAGNELEC C.A. (FERRETERIA)","","",""
"COP272","00","CARGADOR DE RUEDAS CASE 521D","85645,32","","0,004206","","3/1/2024 12:00:00 a. m.","1","GRUPO MAGNELEC C.A. (FERRETERIA)","","",""
"COP273","00","CARGADOR DE RUEDAS CASE 621C","98408,16","","0,00489","","3/1/2024 12:00:00 a. m.","1","GRUPO MAGNELEC C.A. (FERRETERIA)","","",""
"COP274","00","CARGADOR DE RUEDAS CASE 721C","119633,31","","0,007065","","3/1/2024 12:00:00 a. m.","1","GRUPO MAGNELEC C.A. (FERRETERIA)","","",""
"COP275","00","CARGADOR DE RUEDAS CASE 821C","141012,88","","0,005102","","3/1/2024 12:00:00 a. m.","1","GRUPO MAGNELEC C.A. (FERRETERIA)","","",""
"COP276","00","CARGADOR DE RUEDAS CASE 921C","202819,78","","0,004469","","3/1/2024 12:00:00 a. m.","1","GRUPO MAGNELEC C.A. (FERRETERIA)","","",""
"COP277","00","CARGADOR DE RUEDAS DRESSER 510D","85217,54","","0,004403","","3/1/2024 12:00:00 a. m.","1","GRUPO MAGNELEC C.A. (FERRETERIA)","","",""
"COP278","00","CARGADOR DE ORUGA CATERPILLAR 939C","85550,2","","0,005633","","3/1/2024 12:00:00 a. m.","1","GRUPO MAGNELEC C.A. (FERRETERIA)","","",""
"COP279","00","CARGADOR DE ORUGA CATERPILLAR 953C","163179,18","","0,004477","","3/1/2024 12:00:00 a. m.","1","GRUPO MAGNELEC C.A. (FERRETERIA)","","",""
"COP280","00","CARGADOR DE ORUGA CATERPILLAR 963C","229718,25","","0,003971","","3/1/2024 12:00:00 a. m.","1","GRUPO MAGNELEC C.A. (FERRETERIA)","","",""
"COP281","00","CARGADOR DE ORUGA CATERPILLAR 973C","312099,89","","0,004273","","3/1/2024 12:00:00 a. m.","1","GRUPO MAGNELEC C.A. (FERRETERIA)","","",""
"COP282","00","CARGADOR DE ORUGA JOHN DEERE 455G","78104,2","","0,005121","","3/1/2024 12:00:00 a. m.","1","GRUPO MAGNELEC C.A. (FERRETERIA)","","",""
"COP283","00","CARGADOR DE ORUGA JOHN DEERE 555G","99689,78","","0,005024","","3/1/2024 12:00:00 a. m.","1","GRUPO MAGNELEC C.A. (FERRETERIA)","","",""
"COP284","00","CARGADOR DE ORUGA JOHN DEERE 655C","158109,49","","0,004632","","3/1/2024 12:00:00 a. m.","1","GRUPO MAGNELEC C.A. (FERRETERIA)","","",""
"COP285","00","CARGADOR DE ORUGA JOHN DEERE 755C","204766,05","","0,003926","","3/1/2024 12:00:00 a. m.","1","GRUPO MAGNELEC C.A. (FERRETERIA)","","",""
"COP286","00","MOTOTRAILLA CATERPILLAR 631G","617862,81","","0,003866","","3/1/2024 12:00:00 a. m.","1","GRUPO MAGNELEC C.A. (FERRETERIA)","","",""
"COP287","00","MOTOTRAILLA CATERPILLAR 651E","705614,34","","0,004629","","3/1/2024 12:00:00 a. m.","1","GRUPO MAGNELEC C.A. (FERRETERIA)","","",""
"COP288","00","CARGADOR CATERPILLAR IT28G C/ACCESORIO D","166759,59","","0,003297","","3/1/2024 12:00:00 a. m.","1","GRUPO MAGNELEC C.A. (FERRETERIA)","","",""
"COP289","00","RETROEXCAVADORA CATERPILLAR 416D 4 X 2","57825,65","","0,005671","","3/1/2024 12:00:00 a. m.","1","GRUPO MAGNELEC C.A. (FERRETERIA)","","",""
"COP290","00","RETROEXCAVADORA CATERPILLAR 416D 4X4","53255,02","","0,006004","","3/1/2024 12:00:00 a. m.","1","GRUPO MAGNELEC C.A. (FERRETERIA)","","",""
"COP291","00","RETROEXCAVADORA CATERPILLAR 446B 4X2","80303,15","","0,005352","","3/1/2024 12:00:00 a. m.","1","GRUPO MAGNELEC C.A. (FERRETERIA)","","",""
"COP292","00","RETROEXCAVADORA CATERPILLAR 446B 4X4","87432,33","","0,005061","","3/1/2024 12:00:00 a. m.","1","GRUPO MAGNELEC C.A. (FERRETERIA)","","",""
"COP293","00","RETROEXCAVADORA CATERPILLAR 420D 4X2","49013,91","","0,006972","","3/1/2024 12:00:00 a. m.","1","GRUPO MAGNELEC C.A. (FERRETERIA)","","",""
"COP294","00","RETROEXCAVADORA CATERPILLAR 420D 4X4","54954,96","","0,006412","","3/1/2024 12:00:00 a. m.","1","GRUPO MAGNELEC C.A. (FERRETERIA)","","",""
"COP295","00","RETROEXCAVADORA CATERPILLAR 430D 4X2","56143,15","","0,006807","","3/1/2024 12:00:00 a. m.","1","GRUPO MAGNELEC C.A. (FERRETERIA)","","",""
"COP296","00","RETROEXCAVADORA CATERPILLAR 430D 4X4","62084,12","","0,006326","","3/1/2024 12:00:00 a. m.","1","GRUPO MAGNELEC C.A. (FERRETERIA)","","",""
"COP297","00","RETROEXCAVADORA JOHN DEERE 310G","51037,04","","0,004929","","3/1/2024 12:00:00 a. m.","1","GRUPO MAGNELEC C.A. (FERRETERIA)","","",""
"COP298","00","RETROEXCAVADORA JOHN DEERE 310SG","56344,35","","0,005101","","3/1/2024 12:00:00 a. m.","1","GRUPO MAGNELEC C.A. (FERRETERIA)","","",""
"COP299","00","RETROEXCAVADORA JOHN DEERE 410G","64460,49","","0,005034","","3/1/2024 12:00:00 a. m.","1","GRUPO MAGNELEC C.A. (FERRETERIA)","","",""
"COP300","00","RETROEXCAVADORA JOHN DEERE 710G","120781,09","","0,004067","","3/1/2024 12:00:00 a. m.","1","GRUPO MAGNELEC C.A. (FERRETERIA)","","",""
"COP301","00","RETROEXCAVADORA VOLVO BL 70","54558,9","","0,006446","","3/1/2024 12:00:00 a. m.","1","GRUPO MAGNELEC C.A. (FERRETERIA)","","",""
"COP302","00","RETROEXCAVADORA CASE 580MT","43749,43","","0,006011","","3/1/2024 12:00:00 a. m.","1","GRUPO MAGNELEC C.A. (FERRETERIA)","","",""
"COP303","00","RETROEXCAVADORA CASE 580SM 4X4","54047,13","","0,006092","","3/1/2024 12:00:00 a. m.","1","GRUPO MAGNELEC C.A. (FERRETERIA)","","",""
"COP304","00","RETROEXCAVADORA CASE 590SM","51390,35","","0,006638","","3/1/2024 12:00:00 a. m.","1","GRUPO MAGNELEC C.A. (FERRETERIA)","","",""
"COP305","00","RETROEXCAVADORA M FERGUSSON MF-86HS","48877,7","","0,005759","","3/1/2024 12:00:00 a. m.","1","GRUPO MAGNELEC C.A. (FERRETERIA)","","",""
"COP306","00","MOTONIVELADORA CATERPILLAR 120H","133407,66","","0,003916","","3/1/2024 12:00:00 a. m.","1","GRUPO MAGNELEC C.A. (FERRETERIA)","","",""
"COP307","00","MOTONIVELADORA CATERPILLAR 135H","140140,81","","0,003948","","3/1/2024 12:00:00 a. m.","1","GRUPO MAGNELEC C.A. (FERRETERIA)","","",""
"COP308","00","MOTONIVELADORA CATERPILLAR 14H","286925,97","","0,003504","","3/1/2024 12:00:00 a. m.","1","GRUPO MAGNELEC C.A. (FERRETERIA)","","",""
"COP309","00","MOTONIVELADORA CATERPILLAR 160H","190227,31","","0,003922","","3/1/2024 12:00:00 a. m.","1","GRUPO MAGNELEC C.A. (FERRETERIA)","","",""
"COP310","00","MOTONIVELADORA CATERPILLAR 16H","407629,44","","0,003399","","3/1/2024 12:00:00 a. m.","1","GRUPO MAGNELEC C.A. (FERRETERIA)","","",""
"COP311","00","MOTONIVELADORA JOHN DEERE 670C II","124258,53","","0,004052","","3/1/2024 12:00:00 a. m.","1","GRUPO MAGNELEC C.A. (FERRETERIA)","","",""
"COP312","00","MOTONIVELADORA JOHN DEERE 670CH II","126833,01","","0,004139","","3/1/2024 12:00:00 a. m.","1","GRUPO MAGNELEC C.A. (FERRETERIA)","","",""
"COP313","00","MOTONIVELADORA JOHN DEERE 672CH II","144022,2","","0,004014","","3/1/2024 12:00:00 a. m.","1","GRUPO MAGNELEC C.A. (FERRETERIA)","","",""
"COP314","00","MOTONIVELADORA JOHN DEERE 770C II","169829,9","","0,003574","","3/1/2024 12:00:00 a. m.","1","GRUPO MAGNELEC C.A. (FERRETERIA)","","",""
"COP315","00","MOTONIVELADORA JOHN DEERE 770CH II","180088,03","","0,00384","","3/1/2024 12:00:00 a. m.","1","GRUPO MAGNELEC C.A. (FERRETERIA)","","",""
"COP316","00","MOTONIVELADORA JOHN DEERE 772CH II","202941,01","","0,003762","","3/1/2024 12:00:00 a. m.","1","GRUPO MAGNELEC C.A. (FERRETERIA)","","",""
"COP317","00","MOTONIVELADORA VOLVO 710A","125091,11","","0,004033","","3/1/2024 12:00:00 a. m.","1","GRUPO MAGNELEC C.A. (FERRETERIA)","","",""
"COP318","00","MOTONIVELADORA VOLVO 720A","144900,69","","0,004365","","3/1/2024 12:00:00 a. m.","1","GRUPO MAGNELEC C.A. (FERRETERIA)","","",""
"COP319","00","COMPACTADOR CATERPILLAR 816F","280414,64","","0,004628","","3/1/2024 12:00:00 a. m.","1","GRUPO MAGNELEC C.A. (FERRETERIA)","","",""
"COP320","00","COMPACTADOR CATERPILLAR 826 G II","423790,46","","0,004308","","3/1/2024 12:00:00 a. m.","1","GRUPO MAGNELEC C.A. (FERRETERIA)","","",""
"COP321","00","COMPACTADOR CATERPILLAR 836 G","583008,97","","0,003941","","3/1/2024 12:00:00 a. m.","1","GRUPO MAGNELEC C.A. (FERRETERIA)","","",""
"COP322","00","VIBROCOMPACTADOR CATERPILLAR CS-323C","60800,87","","0,005436","","3/1/2024 12:00:00 a. m.","1","GRUPO MAGNELEC C.A. (FERRETERIA)","","",""
"COP323","00","VIBROCOMPACTADOR CATERPILLAR CP-323C","68326,15","","0,005174","","3/1/2024 12:00:00 a. m.","1","GRUPO MAGNELEC C.A. (FERRETERIA)","","",""
"COP324","00","VIBROCOMPACTADOR CATERPILLAR CS-433C","61833,81","","0,006321","","3/1/2024 12:00:00 a. m.","1","GRUPO MAGNELEC C.A. (FERRETERIA)","","",""
"COP325","00","VIBROCOMPACTADOR CATERPILLAR CP-433C","71339,38","","0,005885","","3/1/2024 12:00:00 a. m.","1","GRUPO MAGNELEC C.A. (FERRETERIA)","","",""
"COP326","00","VIBROCOMPACTADOR CATERPILLAR CS-533D","70605,9","","0,00613","","3/1/2024 12:00:00 a. m.","1","GRUPO MAGNELEC C.A. (FERRETERIA)","","",""
"COP327","00","VIBROCOMPACTADOR CATERPILLAR CP-533D","80507,55","","0,0058","","3/1/2024 12:00:00 a. m.","1","GRUPO MAGNELEC C.A. (FERRETERIA)","","",""
"COP328","00","VIBROCOMPACTADOR CATERPILLAR CS-563D","99914,79","","0,004809","","3/1/2024 12:00:00 a. m.","1","VENEQUIP - CONSORCIO DE COGESTION","","",""
"COP329","00","VIBROCOMPACTADOR CATERPILLAR CP-563D","118133,82","","0,004471","","3/1/2024 12:00:00 a. m.","1","VENEQUIP - CONSORCIO DE COGESTION","","",""
"COP330","00","VIBROCOMPACTADOR BOMAG BW 142","71495,49","","0,004128","","3/1/2024 12:00:00 a. m.","1","VENEQUIP - CONSORCIO DE COGESTION","","",""
"COP331","00","VIBROCOMPACTADOR BOMAG BW 127","136909,71","","0,005079","","3/1/2024 12:00:00 a. m.","1","VENEQUIP - CONSORCIO DE COGESTION","","",""
"COP332","00","VIBROCOMPACTADOR BOMAG BW 219","165736,13","","0,004536","","3/1/2024 12:00:00 a. m.","1","VENEQUIP - CONSORCIO DE COGESTION","","",""
"COP333","00","VIBROCOMPACTADOR INGERSOLLRAND SD 100","125224,96","","0,00442","","3/1/2024 12:00:00 a. m.","1","VENEQUIP - CONSORCIO DE COGESTION","","",""
"COP334","00","VIBROCOMPACTADOR INGERSOLLRAND SD 180","214476,04","","0,004506","","3/1/2024 12:00:00 a. m.","1","VENEQUIP - CONSORCIO DE COGESTION","","",""
"COP335","00","VIBROCOMPACTADOR INGERSOLLRAND SP 60","157338,02","","0,005131","","3/1/2024 12:00:00 a. m.","1","VENEQUIP - CONSORCIO DE COGESTION","","",""
"COP336","00","VIBROCOMPACTADOR DYNAPAC CA250PD","92258,04","","0,005162","","3/1/2024 12:00:00 a. m.","1","VENEQUIP - CONSORCIO DE COGESTION","","",""
"COP337","00","VIBROCOMPACTADOR HAMM 2522","228335,17","","0,004232","","3/1/2024 12:00:00 a. m.","1","GRUPO MAGNELEC C.A. (FERRETERIA)","","",""
"COP338","00","VIBROCOMPACTADOR CATERPILLAR CB-224D","36438,07","","0,008134","","3/1/2024 12:00:00 a. m.","1","GRUPO MAGNELEC C.A. (FERRETERIA)","","",""
"COP339","00","VIBROCOMPACTADOR CATERPILLAR CB-434D","83173,81","","0,006635","","3/1/2024 12:00:00 a. m.","1","GRUPO MAGNELEC C.A. (FERRETERIA)","","",""
"COP340","00","VIBROCOMPACTADOR CATERPILLAR CB-534C","95451,89","","0,006738","","3/1/2024 12:00:00 a. m.","1","VENEQUIP - CONSORCIO DE COGESTION","","",""
"COP341","00","VIBROCOMPACTADOR CATERPILLAR CB-634C","123176,48","","0,006266","","3/1/2024 12:00:00 a. m.","1","GRUPO MAGNELEC C.A. (FERRETERIA)","","",""
"COP342","00","COMPACTADOR DE PAVIMENTOS CATERPILLAR PS","59503,37","","0,008914","","3/1/2024 12:00:00 a. m.","1","GRUPO MAGNELEC C.A. (FERRETERIA)","","",""
"COP343","00","COMPACTADOR DE PAVIMENTOS CATERPILLAR PS","69008,96","","0,008658","","3/1/2024 12:00:00 a. m.","1","GRUPO MAGNELEC C.A. (FERRETERIA)","","",""
"COP344","00","COMPACTADOR DE PAVIMENTOS CATERPILLAR PS","97012,39","","0,009647","","3/1/2024 12:00:00 a. m.","1","GRUPO MAGNELEC C.A. (FERRETERIA)","","",""
"COP345","00","COMPACTADOR DE PAVIMENTOS CATERPILLAR PS","96018,26","","0,010069","","3/1/2024 12:00:00 a. m.","1","GRUPO MAGNELEC C.A. (FERRETERIA)","","",""
"COP346","00","CAMION ARTICULADO CATERPILLAR 725","470526,29","","0,003519","","3/1/2024 12:00:00 a. m.","1","GRUPO MAGNELEC C.A. (FERRETERIA)","","",""
"COP347","00","CAMION ARTICULADO CATERPILLAR 735","264274,16","","0,00583","","3/1/2024 12:00:00 a. m.","1","GRUPO MAGNELEC C.A. (FERRETERIA)","","",""
"COP348","00","CAMION ARTICULADO CATERPILLAR 740","364950,94","","0,004548","","3/1/2024 12:00:00 a. m.","1","GRUPO MAGNELEC C.A. (FERRETERIA)","","",""
"COP349","00","CAMION ARTICULADO JOHN DEERE 250D","228959,39","","0,005352","","3/1/2024 12:00:00 a. m.","1","GRUPO MAGNELEC C.A. (FERRETERIA)","","",""
"COP350","00","CAMION ARTICULADO JOHN DEERE 300D","262862,62","","0,005003","","3/1/2024 12:00:00 a. m.","1","GRUPO MAGNELEC C.A. (FERRETERIA)","","",""
"COP351","00","TRACTOR JOHN DEERE 350D","344517,12","","0,00452","","3/1/2024 12:00:00 a. m.","1","GRUPO MAGNELEC C.A. (FERRETERIA)","","",""
"COP352","00","CAMION ARTICULADO JOHN DEERE 400D","378536,05","","0,004681","","3/1/2024 12:00:00 a. m.","1","GRUPO MAGNELEC C.A. (FERRETERIA)","","",""
"COP353","00","CAMION ARTICULADO VOLVO A25 D","210331,54","","0,005111","","3/1/2024 12:00:00 a. m.","1","GRUPO MAGNELEC C.A. (FERRETERIA)","","",""
"COP354","00","CAMION ARTICULADO VOLVO A30 D","231929,83","","0,005269","","3/1/2024 12:00:00 a. m.","1","GRUPO MAGNELEC C.A. (FERRETERIA)","","",""
"COP355","00","CAMION ARTICULADO VOLVO A35 D","282481,28","","0,00525","","3/1/2024 12:00:00 a. m.","1","GRUPO MAGNELEC C.A. (FERRETERIA)","","",""
"COP356","00","CAMION ARTICULADO VOLVO A40 D","311679,3","","0,005406","","3/1/2024 12:00:00 a. m.","1","GRUPO MAGNELEC C.A. (FERRETERIA)","","",""
"COP357","00","CAMION ROQUERO EUCLID EH-650","234351,43","","0,004973","","3/1/2024 12:00:00 a. m.","1","GRUPO MAGNELEC C.A. (FERRETERIA)","","",""
"COP358","00","CAMION VOLTEO CATERPILLAR 769D","412317,25","","0,004018","","3/1/2024 12:00:00 a. m.","1","GRUPO MAGNELEC C.A. (FERRETERIA)","","",""
"COP359","00","CAMION VOLTEO CATERPILLAR 771D","421822,89","","0,004102","","3/1/2024 12:00:00 a. m.","1","GRUPO MAGNELEC C.A. (FERRETERIA)","","",""
"COP360","00","CAMION VOLTEO CATERPILLAR 773E","559102,43","","0,004031","","3/1/2024 12:00:00 a. m.","1","GRUPO MAGNELEC C.A. (FERRETERIA)","","",""
"COP361","00","CAMION VOLTEO CATERPILLAR 777D","838873,86","","0,003994","","3/1/2024 12:00:00 a. m.","1","GRUPO MAGNELEC C.A. (FERRETERIA)","","",""
"COP362","00","MINICARGADOR CATERPILLAR 216","19511,81","","0,007358","","3/1/2024 12:00:00 a. m.","1","GRUPO MAGNELEC C.A. (FERRETERIA)","","",""
"COP363","00","MINICARGADOR CATERPILLAR 226","21096,08","","0,006939","","3/1/2024 12:00:00 a. m.","1","GRUPO MAGNELEC C.A. (FERRETERIA)","","",""
"COP364","00","MINICARGADOR CATERPILLAR 236","23434,44","","0,007254","","3/1/2024 12:00:00 a. m.","1","GRUPO MAGNELEC C.A. (FERRETERIA)","","",""
"COP365","00","MINICARGADOR CATERPILLAR 246","24752,55","","0,008346","","3/1/2024 12:00:00 a. m.","1","GRUPO MAGNELEC C.A. (FERRETERIA)","","",""
"COP366","00","MINICARGADOR JOHN DEERE 240 SSL","20264,36","","0,007012","","3/1/2024 12:00:00 a. m.","1","GRUPO MAGNELEC C.A. (FERRETERIA)","","",""
"COP367","00","MINICARGADOR JOHN DEERE 250 SSL","21810,55","","0,007512","","3/1/2024 12:00:00 a. m.","1","GRUPO MAGNELEC C.A. (FERRETERIA)","","",""
"COP368","00","MINICARGADOR JOHN DEERE 260 SSL","25425,86","","0,007867","","3/1/2024 12:00:00 a. m.","1","GRUPO MAGNELEC C.A. (FERRETERIA)","","",""
"COP369","00","MINICARGADOR JOHN DEERE 270 SSL","29307,25","","0,008069","","3/1/2024 12:00:00 a. m.","1","GRUPO MAGNELEC C.A. (FERRETERIA)","","",""
"COP370","00","MINICARGADOR JOHN DEERE 280 SSL","33980,9","","0,007829","","3/1/2024 12:00:00 a. m.","1","GRUPO MAGNELEC C.A. (FERRETERIA)","","",""
"COP371","00","MINICARGADOR BOBCAT 753","15793,54","","0,011321","","3/1/2024 12:00:00 a. m.","1","GRUPO MAGNELEC C.A. (FERRETERIA)","","",""
"COP372","00","MINICARGADOR BOBCAT 863","22074,38","","0,012244","","3/1/2024 12:00:00 a. m.","1","GRUPO MAGNELEC C.A. (FERRETERIA)","","",""
"COP373","00","MINICARGADOR BOBCAT 963","38040,57","","0,010985","","3/1/2024 12:00:00 a. m.","1","GRUPO MAGNELEC C.A. (FERRETERIA)","","",""
"COP374","00","MINICARGADOR BOBCAT 553","11950,91","","0,009059","","3/1/2024 12:00:00 a. m.","1","GRUPO MAGNELEC C.A. (FERRETERIA)","","",""
"COP375","00","MINICARGADOR BOBCAT 463","9626,75","","0,008561","","3/1/2024 12:00:00 a. m.","1","GRUPO MAGNELEC C.A. (FERRETERIA)","","",""
"COP376","00","MINICARGADOR MUSTANG 940","17706,56","","0,009753","","3/1/2024 12:00:00 a. m.","1","GRUPO MAGNELEC C.A. (FERRETERIA)","","",""
"COP377","00","MINICARGADOR CASE 85XT","30799,7","","0,009615","","3/1/2024 12:00:00 a. m.","1","GRUPO MAGNELEC C.A. (FERRETERIA)","","",""
"COP378","00","MINICARGADOR CASE 40XT","18379,02","","0,00947","","3/1/2024 12:00:00 a. m.","1","GRUPO MAGNELEC C.A. (FERRETERIA)","","",""
"COP379","00","MINICARGADOR CASE 60XT","21058,06","","0,011912","","3/1/2024 12:00:00 a. m.","1","GRUPO MAGNELEC C.A. (FERRETERIA)","","",""
"COP380","00","GRUA DE PLUMA CELOSIA SOBRE ORUGA AMERIC","1028963,33","","0,001841","","3/1/2024 12:00:00 a. m.","1","GRUPO MAGNELEC C.A. (FERRETERIA)","","",""
"COP381","00","GRUA DE PLUMA CELOSIA SOBRE ORUGA AMERIC","692386,51","","0,001505","","3/1/2024 12:00:00 a. m.","1","GRUPO MAGNELEC C.A. (FERRETERIA)","","",""
"COP382","00","GRUA DE PLUMA CELOSIA SOBRE ORUGA AMERIC","500056,94","","0,002175","","3/1/2024 12:00:00 a. m.","1","GRUPO MAGNELEC C.A. (FERRETERIA)","","",""
"COP383","00","GRUA DE PLUMA CELOSIA SOBRE ORUGA AMERIC","490440,47","","0,002179","","3/1/2024 12:00:00 a. m.","1","GRUPO MAGNELEC C.A. (FERRETERIA)","","",""
"COP384","00","GRUA DE PLUMA CELOSIA SOBRE ORUGA AMERIC","973187,7","","0,001472","","3/1/2024 12:00:00 a. m.","1","GRUPO MAGNELEC C.A. (FERRETERIA)","","",""
"COP385","00","GRUA HIDRAULICA P/TERRENO AGRESTE GROVE ","402985,17","","0,002709","","3/1/2024 12:00:00 a. m.","1","GRUPO MAGNELEC C.A. (FERRETERIA)","","",""
"COP386","00","GRUA HIDRAULICA P/TERRENO AGRESTE GROVE ","293930,78","","0,002791","","3/1/2024 12:00:00 a. m.","1","GRUPO MAGNELEC C.A. (FERRETERIA)","","",""
"COP387","00","VIBROCOMPACTADORA RODILLO SIMPLE DYNAPAC","143133,48","","0,003935","","3/1/2024 12:00:00 a. m.","1","GRUPO MAGNELEC C.A. (FERRETERIA)","","",""
"COP388","00","FRESADORA WRITGEN W1000F","317343,83","","0,00587","","3/1/2024 12:00:00 a. m.","1","GRUPO MAGNELEC C.A. (FERRETERIA)","","",""
"COP389","00","FRESADORA WRITGEN W500","163480,17","","0,00567","","3/1/2024 12:00:00 a. m.","1","GRUPO MAGNELEC C.A. (FERRETERIA)","","",""
"COP390","00","RECUPERADORA DE CAMINOS CATERPILLAR RM-3","407572,39","","0,005756","","3/1/2024 12:00:00 a. m.","1","GRUPO MAGNELEC C.A. (FERRETERIA)","","",""
"COP391","00","COMPACTADOR PAV C/NEUMATICOS INGERSOLL-R","68918,65","","0,008802","","3/1/2024 12:00:00 a. m.","1","GRUPO MAGNELEC C.A. (FERRETERIA)","","",""
"COP392","00","VIBROCOMPACTADORA TIPO TANDEM BOMAG BW14","113474,45","","0,005654","","3/1/2024 12:00:00 a. m.","1","GRUPO MAGNELEC C.A. (FERRETERIA)","","",""
"COP393","00","VIBROCOMPACTADORA TIPO TANDEM BOMAG BW15","115397,78","","0,005645","","3/1/2024 12:00:00 a. m.","1","GRUPO MAGNELEC C.A. (FERRETERIA)","","",""
"COP394","00","PAVIMENTADORA ASFT/NEUMATICOS BLAW-KNOX ","296371,34","","0,0061","","3/1/2024 12:00:00 a. m.","1","GRUPO MAGNELEC C.A. (FERRETERIA)","","",""
"COP395","00","PAVIMENTADORA ASFT/NEUMATICO BARBER GREE","325932,9","","0,005914","","3/1/2024 12:00:00 a. m.","1","GRUPO MAGNELEC C.A. (FERRETERIA)","","",""
"COP396","00","PAVIMENTADORA ASFALTO S/CADENAS CAT AP-6","266948,4","","0,006882","","3/1/2024 12:00:00 a. m.","1","GRUPO MAGNELEC C.A. (FERRETERIA)","","",""
"COP397","00","PAVIMENTADORA ASFALTO S/CADENAS CATERPIL","349330,1","","0,006923","","3/1/2024 12:00:00 a. m.","1","GRUPO MAGNELEC C.A. (FERRETERIA)","","",""
"COP398","00","PAVIMENTADORA ASF/NEUMATICOS CATERPILLAR","288972,86","","0,007162","","3/1/2024 12:00:00 a. m.","1","GRUPO MAGNELEC C.A. (FERRETERIA)","","",""
"COP399","00","PAVIMENTADORA ASF/NEUMATICOS CATERPILLAR","236612,08","","0,007177","","3/1/2024 12:00:00 a. m.","1","GRUPO MAGNELEC C.A. (FERRETERIA)","","",""
"COP400","00","TRACTOR CATERPILLAR CON RIPPER D8R II","351920,39","","0,004041","","3/1/2024 12:00:00 a. m.","1","VENEQUIP - CONSORCIO DE COGESTION","","",""
"COP401","00","TRACTOR CAT D-9T","901405,18","","0,002339","","3/1/2024 12:00:00 a. m.","1","VENEQUIP - CONSORCIO DE COGESTION","","",""
"COP402","00","MOTOTRAILLA  631G SERIE","1067707,24","","0,002158","","3/1/2024 12:00:00 a. m.","1","VENEQUIP - CONSORCIO DE COGESTION","","",""
"COP403","00","TRACTOR CAT D-10T","1117301,85","","0,002348","","3/1/2024 12:00:00 a. m.","1","VENEQUIP - CONSORCIO DE COGESTION","","",""
"COP404","00","TRACTOR CAT D-11T","2265496,83","","0,002269","","3/1/2024 12:00:00 a. m.","1","VENEQUIP - CONSORCIO DE COGESTION","","",""
"COP405","00","TRACTOR CAT D3KXL DE ORUGA (HOJA/DOZERS)","97242,35","","0,002578","","3/1/2024 12:00:00 a. m.","1","VENEQUIP - CONSORCIO DE COGESTION","","",""
"COP406","00","TRACTOR CAT D4GXL DE ORUGA (HOJA/DOZERS)","134169,97","","0,002513","","3/1/2024 12:00:00 a. m.","1","VENEQUIP - CONSORCIO DE COGESTION","","",""
"COP407","00","TRACTOR CAT D5KXL DE ORUGA (HOJA/DOZERS)","160941,93","","0,002497","","3/1/2024 12:00:00 a. m.","1","VENEQUIP - CONSORCIO DE COGESTION","","",""
"COP408","00","TRACTOR DE ORUGA JHON DEERE 450J-LT","107144,61","","0,003213","","3/1/2024 12:00:00 a. m.","1","VENEQUIP - CONSORCIO DE COGESTION","","",""
"COP409","00","TRACTOR DE ORUGA JHON DEERE 550J-LT","133105,15","","0,002321","","3/1/2024 12:00:00 a. m.","1","VENEQUIP - CONSORCIO DE COGESTION","","",""
"COP410","00","TRACTOR DE ORUGA JHON DEERE 650J-LT","165321,58","","0,002498","","3/1/2024 12:00:00 a. m.","1","VENEQUIP - CONSORCIO DE COGESTION","","",""
"COP411","00","TRACTOR DE ORUGA JHON DEERE 700J-LT","200213,26","","0,002486","","3/1/2024 12:00:00 a. m.","1","VENEQUIP - CONSORCIO DE COGESTION","","",""
"COP412","00","TRACTOR DE ORUGA JHON DEERE 750J-LT","268790,87","","0,002355","","3/1/2024 12:00:00 a. m.","1","VENEQUIP - CONSORCIO DE COGESTION","","",""
"COP413","00","TRACTOR DE ORUGA JHON DEERE 850J-LT","290372,86","","0,002459","","3/1/2024 12:00:00 a. m.","1","VENEQUIP - CONSORCIO DE COGESTION","","",""
"COP414","00","MOTOTRAILLA 627G (DOBLE MOTOR)","875638,29","","0,002382","","3/1/2024 12:00:00 a. m.","1","VENEQUIP - CONSORCIO DE COGESTION","","",""
"COP415","00","MOTOTRAILLA 637G (DOBLE MOTOR)","1332406,64","","0,002162","","3/1/2024 12:00:00 a. m.","1","VENEQUIP - CONSORCIO DE COGESTION","","",""
"COP416","00","MOTOTRAILLA 657G (DOBLE MOTOR)","1699338,81","","0,002155","","3/1/2024 12:00:00 a. m.","1","VENEQUIP - CONSORCIO DE COGESTION","","",""
"COP417","00","MOTOTRAILLA 615C SERIE II (SENCILLA)","474743,08","","0,002683","","3/1/2024 12:00:00 a. m.","1","VENEQUIP - CONSORCIO DE COGESTION","","",""
"COP418","00","MOTOTRAILLA 623G (SENCILLA)","840629,04","","0,002477","","3/1/2024 12:00:00 a. m.","1","VENEQUIP - CONSORCIO DE COGESTION","","",""
"COP419","00","CARGADOR DE RUEDAS CAT 938H ARTICULADO 4","215777,25","","0,002219","","3/1/2024 12:00:00 a. m.","1","VENEQUIP - CONSORCIO DE COGESTION","","",""
"COP420","00","CARGADOR DE RUEDAS CAT 950H ARTICULADO 4","250160,28","","0,002259","","3/1/2024 12:00:00 a. m.","1","VENEQUIP - CONSORCIO DE COGESTION","","",""
"COP421","00","CARGADOR DE RUEDAS CAT 966H ARTICULADO 4","264299,05","","0,002247","","3/1/2024 12:00:00 a. m.","1","VENEQUIP - CONSORCIO DE COGESTION","","",""
"COP422","00","CARGADOR DE RUEDAS CAT 952H ARTICULADO 4","403288,31","","0,002048","","3/1/2024 12:00:00 a. m.","1","VENEQUIP - CONSORCIO DE COGESTION","","",""
"COP423","00","CARGADOR DE RUEDAS CAT 972H ARTICULADO 4","424765,23","","0,002058","","3/1/2024 12:00:00 a. m.","1","VENEQUIP - CONSORCIO DE COGESTION","","",""
"COP424","00","CARGADOR DE RUEDAS CAT 980H ARTICULADO 4","510658,44","","0,002036","","3/1/2024 12:00:00 a. m.","1","VENEQUIP - CONSORCIO DE COGESTION","","",""
"COP425","00","CARGADOR DE RUEDAS CAT 990H ARTICULADO 4","1509881,52","","0,001997","","3/1/2024 12:00:00 a. m.","1","VENEQUIP - CONSORCIO DE COGESTION","","",""
"COP426","00","CARGADOR DE RUEDAS JHONN DEERE 444J ARTI","135220,3","","0,002365","","3/1/2024 12:00:00 a. m.","1","VENEQUIP - CONSORCIO DE COGESTION","","",""
"COP427","00","RETROEXCAVADORA CASE 580 SM SERIE 2- 4X2","87930,13","","0,00282","","3/1/2024 12:00:00 a. m.","1","VENEQUIP - CONSORCIO DE COGESTION","","",""
"COP428","00","RETROEXCAVADORA CASE 580 SM SERIE 2- 4X4","99235,97","","0,002765","","3/1/2024 12:00:00 a. m.","1","VENEQUIP - CONSORCIO DE COGESTION","","",""
"COP429","00","RETROEXCAVADORA CASE 590 SM SERIE 2-4X2","98358,66","","0,003153","","3/1/2024 12:00:00 a. m.","1","VENEQUIP - CONSORCIO DE COGESTION","","",""
"COP430","00","RETROEXCAVADORA CASE 590 SM SERIE 2-4X3","104469,26","","0,003126","","3/1/2024 12:00:00 a. m.","1","VENEQUIP - CONSORCIO DE COGESTION","","",""
"COP431","00","RETROEXCAVADORA CASE 590 SM SERIE 2-4X4 ","116715,32","","0,00308","","3/1/2024 12:00:00 a. m.","1","VENEQUIP - CONSORCIO DE COGESTION","","",""
"COP432","00","RETROEXCAVADORA CAT 416 E 4X2 EROPS EXTE","82766,86","","0,00266","","3/1/2024 12:00:00 a. m.","1","VENEQUIP - CONSORCIO DE COGESTION","","",""
"COP433","00","RETROEXCAVADORA CAT 416 E 4X4 EROPS EXTE","92592,9","","0,002617","","3/1/2024 12:00:00 a. m.","1","VENEQUIP - CONSORCIO DE COGESTION","","",""
"COP434","00","RETROEXCAVADORA CAT 420 E 4X2 EROPS","95266,22","","0,002699","","3/1/2024 12:00:00 a. m.","1","VENEQUIP - CONSORCIO DE COGESTION","","",""
"COP435","00","RETROEXCAVADORA CAT 420 E 4X4","99812,64","","0,002678","","3/1/2024 12:00:00 a. m.","1","VENEQUIP - CONSORCIO DE COGESTION","","",""
"COP436","00","RETROEXCAVADORA CAT 420 E 4X4 EROPS ENTE","110365,77","","0,002638","","3/1/2024 12:00:00 a. m.","1","VENEQUIP - CONSORCIO DE COGESTION","","",""
"COP437","00","RETROEXCAVADORA CAT 430 E 4X4 EROPS ENTE","111508,77","","0,00292","","3/1/2024 12:00:00 a. m.","1","VENEQUIP - CONSORCIO DE COGESTION","","",""
"COP438","00","RETROEXCAVADORA CAT 446 D 4X4 EROPS","134289,4","","0,002907","","3/1/2024 12:00:00 a. m.","1","VENEQUIP - CONSORCIO DE COGESTION","","",""
"COP439","00","RETROEXCAVADORA CAT 446 D 4X4 EROPS EXTE","139631,84","","0,002893","","3/1/2024 12:00:00 a. m.","1","VENEQUIP - CONSORCIO DE COGESTION","","",""
"COP440","00","RETROEXCAVADORA CAT 450 E 4X4 EROPS","169333,6","","0,002769","","3/1/2024 12:00:00 a. m.","1","VENEQUIP - CONSORCIO DE COGESTION","","",""
"COP441","00","RETROEXCAVADORA JHON DEERE 310J EROPS 4X","97163,04","","0,002645","","3/1/2024 12:00:00 a. m.","1","VENEQUIP - CONSORCIO DE COGESTION","","",""
"COP442","00","RETROEXCAVADORA JHON DEERE 310J EROPS 4X","89192,64","","0,002682","","3/1/2024 12:00:00 a. m.","1","VENEQUIP - CONSORCIO DE COGESTION","","",""
"COP443","00","RETROEXCAVADORA JHON DEERE 310-SJ EROPS ","106716,25","","0,002661","","3/1/2024 12:00:00 a. m.","1","VENEQUIP - CONSORCIO DE COGESTION","","",""
"COP444","00","MINISHOWEL BOBCAT 463","16714,24","","0,00429","","3/1/2024 12:00:00 a. m.","1","VENEQUIP - CONSORCIO DE COGESTION","","",""
"COP445","00","MINISHOWEL BOBCAT A300","47114,13","","0,004204","","3/1/2024 12:00:00 a. m.","1","VENEQUIP - CONSORCIO DE COGESTION","","",""
"COP446","00","MINISHOWEL BOBCAT S130","27138,61","","0,004199","","3/1/2024 12:00:00 a. m.","1","VENEQUIP - CONSORCIO DE COGESTION","","",""
"COP447","00","MINISHOWEL BOBCAT S250","41064,23","","0,004088","","3/1/2024 12:00:00 a. m.","1","VENEQUIP - CONSORCIO DE COGESTION","","",""
"COP448","00","MINISHOWEL BOBCAT S750","53797,29","","0,003978","","3/1/2024 12:00:00 a. m.","1","VENEQUIP - CONSORCIO DE COGESTION","","",""
"COP449","00","MOTONIVELADORA PATROL KOMATSU GD675-3","324799,15","","0,002137","","3/1/2024 12:00:00 a. m.","1","VENEQUIP - CONSORCIO DE COGESTION","","",""
"COP450","00","MOTONIVELADORA PATROL KOMATSU GD825A-2","467235,05","","0,00217","","3/1/2024 12:00:00 a. m.","1","VENEQUIP - CONSORCIO DE COGESTION","","",""
"COP451","00","MOTONIVELADORA PATROL LEEBOY 785","161650,4","","0,002192","","3/1/2024 12:00:00 a. m.","1","VENEQUIP - CONSORCIO DE COGESTION","","",""
"COP452","00","MOTONIVELADORA PATROL NEW HOLLAND G200","184668,91","","0,002454","","3/1/2024 12:00:00 a. m.","1","VENEQUIP - CONSORCIO DE COGESTION","","",""
"COP453","00","MOTONIVELADORA PATROL VOLVO G930","299151,64","","0,002053","","3/1/2024 12:00:00 a. m.","1","VENEQUIP - CONSORCIO DE COGESTION","","",""
"COP454","00","MOTONIVELADORA PATROL VOLVO G970","400540,89","","0,002063","","3/1/2024 12:00:00 a. m.","1","VENEQUIP - CONSORCIO DE COGESTION","","",""
"COP455","00","MOTONIVELADORA PATROL VOLVO G990","486891,35","","0,002027","","3/1/2024 12:00:00 a. m.","1","VENEQUIP - CONSORCIO DE COGESTION","","",""
"COP456","00","CARGADOR DE ORUGA CAT 939C","135277,98","","0,002644","","3/1/2024 12:00:00 a. m.","1","VENEQUIP - CONSORCIO DE COGESTION","","",""
"COP457","00","CARGADOR DE ORUGA CAT 953D","245084,53","","0,002722","","3/1/2024 12:00:00 a. m.","1","VENEQUIP - CONSORCIO DE COGESTION","","",""
"COP458","00","CARGADOR DE ORUGA CAT 963D","318984,01","","0,002701","","3/1/2024 12:00:00 a. m.","1","VENEQUIP - CONSORCIO DE COGESTION","","",""
"COP459","00","CARGADOR DE ORUGA CAT 973C","447236,84","","0,002799","","3/1/2024 12:00:00 a. m.","1","VENEQUIP - CONSORCIO DE COGESTION","","",""
"COP460","00","CARGADOR DE ORUGA CAT 973D","452035,62","","0,002712","","3/1/2024 12:00:00 a. m.","1","VENEQUIP - CONSORCIO DE COGESTION","","",""
"COP461","00","CARGADOR DE ORUGA JOHN DEERE 605C","164663,5","","0,002512","","3/1/2024 12:00:00 a. m.","1","VENEQUIP - CONSORCIO DE COGESTION","","",""
"COP462","00","CARGADOR DE ORUGA JOHN DEERE 755D","305335,45","","0,002816","","3/1/2024 12:00:00 a. m.","1","VENEQUIP - CONSORCIO DE COGESTION","","",""
"COP463","00","MOTONIVELADORA PATROL CASE 845","240669,89","","0,002162","","3/1/2024 12:00:00 a. m.","1","VENEQUIP - CONSORCIO DE COGESTION","","",""
"COP464","00","MOTONIVELADORA PATROL CASE 885","296312,57","","0,002199","","3/1/2024 12:00:00 a. m.","1","VENEQUIP - CONSORCIO DE COGESTION","","",""
"COP465","00","MOTONIVELADORA PATROL CAT 12M","304952,36","","0,002064","","3/1/2024 12:00:00 a. m.","1","VENEQUIP - CONSORCIO DE COGESTION","","",""
"COP466","00","MOTONIVELADORA PATROL CAT 14M","488792,24","","0,002066","","3/1/2024 12:00:00 a. m.","1","VENEQUIP - CONSORCIO DE COGESTION","","",""
"COP467","00","MOTONIVELADORA PATROL CAT 16M","782935,11","","0,002008","","3/1/2024 12:00:00 a. m.","1","VENEQUIP - CONSORCIO DE COGESTION","","",""
"COP468","00","MOTONIVELADORA PATROL CAT 120M","297768,7","","0,002075","","3/1/2024 12:00:00 a. m.","1","VENEQUIP - CONSORCIO DE COGESTION","","",""
"COP469","00","MOTONIVELADORA PATROL CAT 135H","191197,66","","0,002274","","3/1/2024 12:00:00 a. m.","1","VENEQUIP - CONSORCIO DE COGESTION","","",""
"COP470","00","MOTONIVELADORA PATROL CAT 140H","310445,18","","0,002195","","3/1/2024 12:00:00 a. m.","1","VENEQUIP - CONSORCIO DE COGESTION","","",""
"COP471","00","MOTONIVELADORA PATROL CAT 140M","342791,31","","0,002054","","3/1/2024 12:00:00 a. m.","1","VENEQUIP - CONSORCIO DE COGESTION","","",""
"COP472","00","MOTONIVELADORA PATROL CAT 160M","370945,27","","0,002082","","3/1/2024 12:00:00 a. m.","1","VENEQUIP - CONSORCIO DE COGESTION","","",""
"COP473","00","MOTONIVELADORA PATROL JOHN DEERE 670D","243008,55","","0,00219","","3/1/2024 12:00:00 a. m.","1","VENEQUIP - CONSORCIO DE COGESTION","","",""
"COP474","00","MOTONIVELADORA PATROL JOHN DEERE 670G","260211,86","","0,0021","","3/1/2024 12:00:00 a. m.","1","VENEQUIP - CONSORCIO DE COGESTION","","",""
"COP475","00","MOTONIVELADORA PATROL JOHN DEERE 770G","286638,93","","0,002092","","3/1/2024 12:00:00 a. m.","1","VENEQUIP - CONSORCIO DE COGESTION","","",""
"COP476","00","MOTONIVELADORA PATROL JOHN DEERE 772G","329178,7","","0,002075","","3/1/2024 12:00:00 a. m.","1","VENEQUIP - CONSORCIO DE COGESTION","","",""
"COP477","00","MOTONIVELADORA PATROL JOHN DEERE 870G","309164,11","","0,002073","","3/1/2024 12:00:00 a. m.","1","VENEQUIP - CONSORCIO DE COGESTION","","",""
"COP478","00","MOTONIVELADORA PATROL JOHN DEERE 872G","379448,09","","0,002078","","3/1/2024 12:00:00 a. m.","1","VENEQUIP - CONSORCIO DE COGESTION","","",""
"COP479","00","MOTONIVELADORA PATROL KOMATSU GD555-3","281253,23","","0,002056","","3/1/2024 12:00:00 a. m.","1","VENEQUIP - CONSORCIO DE COGESTION","","",""
"COP480","00","MOTONIVELADORA PATROL KOMATSU GD655-3","314603,36","","0,002068","","3/1/2024 12:00:00 a. m.","1","VENEQUIP - CONSORCIO DE COGESTION","","",""
"COP481","00","MINISHOVEL CASE 410","23714,61","","0,004678","","3/1/2024 12:00:00 a. m.","1","VENEQUIP - CONSORCIO DE COGESTION","","",""
"COP482","00","MINISHOVEL CASE 420","28781,07","","0,004396","","3/1/2024 12:00:00 a. m.","1","VENEQUIP - CONSORCIO DE COGESTION","","",""
"COP483","00","MINISHOVEL CASE 435","34434,5","","0,004457","","3/1/2024 12:00:00 a. m.","1","VENEQUIP - CONSORCIO DE COGESTION","","",""
"COP484","00","MINISHOVEL CAT 216B SERIE 2","29788,22","","0,004061","","3/1/2024 12:00:00 a. m.","1","VENEQUIP - CONSORCIO DE COGESTION","","",""
"COP485","00","MINISHOVEL CAT 246C","43876,55","","0,004014","","3/1/2024 12:00:00 a. m.","1","VENEQUIP - CONSORCIO DE COGESTION","","",""
"COP486","00","MINISHOVEL CAT 272C","53775,7","","0,004016","","3/1/2024 12:00:00 a. m.","1","VENEQUIP - CONSORCIO DE COGESTION","","",""
"COP487","00","MINISHOVEL JOHN DEERE 313","24440,59","","0,004213","","3/1/2024 12:00:00 a. m.","1","VENEQUIP - CONSORCIO DE COGESTION","","",""
"COP488","00","MINISHOVEL JOHN DEERE 315","26296,24","","0,00405","","3/1/2024 12:00:00 a. m.","1","VENEQUIP - CONSORCIO DE COGESTION","","",""
"COP489","00","TRACTOR DE ORUGA CASE 550H LT","101141,05","","0,002532","","3/1/2024 12:00:00 a. m.","1","VENEQUIP - CONSORCIO DE COGESTION","","",""
"COP490","00","TRACTOR DE ORUGA CASE 550H WT","103506,44","","0,002524","","3/1/2024 12:00:00 a. m.","1","VENEQUIP - CONSORCIO DE COGESTION","","",""
"COP491","00","TRACTOR DE ORUGA CASE 1650L WT","294900,76","","0,00242","","3/1/2024 12:00:00 a. m.","1","VENEQUIP - CONSORCIO DE COGESTION","","",""
"COP492","00","TRACTOR DE ORUGA CASE 1650L XLT","273920,19","","0,002336","","3/1/2024 12:00:00 a. m.","1","VENEQUIP - CONSORCIO DE COGESTION","","",""
"COP493","00","TRACTOR DE ORUGA JOHN DEERE 850J LT","351769,88","","0,002407","","3/1/2024 12:00:00 a. m.","1","VENEQUIP - CONSORCIO DE COGESTION","","",""
"COP494","00","TRACTOR DE ORUGA JOHN DEERE 850J WLT","328482,65","","0,002424","","3/1/2024 12:00:00 a. m.","1","VENEQUIP - CONSORCIO DE COGESTION","","",""
"COP495","00","TRACTOR DE ORUGA JOHN DEERE 950J","461538,34","","0,002341","","3/1/2024 12:00:00 a. m.","1","VENEQUIP - CONSORCIO DE COGESTION","","",""
"COP496","00","TRACTOR DE ORUGA JOHN DEERE 1050J","647241,09","","0,002319","","3/1/2024 12:00:00 a. m.","1","VENEQUIP - CONSORCIO DE COGESTION","","",""
"COP497","00","TRACTOR DE ORUGA KOMATSU D85EX-15","457322,44","","0,002335","","3/1/2024 12:00:00 a. m.","1","VENEQUIP - CONSORCIO DE COGESTION","","",""
"COP498","00","TRACTOR DE ORUGA KOMATSU D155AX-6","544895,25","","0,002378","","3/1/2024 12:00:00 a. m.","1","VENEQUIP - CONSORCIO DE COGESTION","","",""
"COP499","00","TRACTOR DE ORUGA NEW HOLLAND D75 LT","91724,83","","0,002738","","3/1/2024 12:00:00 a. m.","1","VENEQUIP - CONSORCIO DE COGESTION","","",""
"COP500","00","EXCAVADORA JUMBO CASE CX75","115886,32","","0,002576","","3/1/2024 12:00:00 a. m.","1","VENEQUIP - CONSORCIO DE COGESTION","","",""
"COP501","00","EXCAVADORA JUMBO CASE CX130B","173387,78","","0,002526","","3/1/2024 12:00:00 a. m.","1","VENEQUIP - CONSORCIO DE COGESTION","","",""
"COP502","00","EXCAVADORA JUMBO CASE CX240B","309186,8","","0,002445","","3/1/2024 12:00:00 a. m.","1","VENEQUIP - CONSORCIO DE COGESTION","","",""
"COP503","00","EXCAVADORA JUMBO CASE CX700","812994,12","","0,002272","","3/1/2024 12:00:00 a. m.","1","VENEQUIP - CONSORCIO DE COGESTION","","",""
"COP504","00","EXCAVADORA JUMBO CAT 307C ","109570,82","","0,002625","","3/1/2024 12:00:00 a. m.","1","VENEQUIP - CONSORCIO DE COGESTION","","",""
"COP505","00","EXCAVADORA JUMBO CAT 311C","127614,41","","0,002593","","3/1/2024 12:00:00 a. m.","1","VENEQUIP - CONSORCIO DE COGESTION","","",""
"COP506","00","EXCAVADORA JUMBO CAT 312C","150495,95","","0,002548","","3/1/2024 12:00:00 a. m.","1","VENEQUIP - CONSORCIO DE COGESTION","","",""
"COP507","00","EXCAVADORA JUMBO CAT 315D","170798,92","","0,002669","","3/1/2024 12:00:00 a. m.","1","VENEQUIP - CONSORCIO DE COGESTION","","",""
"COP508","00","EXCAVADORA JUMBO CAT 319D L","201560,22","","0,002462","","3/1/2024 12:00:00 a. m.","1","VENEQUIP - CONSORCIO DE COGESTION","","",""
"COP509","00","EXCAVADORA JUMBO CAT 320C LU","230385,61","","0,002495","","3/1/2024 12:00:00 a. m.","1","VENEQUIP - CONSORCIO DE COGESTION","","",""
"COP510","00","EXCAVADORA JUMBO CAT 320D L","210778,74","","0,002511","","3/1/2024 12:00:00 a. m.","1","VENEQUIP - CONSORCIO DE COGESTION","","",""
"COP511","00","EXCAVADORA JUMBO CAT 324D L","267205,02","","0,002507","","3/1/2024 12:00:00 a. m.","1","VENEQUIP - CONSORCIO DE COGESTION","","",""
"COP512","00","EXCAVADORA JUMBO CAT 324E L","306151,08","","0,002465","","3/1/2024 12:00:00 a. m.","1","VENEQUIP - CONSORCIO DE COGESTION","","",""
"COP513","00","EXCAVADORA JUMBO CAT 329D L","291136,95","","0,002509","","3/1/2024 12:00:00 a. m.","1","VENEQUIP - CONSORCIO DE COGESTION","","",""
"COP514","00","EXCAVADORA JUMBO CAT 330D L","491200,89","","0,002455","","3/1/2024 12:00:00 a. m.","1","VENEQUIP - CONSORCIO DE COGESTION","","",""
"COP515","00","EXCAVADORA JUMBO CAT 345D L","527785,63","","0,002519","","3/1/2024 12:00:00 a. m.","1","VENEQUIP - CONSORCIO DE COGESTION","","",""
"COP516","00","EXCAVADORA JUMBO CAT 365C L","771375,52","","0,002237","","3/1/2024 12:00:00 a. m.","1","VENEQUIP - CONSORCIO DE COGESTION","","",""
"COP517","00","EXCAVADORA JUMBO CAT 385C L","1179088,09","","0,002191","","3/1/2024 12:00:00 a. m.","1","VENEQUIP - CONSORCIO DE COGESTION","","",""
"COP518","00","EXCAVADORA JUMBO CAT 390D L","1082345,21","","0,002216","","3/1/2024 12:00:00 a. m.","1","VENEQUIP - CONSORCIO DE COGESTION","","",""
"COP519","00","EXCAVADORA JUMBO JOHN DEERE 75C","122624,14","","0,002602","","3/1/2024 12:00:00 a. m.","1","VENEQUIP - CONSORCIO DE COGESTION","","",""
"COP520","00","EXCAVADORA JUMBO JOHN DEERE 75D","115208,73","","0,002577","","3/1/2024 12:00:00 a. m.","1","VENEQUIP - CONSORCIO DE COGESTION","","",""
"COP521","00","EXCAVADORA JUMBO JOHN DEERE 80C","119474,1","","0,002808","","3/1/2024 12:00:00 a. m.","1","VENEQUIP - CONSORCIO DE COGESTION","","",""
"COP522","00","EXCAVADORA JUMBO JOHN DEERE 85D","124860,81","","0,002476","","3/1/2024 12:00:00 a. m.","1","VENEQUIP - CONSORCIO DE COGESTION","","",""
"COP523","00","EXCAVADORA JUMBO JOHN DEERE 120D","123259,7","","0,002826","","3/1/2024 12:00:00 a. m.","1","VENEQUIP - CONSORCIO DE COGESTION","","",""
"COP524","00","EXCAVADORA JUMBO JOHN DEERE 135D","166679,84","","0,00253","","3/1/2024 12:00:00 a. m.","1","VENEQUIP - CONSORCIO DE COGESTION","","",""
"COP525","00","EXCAVADORA JUMBO JOHN DEERE 350D LC","383405,51","","0,002538","","3/1/2024 12:00:00 a. m.","1","VENEQUIP - CONSORCIO DE COGESTION","","",""
"COP526","00","EXCAVADORA JUMBO JOHN DEERE 650D LC","1111869,8","","0,002214","","3/1/2024 12:00:00 a. m.","1","VENEQUIP - CONSORCIO DE COGESTION","","",""
"COP527","00","PAVIMENTADORA DE ORUGA BARBER-GREENE BG-","259795,85","","0,003261","","3/1/2024 12:00:00 a. m.","1","VENEQUIP - CONSORCIO DE COGESTION","","",""
"COP528","00","PAVIMENTADORA DE ORUGA CAT AP-555E","398877,8","","0,003133","","3/1/2024 12:00:00 a. m.","1","VENEQUIP - CONSORCIO DE COGESTION","","",""
"COP529","00","PAVIMENTADORA DE ORUGA CAT AP-655E","407095,36","","0,003194","","3/1/2024 12:00:00 a. m.","1","VENEQUIP - CONSORCIO DE COGESTION","","",""
"COP530","00","PAVIMENTADORA DE ORUGA CAT AP-1055E","425289,4","","0,003239","","3/1/2024 12:00:00 a. m.","1","VENEQUIP - CONSORCIO DE COGESTION","","",""
"COP531","00","PAVIMENTADORA DE ORUGA CAT BG-2455D","419141,64","","0,003245","","3/1/2024 12:00:00 a. m.","1","VENEQUIP - CONSORCIO DE COGESTION","","",""
"COP998","00","CAMION FORD CHEVROLET 350 O SIMILAR","38814,46","","0,00315","","3/1/2024 12:00:00 a. m.","1","GRUPO MAGNELEC C.A. (FERRETERIA)","","",""
"COPA01","00","COMPRESOR ATLAS COPCO  XA-160","26431,74","","0,003567","","3/1/2024 12:00:00 a. m.","1","GRUPO MAGNELEC C.A. (FERRETERIA)","","",""
"COPA02","00","COMPRESOR ATLAS COPCO  XA-350","30893,19","","0,003624","","3/1/2024 12:00:00 a. m.","1","GRUPO MAGNELEC C.A. (FERRETERIA)","","",""
"COPA03","00","EQUIPO SANDBLASTING PEQUEÑO","3960,68","","0,004277","","3/1/2024 12:00:00 a. m.","1","GRUPO MAGNELEC C.A. (FERRETERIA)","","",""
"COPA04","00","GRUA TELESCOPICA BUCYRUS 18 TON","57825,65","","0,003375","","3/1/2024 12:00:00 a. m.","1","GRUPO MAGNELEC C.A. (FERRETERIA)","","",""
"COPA05","00","SOLDADORA LINCOLN SA-400","13862,28","","0,005228","","3/1/2024 12:00:00 a. m.","1","GRUPO MAGNELEC C.A. (FERRETERIA)","","",""
"COPA06","00","SOLDADORA LINCOLN SA-200","12674,12","","0,00412","","3/1/2024 12:00:00 a. m.","1","GRUPO MAGNELEC C.A. (FERRETERIA)","","",""
"COPA07","00","CAMION ARTICULADO CAT 730","427751,21","","0,003777","","3/1/2024 12:00:00 a. m.","1","GRUPO MAGNELEC C.A. (FERRETERIA)","","",""
"COVI01","00","CABINA/TUNEL INTELIGENTE DESINFECCION SA","12124,82","","0,008","","3/1/2024 12:00:00 a. m.","1","","","",""
"COVI02","00","CABINA /TUNEL DE DESINFECCION SANITARIA","183,67","","1","","3/1/2024 12:00:00 a. m.","1","","","",""
"COVI03","00","CABINA DESINFECCION SANITARIA EXCLUYE RO","171,48","","1","","3/1/2024 12:00:00 a. m.","1","","","",""
"COVI04","00","MOCHILA PULVERIZADORA A BATERIA LITIO 6","61,22","","1","","3/1/2024 12:00:00 a. m.","1","","","",""
"COVI05","00","PULVERIZADOR A BATERIA FUMIGACION COVID1","49,02","","0","","3/1/2024 12:00:00 a. m.","1","","","",""
"COVI06","00","TERMOMETRO INFRARROJO DIGITAL","2,47","","0,047","","3/1/2024 12:00:00 a. m.","1","","","",""
"COVI07","00","TRAJE PROTECTOR BIOSEGURIDAD COVID 19","122,5","","0,1","","3/1/2024 12:00:00 a. m.","1","","","",""
"COVI08","00","CARETA POLICARBONATO ACRILICO FACE SHIEL","20,84","","0,1","","3/1/2024 12:00:00 a. m.","1","","","",""
"CPT001","00","APISONADOR MANUAL","3,59","","1","","3/1/2024 12:00:00 a. m.","1","","","",""
"CPT002","00","COMPACTADOR DE NEUMATICO INGRAM TAMPO O ","343,26","","1","","3/1/2024 12:00:00 a. m.","1","MPA MAQUINARIAS PARA ALQUILAR C.A.","","",""
"CPT003","00","COMPACTADORA RANA/GASOLINA 90 KG","54,23","","1","","3/1/2024 12:00:00 a. m.","1","DM Y ESTRUCTURAS C.A. (Andamios)","","",""
"CPT004","00","COMPACTADORA BAILARINA DE PISON (AIRE)","440,15","","0,015","","3/1/2024 12:00:00 a. m.","1","","","",""
"CPT005","00","COMPACTADORA RANA 115 KG 40 CM 4.6 HP WE","3161,34","","0,005","","3/1/2024 12:00:00 a. m.","1","MAQUINARIAS LARMAQ C.A.","","",""
"CPT006","00","COMPACTADORA RANA 7 HP, 300 KG","54,23","","1","","3/1/2024 12:00:00 a. m.","1","MPA MAQUINARIAS PARA ALQUILAR C.A.","","",""
"CPT007","00","COMPACTADORA RANA VIBRADORA  A GASOLINA","54,23","","1","","3/1/2024 12:00:00 a. m.","1","MPA MAQUINARIAS PARA ALQUILAR C.A.","","",""
"CPT008","00","VIBROCOMPACTADORA AUTOPROPULSADA","105678,51","","0,004","","3/1/2024 12:00:00 a. m.","1","","","",""
"CPT009","00","COMPACTADORA RANA/GASOLINA 130-160 KG","76,22","","1","","3/1/2024 12:00:00 a. m.","1","DM Y ESTRUCTURAS C.A. (Andamios)","","",""
"CPT010","00","COMPACTADORA VIBRADORA DOBLE RODILLO 770","243,93","","1","","3/1/2024 12:00:00 a. m.","1","MPA MAQUINARIAS PARA ALQUILAR C.A.","","",""
"CPT011","00","PISON DE AIRE","76,22","","0,015","","3/1/2024 12:00:00 a. m.","1","","","",""
"CPT012","00","COMPACTADORA RANA/GASOLINA 200 KG","72,25","","1","","3/1/2024 12:00:00 a. m.","1","DM Y ESTRUCTURAS C.A. (Andamios)","","",""
"CPT013","00","COMPACTADORA DE RODILLO AUTO-PROP 7.5 TO","225,84","","1","","3/1/2024 12:00:00 a. m.","1","MPA MAQUINARIAS -SUCURSAL","","",""
"CPT014","00","COMPACTADORA TIPO RODILLO DE 80 CMS","60,48","","1","","3/1/2024 12:00:00 a. m.","1","DM Y ESTRUCTURAS C.A. (Andamios)","","",""
"CPT015","00","COMPACTADORA RANA DE 40 CM IMPORTADA","2270,36","","0,0045","","3/1/2024 12:00:00 a. m.","1","","","",""
"CPT016","00","COMPACTADORA RANA 90 X 50 C/RETRO/ DIESE","3974,23","","0,006","","3/1/2024 12:00:00 a. m.","1","","","",""
"CPT017","00","COMPACTADORA DE RODILLO CAT CB-534","100259,1","","0,005","","3/1/2024 12:00:00 a. m.","1","","","",""
"CPT018","00","COMPACTADORA RANA / PLANCHA 0.50 X 1.0M ","72,25","","1","","3/1/2024 12:00:00 a. m.","1","","","",""
"CPT019","00","COMPACTADORA RANA/PLANCHA 0.40 X 0.40 GA","45,2","","1","","3/1/2024 12:00:00 a. m.","1","MAQUINARIAS GIANPRO C.A. - ALQUILER","","",""
"CPT020","00","RODILLO VIBRATORIO 180 KG","108,38","","1","","3/1/2024 12:00:00 a. m.","1","DM Y ESTRUCTURAS C.A. (Andamios)","","",""
"CPT021","00","COMPACTADORA CAT 815, PATA DE CABRA 315 ","319745,28","","0,004","","3/1/2024 12:00:00 a. m.","1","VENEQUIP - CONSORCIO DE COGESTION","","",""
"CPT022","00","COMPACTADORA CAT CS-323 DE RODILLO","83219,43","","0,005","","3/1/2024 12:00:00 a. m.","1","VENEQUIP - CONSORCIO DE COGESTION","","",""
"CPT023","00","COMPACTADORA CAT CS-431 DE RODILLO","72258,8","","0,005","","3/1/2024 12:00:00 a. m.","1","","","",""
"CPT024","00","COMPACTADORA TIPO RANA PLANCHA 50 X 70 C","45,2","","1","","3/1/2024 12:00:00 a. m.","1","DM Y ESTRUCTURAS C.A. (Andamios)","","",""
"CPT025","00","PISON MANUAL","18,08","","0,009","","3/1/2024 12:00:00 a. m.","1","ARFESA ARAGUA FERRETERA S.A.","","",""
"CPT026","00","BAILARINA / PISON/ PISONETA (AIRE)","5,87","","1","","3/1/2024 12:00:00 a. m.","1","DM Y ESTRUCTURAS C.A. (Andamios)","","",""
"CPT027","00","COMPACTADORA RANA 0,50 X 1,0M 280 KG 9HP","5343,97","","0,007","","3/1/2024 12:00:00 a. m.","1","","","",""
"CPT028","00","COMPACTADORA RANA 200 KG, 50 CM 6 HP WEB","54,23","","1","","3/1/2024 12:00:00 a. m.","1","MAQUINARIAS LARMAQ C.A.","","",""
"CPT029","00","COMPACTADORA CAT 825C","1806,47","","1","","3/1/2024 12:00:00 a. m.","1","MPA MAQUINARIAS PARA ALQUILAR C.A.","","",""
"CPT030","00","MARTILLO / PISONETA","7,22","","1","","3/1/2024 12:00:00 a. m.","1","","","",""
"CPT031","00","COMPACTADORA DE RODILLO AUTO-PROP 10.5 T","243,93","","1","","3/1/2024 12:00:00 a. m.","1","MPA MAQUINARIAS -SUCURSAL","","",""
"CPT032","00","COMPACTADORA RANA DE 80 CM","45,2","","1","","3/1/2024 12:00:00 a. m.","1","MPA MAQUINARIAS PARA ALQUILAR C.A.","","",""
"CPT033","00","MANDARRIA 10 KG/22 LB (SLEDGE HAMMER)","67,74","","0,01","","3/1/2024 12:00:00 a. m.","1","","","",""
"CPT034","00","EQUIPO PARA COMPACTACION HIDRAULICA","469,69","","1","","3/1/2024 12:00:00 a. m.","1","MPA MAQUINARIAS PARA ALQUILAR C.A.","","",""
"CPT035","00","COMPACTADORA TIPO PISON A GASOIL (SAPO)","63,26","","1","","3/1/2024 12:00:00 a. m.","1","MPA MAQUINARIAS -SUCURSAL","","",""
"CPT036","00","COMPACTADORA RANA 80 KG GASOLINA 6,5 HP ","1354,89","","0,006","","3/1/2024 12:00:00 a. m.","1","EPA SUPERFERRETERIA","","",""
"CPT037","00","COMPACTADORA DOBLE RODILLO 600 KG","225,84","","1","","3/1/2024 12:00:00 a. m.","1","DM Y ESTRUCTURAS C.A. (Andamios)","","",""
"CPT038","00","COMPACTADORA TIPO RODILLO 800 KG","271","","1","","3/1/2024 12:00:00 a. m.","1","DM Y ESTRUCTURAS C.A. (Andamios)","","",""
"CPT039","00","COMPACTADORA CAUCHOS/NEUMATICOS TAMPO","121936,72","","0,00246","","3/1/2024 12:00:00 a. m.","1","GRUPO MAGNELEC C.A. (FERRETERIA)","","",""
"CPT040","00","PISONETA DE AIRE PARA COMPACTACION","5,38","","1","","3/1/2024 12:00:00 a. m.","1","DM Y ESTRUCTURAS C.A. (Andamios)","","",""
"CPT041","00","RODILLO COMPACTADOR","5,98","","1","","3/1/2024 12:00:00 a. m.","1","DISTRIBUIDORA DIMPERCA C.A.","","",""
"DEM001","00","MARTILLO PARA COMPRESOR","2258,12","","0,006","","3/1/2024 12:00:00 a. m.","1","","","",""
"DEM002","00","COMPRESOR CON 2 MARTILLOS","171,66","","1","","3/1/2024 12:00:00 a. m.","1","TALLER MECANICO INDUST. PARIS C.A.","","",""
"DEM003","00","EQUIPO PARA DEMOLICION MANUAL","1,18","","1","","3/1/2024 12:00:00 a. m.","1","","","",""
"DEM004","00","MANDARRIA MANGO LARGO 5 KG","41,58","","0,01","","3/1/2024 12:00:00 a. m.","1","","","",""
"DEM005","00","MARTILLO TIPO CARPINTERO NACIONAL","22,55","","0,022","","3/1/2024 12:00:00 a. m.","1","","","",""
"DEM006","00","MARTILLO NEUMATICO C/MANGUERAS (2 UNIDAD","65,01","","1","","3/1/2024 12:00:00 a. m.","1","","","",""
"DEM007","00","MARTILLO NEUMATICO CON MANGUERA","40,68","","1","","3/1/2024 12:00:00 a. m.","1","MPA MAQUINARIAS PARA ALQUILAR C.A.","","",""
"DEM008","00","CINCEL PLANO 1'"","9,05","","0,05","","3/1/2024 12:00:00 a. m.","1","","","",""
"DEM009","00","MANDARRIA MANGO CORTO 3 KG","31,64","","0,01","","3/1/2024 12:00:00 a. m.","1","","","",""
"DEM010","00","MARTILLO PARA COMPRESOR C/MANGUERA Y PUN","31,64","","1","","3/1/2024 12:00:00 a. m.","1","MPA MAQUINARIAS -SUCURSAL","","",""
"DEM011","00","MARTILLO DEMOLEDOR ELECTRICO GRANDE 30 K","40,68","","1","","3/1/2024 12:00:00 a. m.","1","DM Y ESTRUCTURAS C.A. (Andamios)","","",""
"DEM012","00","MARTILLO DEMOLEDOR ELECTRICO MEDIANO 20 ","37,16","","1","","3/1/2024 12:00:00 a. m.","1","DM Y ESTRUCTURAS C.A. (Andamios)","","",""
"DEM013","00","COMPRESOR CON MANGUERA (TIPO PINTOR)","13,54","","1","","3/1/2024 12:00:00 a. m.","1","","","",""
"DEM014","00","COMPRESOR CON UN MARTILLO","126,43","","1","","3/1/2024 12:00:00 a. m.","1","DISTRIBUIDORA DIMPERCA C.A.","","",""
"DEM015","00","COMPRESOR PARA 4 MARTILLOS","135,51","","1","","3/1/2024 12:00:00 a. m.","1","MPA MAQUINARIAS PARA ALQUILAR C.A.","","",""
"DEM016","00","COMPRESOR PARA 1 MARTILLO","108,38","","1","","3/1/2024 12:00:00 a. m.","1","MPA MAQUINARIAS PARA ALQUILAR C.A.","","",""
"DEM017","00","COMPRESOR PARA 2 MARTILLOS","180,66","","1","","3/1/2024 12:00:00 a. m.","1","MPA MAQUINARIAS PARA ALQUILAR C.A.","","",""
"DEM018","00","COMPRESOR PARA 3 MARTILLOS","198,72","","1","","3/1/2024 12:00:00 a. m.","1","MPA MAQUINARIAS PARA ALQUILAR C.A.","","",""
"DEM019","00","COMPRESOR P/DOS MARTILLOS LIVIANO ATLAS ","23482,94","","0,0031","","3/1/2024 12:00:00 a. m.","1","","","",""
"DEM020","00","SERRUCHO PROFESIONAL","23,45","","0,018","","3/1/2024 12:00:00 a. m.","1","EPA SUPERFERRETERIA","","",""
"DEM021","00","ROTOMARTILLO ELECTRICO","27,44","","1","","3/1/2024 12:00:00 a. m.","1","DM Y ESTRUCTURAS C.A. (Andamios)","","",""
"DEM022","00","MARTILLO / PISONETA NEUMATICA","19,86","","1","","3/1/2024 12:00:00 a. m.","1","MPA MAQUINARIAS -SUCURSAL","","",""
"DEM023","00","HERRAMIENTAS NEUMATICAS P/PERNOS, TORNIL","5,09","","1","","3/1/2024 12:00:00 a. m.","1","","","",""
"DEM024","00","COMPRESOR AIRE 185 CFM-102 PSI COMPAIR-D","29806,8","","0,0032","","3/1/2024 12:00:00 a. m.","1","MAQUINARIAS LARMAQ C.A.","","",""
"DEM025","00","MARTILLO NEUMATICO DE 27 KG","2204,87","","0,0035","","3/1/2024 12:00:00 a. m.","1","MAQUINARIAS LARMAQ C.A.","","",""
"DEM026","00","PUNTA PARA MARTILLO NEUMATICO DEMOLER CO","90,34","","0,012","","3/1/2024 12:00:00 a. m.","1","MAQUINARIAS LARMAQ C.A.","","",""
"DEM027","00","MANDARRIA MANGO MADERA 3 LBS IMPORTADA","19,86","","0,01","","3/1/2024 12:00:00 a. m.","1","","","",""
"DEM028","00","MANGUERA 20 M P/MARTILLO NEUMATICO COMPR","1083,91","","0,006","","3/1/2024 12:00:00 a. m.","1","MAQUINARIAS LARMAQ C.A.","","",""
"DEM029","00","COMPRESOR 750 CFM P/ SAND BLASTING","94,85","","1","","3/1/2024 12:00:00 a. m.","1","MPA MAQUINARIAS PARA ALQUILAR C.A.","","",""
"DEM030","00","COMPRESOR ATLAS COPCO XA 360 P/MARTILLO","22580,93","","0,0035","","3/1/2024 12:00:00 a. m.","1","","","",""
"DEM031","00","COMPRESOR PARA PINTAR CON PISTOLA","10567,35","","0,009","","3/1/2024 12:00:00 a. m.","1","","","",""
"DEM032","00","COMPRESOR PARA DOS MARTILLOS (CON UN MAR","135,51","","1","","3/1/2024 12:00:00 a. m.","1","MPA MAQUINARIAS PARA ALQUILAR C.A.","","",""
"DEM033","00","MARTILLO PARA HINCA","903,25","","1","","3/1/2024 12:00:00 a. m.","1","","","",""
"DEM034","00","EQUIPO SANDBLASTING","4226,89","","0,009","","3/1/2024 12:00:00 a. m.","1","","","",""
"DEM035","00","MARTILLO HIDRAULICO POCLAIN. MOD. D-70","38629,45","","0,0027","","3/1/2024 12:00:00 a. m.","1","","","",""
"DEM036","00","COMPRESOR ATLAS COPCO 90 KD7 SIN MARTILL","24387,36","","0,0035","","3/1/2024 12:00:00 a. m.","1","GRUPO MAGNELEC C.A. (FERRETERIA)","","",""
"DEM037","00","MANDARRIA MANGO DE MADERA 12 LBS IMPORTA","54,23","","0,01","","3/1/2024 12:00:00 a. m.","1","","","",""
"DEM038","00","CINCEL PLANO","10,86","","0,05","","3/1/2024 12:00:00 a. m.","1","","","",""
"DEM040","00","CINCEL DE PUNTA","11,76","","0,05","","3/1/2024 12:00:00 a. m.","1","","","",""
"DEM041","00","COMPRESOR PARA POZOS","16,88","","1","","3/1/2024 12:00:00 a. m.","1","ALQUIHERRAMIENTAS 2112 C.A.","","",""
"DEM042","00","MARTILLO DEMOLEDOR ELECTRICO 10 KG","35,19","","1","","3/1/2024 12:00:00 a. m.","1","DM Y ESTRUCTURAS C.A. (Andamios)","","",""
"ELE001","00","CAJA DE HERRAMIENTAS (ELECTRICIDAD)","8,14","","1","","3/1/2024 12:00:00 a. m.","1","","","",""
"ELE002","00","EQUIPO PARA ELECTRICIDAD","8,37","","0,04","","3/1/2024 12:00:00 a. m.","1","","","",""
"ELE003","00","EQUIPO DE ELECTRICIDAD","1,28","","1","","3/1/2024 12:00:00 a. m.","1","","","",""
"ELE004","00","EQUIPO PARA INSTALACIONES TELEFONICAS","14,46","","0,09","","3/1/2024 12:00:00 a. m.","1","","","",""
"ELE005","00","EQUIPO PARA TUBERIA ELECTRICA","6,39","","1","","3/1/2024 12:00:00 a. m.","1","","","",""
"ELE006","00","EQUIPO TRABAJO ELECTRICIDAD ALTA TENSION","180,66","","0,009","","3/1/2024 12:00:00 a. m.","1","","","",""
"ELE007","00","HERRAMIENTAS P/ELECTRICISTA","37,11","","0,09","","3/1/2024 12:00:00 a. m.","1","","","",""
"ELE008","00","HERRAMIENTAS ESPECIALES PARA TRAB. ALTO ","24,14","","0,09","","3/1/2024 12:00:00 a. m.","1","","","",""
"ELE009","00","TALLER DE ELECTRICIDAD","137,02","","0,009","","3/1/2024 12:00:00 a. m.","1","","","",""
"ELE010","00","EQUIPO TIPO 1 TUBERIA ELECTRICA","5,44","","1","","3/1/2024 12:00:00 a. m.","1","","","",""
"ELE011","00","CAJA HERRAMIENTAS CABLISTAS","233,01","","0,04","","3/1/2024 12:00:00 a. m.","1","","","",""
"ELE012","00","EQUIPOS PARA ELECTRICIDAD ALTA TENSION","3,17","","1","","3/1/2024 12:00:00 a. m.","1","","","",""
"ELE013","00","EQUIPO DE ELECTRICIDAD PARA INSTALACIONE","2,04","","1","","3/1/2024 12:00:00 a. m.","1","","","",""
"ELE014","00","JUEGO DESTORNILLADORES (ATORNILLADOR)+AL","41,12","","0,015","","3/1/2024 12:00:00 a. m.","1","","","",""
"ELE015","00","NAVAJA TIPO ELECTRICISTA","9,05","","0,005","","3/1/2024 12:00:00 a. m.","1","","","",""
"ELE016","00","PROBADOR DE CORRIENTE MULTIMETRO SIMPSOM","4,35","","1","","3/1/2024 12:00:00 a. m.","1","","","",""
"ELE017","00","SACABOCADOS HIDRAULICO DE 1'" A 4'"","272,39","","0,002","","3/1/2024 12:00:00 a. m.","1","","","",""
"ELE018","00","TALADRO LIVIANO SKIL B&D 3/8'" O SIM","176,13","","0,01","","3/1/2024 12:00:00 a. m.","1","","","",""
"ELE019","00","ZORRA HIDRAULICA MANUAL TIPO PALETA","9,91","","1","","3/1/2024 12:00:00 a. m.","1","","","",""
"ELE020","00","TORRE ILUMINACION C/PLANTA GENERACION EL","36,17","","1","","3/1/2024 12:00:00 a. m.","1","MPA MAQUINARIAS PARA ALQUILAR C.A.","","",""
"ELE021","00","HERRAMIENTA P/MEZCLAR LIVIANA SKIL 3/8'" ","117,41","","0,004","","3/1/2024 12:00:00 a. m.","1","","","",""
"ELE022","00","ALICATE PELACABLES AUTOMATICO GREENLEE O","75,37","","0,01","","3/1/2024 12:00:00 a. m.","1","","","",""
"ELE023","00","BOMBILLO Y PORTA BOMBILLO.","6,39","","0,03","","3/1/2024 12:00:00 a. m.","1","","","",""
"ELE024","00","CABLE BIPOLAR NO. 12  ML","3,23","","0,01","","3/1/2024 12:00:00 a. m.","1","","","",""
"ELE025","00","CABLE BIPOLAR NO.10 X ML (2X10) TSJ O SI","4,19","","0,01","","3/1/2024 12:00:00 a. m.","1","","","",""
"ELE026","00","ZORRA HIDRAULICA / ELEVACION MANUAL 2,5 ","1232,02","","0,009","","3/1/2024 12:00:00 a. m.","1","","","",""
"ELE027","00","PROBADOR DE CORRIENTE","26,84","","0,01","","3/1/2024 12:00:00 a. m.","1","ARFESA ARAGUA FERRETERA S.A.","","",""
"ELE028","00","PINZA PELACABLES","9,05","","0,01","","3/1/2024 12:00:00 a. m.","1","ARFESA ARAGUA FERRETERA S.A.","","",""
"ELE029","00","VOLTIAMPERIMETRO ANALOGICO KYORITSU 2608","45,2","","0,02","","3/1/2024 12:00:00 a. m.","1","MARESA - EQUIPOS ELECTRICOS","","",""
"ELE030","00","DOBLADORA DE TUBO EMT 1/2'" A 1 1/2'"","2,72","","1","","3/1/2024 12:00:00 a. m.","1","","","",""
"ELE031","00","DOBLADORA DE TUBO CONDUIT 3/4'"","1,77","","1","","3/1/2024 12:00:00 a. m.","1","","","",""
"ELE032","00","DOBLADORA DE TUBO EMT","2,49","","1","","3/1/2024 12:00:00 a. m.","1","","","",""
"ELE033","00","HALACABLES ELECTRICO 2000 LBS GREENLEE O","8,14","","1","","3/1/2024 12:00:00 a. m.","1","","","",""
"ELE034","00","SACABOCADOS MANUAL DE 1/2'" A 2'" GREENLEE","108,69","","0,002","","3/1/2024 12:00:00 a. m.","1","","","",""
"ELE035","00","MULTIMETRO SIMPSOM / MEDIDOR O SIMILAR","415,5","","0,04","","3/1/2024 12:00:00 a. m.","1","","","",""
"ELE036","00","HALACABLE ELECTRICO 4000 LB GREENLEE O S","14,46","","1","","3/1/2024 12:00:00 a. m.","1","","","",""
"ELE037","00","EQUIPO SOLDADURA EXOTERMICA: PINZA+MOLDE","6,16","","1","","3/1/2024 12:00:00 a. m.","1","","","",""
"ELE038","00","DOBLADORA DE TUBO CONDUIT","9,03","","1","","3/1/2024 12:00:00 a. m.","1","","","",""
"ELE039","00","MOLDE PARA SOLDADURA EXOTERMICA CADWELD","19,79","","0,005","","3/1/2024 12:00:00 a. m.","1","","","",""
"ELE040","00","EXTENSION ELECTRICA HASTA 25 MTS","42,46","","0,003","","3/1/2024 12:00:00 a. m.","1","","","",""
"ELE041","00","PERTIGA TELESCOPICA TRABAJOS ALTA TENSIO","167,11","","0,009","","3/1/2024 12:00:00 a. m.","1","","","",""
"ELE042","00","PRENSA TERMINALES MANUAL PARA CABLE","11,49","","0,04","","3/1/2024 12:00:00 a. m.","1","","","",""
"ELE043","00","PRENSA TERMINALES HIDRAULICO CABLE HASTA","84,01","","0,04","","3/1/2024 12:00:00 a. m.","1","","","",""
"ELE044","00","HERRAMIENTAS P/SELLAR TUBERIAS CROUSE HI","126,25","","0,04","","3/1/2024 12:00:00 a. m.","1","","","",""
"ELE045","00","EQUIPO TENSOR P/CONDUCTORES Y VIENTOS C/","4,46","","1","","3/1/2024 12:00:00 a. m.","1","","","",""
"ELE046","00","ALICATE PARA ELECTRICISTA","19,86","","0,003","","3/1/2024 12:00:00 a. m.","1","","","",""
"ELE047","00","PONCHADORA DE IMPACTO P/CABLE ESTRUCTURA","49,65","","0,007","","3/1/2024 12:00:00 a. m.","1","","","",""
"ELE048","00","CRIMPEADORA DE PLUG RJ45- RJ12- RJ11","45,44","","0,007","","3/1/2024 12:00:00 a. m.","1","","","",""
"ELE049","00","TESTER PROBADOR ESTATUS RED/LAN","60,81","","0,007","","3/1/2024 12:00:00 a. m.","1","","","",""
"ELE050","00","TESTER CCTV / CABLE UTP  / PANTALLA","329,48","","0,007","","3/1/2024 12:00:00 a. m.","1","","","",""
"ELE051","00","PENTASCANNER MICROTEST REDES FLUKE O SIM","1319,65","","0,007","","3/1/2024 12:00:00 a. m.","1","","","",""
"ELE052","00","CAJA PARA COLOCAR HERRAMIENTAS","92,58","","0,007","","3/1/2024 12:00:00 a. m.","1","","","",""
"ELE053","00","GUANTE DIELECTRICO C-3  AT 26.500 VOL /","223,12","","0,006","","3/1/2024 12:00:00 a. m.","1","","","",""
"ELE054","00","GUANTE DIELECTRICO C-2  AT 17.000 VOLTIO","90,34","","0,008","","3/1/2024 12:00:00 a. m.","1","","","",""
"ELI001","00","EQUIPOS PARA CUADRILLA EN OBRAS","70,46","","0,007","","3/1/2024 12:00:00 a. m.","1","","","",""
"ELI002","00","EQUIPOS VARIOS PARA CUADRILLA","116,53","","0,007","","3/1/2024 12:00:00 a. m.","1","","","",""
"ELI003","00","EQUIPO P/INST Y MANEJO DE GASES MEDICINA","40,22","","1","","3/1/2024 12:00:00 a. m.","1","","","",""
"ELI004","00","MAQUINA / PERFORADOR HIDRAULICO","541,94","","1","","3/1/2024 12:00:00 a. m.","1","","","",""
"ESP001","00","ALQUILER INMUEBLE CONST. ESTRUCTURA META","18,08","","1","","3/1/2024 12:00:00 a. m.","1","","","",""
"ESP002","00","BANDERINES PLASTICOS PARA SEÑALIZACION","2,49","","0,02","","3/1/2024 12:00:00 a. m.","1","","","",""
"ESP003","00","ALQUILER INMUEBLE P/HERRERIA-CARPINTERIA","42,12","","1","","3/1/2024 12:00:00 a. m.","1","","","",""
"ESP004","00","HERRAMIENTAS P/TRABAJOS DE ALUMINIO Y VI","36,17","","0,04","","3/1/2024 12:00:00 a. m.","1","","","",""
"ESP005","00","ALQUILER DE TRAILER 6 M  X 2.40 M H=2,42","23,43","","1","","3/1/2024 12:00:00 a. m.","1","CARACOL, C.A","","",""
"ESP006","00","HERRAMIENTAS PARA TRABAJOS DE VIDRIO","9,05","","0,06","","3/1/2024 12:00:00 a. m.","1","","","",""
"ESP007","00","FINISHER PAVIMENTADORA BARBER GREENE 225","1354,89","","1","","3/1/2024 12:00:00 a. m.","1","","","",""
"ESP008","00","CORTADORA DE GRAMA","778,83","","0,008","","3/1/2024 12:00:00 a. m.","1","","","",""
"ESP009","00","BOMBA DE INYECCION","2224,66","","0,005","","3/1/2024 12:00:00 a. m.","1","","","",""
"ESP010","00","TERMO PARA AGUA CAP=22 LT","30,69","","0,010958","","3/1/2024 12:00:00 a. m.","1","","","",""
"ESP011","00","EQUIPO DE SEÑALIZACION","0,67","","1","","3/1/2024 12:00:00 a. m.","1","","","",""
"ESP012","00","HERRAMIENTAS MENORES","1,77","","1","","3/1/2024 12:00:00 a. m.","1","","","",""
"ESP013","00","MANOMETROS, TERMOMETROS, PRESOSTATOS, TE","180,66","","0,05","","3/1/2024 12:00:00 a. m.","1","","","",""
"ESP014","00","MEZCLADOR PARA RESINAS EPOXICAS","348,23","","0,003","","3/1/2024 12:00:00 a. m.","1","","","",""
"ESP015","00","RADIOS PARA COMUNICACION PORTATIL MOTORO","3,66","","1","","3/1/2024 12:00:00 a. m.","1","","","",""
"ESP016","00","MAQUINARIA PARA HINCA Y EXTRACCION","1129,04","","1","","3/1/2024 12:00:00 a. m.","1","","","",""
"ESP017","00","TABLESTACADO RECUPERABLE (M2)","1,72","","1","","3/1/2024 12:00:00 a. m.","1","","","",""
"ESP018","00","TABLESTACADO METALICO POR M2 (100% RECUP","4,22","","1","","3/1/2024 12:00:00 a. m.","1","","","",""
"ESP019","00","MANOMETRO 1000 PSI 1/2'" NPT, BOURDO, 4'" ","1,52","","1","","3/1/2024 12:00:00 a. m.","1","","","",""
"ESP020","00","ACCESORIOS PARA PRUEBA HIDROSTATICA","135,51","","0,07","","3/1/2024 12:00:00 a. m.","1","","","",""
"ESP021","00","AVISO PARA SEÑALIZACION","10,17","","0,067","","3/1/2024 12:00:00 a. m.","1","","","",""
"ESP022","00","TROQUELADORA ELECTRICA DE LETRAS","56,91","","1","","3/1/2024 12:00:00 a. m.","1","","","",""
"ESP023","00","WAGON DRILL","45161,75","","0,001","","3/1/2024 12:00:00 a. m.","1","","","",""
"ESP024","00","IMPRESORA DESKJET O LASER CON PAPEL","3,59","","1","","3/1/2024 12:00:00 a. m.","1","","","",""
"ESP025","00","DETECTOR MANUAL PARA TUBERIAS DE ACERO","7,22","","1","","3/1/2024 12:00:00 a. m.","1","","","",""
"ESP026","00","TANQUE DE AGUA DE 3000 LTS","416,38","","0,0045","","3/1/2024 12:00:00 a. m.","1","","","",""
"ESP027","00","TANQUE DE AGUA DE 1500 LTS","207,77","","0,0045","","3/1/2024 12:00:00 a. m.","1","","","",""
"ESP028","00","MAQUINAS HINCA PILOTE ENSANCHADO TIPO FR","103434,58","","0,0025","","3/1/2024 12:00:00 a. m.","1","","","",""
"ESP029","00","CORTADORA DE GRAMA TORO DE 21 '"","1095,9","","0,0087","","3/1/2024 12:00:00 a. m.","1","","","",""
"ESP030","00","HERRAMIENTAS VARIAS P/TRANSP. TABLERO FR","3612,95","","0,005","","3/1/2024 12:00:00 a. m.","1","","","",""
"ESP031","00","EQUIPO MENOR ALCANTARILLA METALICA: LLAV","9,05","","1","","3/1/2024 12:00:00 a. m.","1","","","",""
"ESP032","00","VALLA DE SEÑALIZACION","46,33","","0,005","","3/1/2024 12:00:00 a. m.","1","","","",""
"ESP033","00","BARREDORA MECANICA JOHNSTON MOD. 3000 SP","16851,78","","0,0018","","3/1/2024 12:00:00 a. m.","1","VENEQUIRCA - EQUIPOS AGRARIOS","","",""
"ESP034","00","CIZALLA/CORTADORA PARA LAMINAS HASTA 8 M","27,13","","1","","3/1/2024 12:00:00 a. m.","1","","","",""
"ESP035","00","EQUIPO DE ASPERCION-FUMIGAR P/LIQUIDO O ","4,07","","1","","3/1/2024 12:00:00 a. m.","1","","","",""
"ESP036","00","EQUIPO NEBULIZAR-ASPERSOR LIQUIDO/VENENO","2,22","","1","","3/1/2024 12:00:00 a. m.","1","","","",""
"ESP037","00","EQUIPO DE PULVERIZAR LIQUIDOS","1,44","","1","","3/1/2024 12:00:00 a. m.","1","","","",""
"ESP038","00","DESBROZADORA / DESMALEZADORA","712,66","","0,0087","","3/1/2024 12:00:00 a. m.","1","","","",""
"ESP039","00","MANOMETRO 0 A 100 BAR 100 ML","54,23","","0,007","","3/1/2024 12:00:00 a. m.","1","","","",""
"ESP040","00","MANOMETRO DE 0 A 160 LBS","45,2","","0,007","","3/1/2024 12:00:00 a. m.","1","","","",""
"ESP041","00","BALANZA CAPACIDAD= 500 KG","541,94","","0,007","","3/1/2024 12:00:00 a. m.","1","","","",""
"ESP042","00","BASCULA CAMIONERA CAP=30 TON","11315,92","","0,007","","3/1/2024 12:00:00 a. m.","1","","","",""
"ESP043","00","ACEITERA A PRESION","7,51","","0,009","","3/1/2024 12:00:00 a. m.","1","","","",""
"ESP044","00","GRASERA A PRESION","26,38","","0,009","","3/1/2024 12:00:00 a. m.","1","","","",""
"ESP045","00","LANCHA-BOTE P/CARGA HASTA 2 M3 (MOTOR FU","55,64","","1","","3/1/2024 12:00:00 a. m.","1","","","",""
"ESP046","00","GABARRA MEDIANA PARA CARGA EN RIO (APURE","541,94","","1","","3/1/2024 12:00:00 a. m.","1","","","",""
"ESP047","00","TRAJE-CHALECO-TANQUE-REGULADOR BUZO","81,31","","1","","3/1/2024 12:00:00 a. m.","1","CHICHIRIVICHE DIVERS (SUBMARINISMO)","","",""
"ESP048","00","DRAGA PARA RIOS, CANALES, LAGOS","1354,89","","1","","3/1/2024 12:00:00 a. m.","1","","","",""
"ESP049","00","BISELADOR DE LAMINAS FIBRA MINERAL","124,67","","0,02","","3/1/2024 12:00:00 a. m.","1","","","",""
"ESP050","00","ASA VENTOSA PARA VIDRIO (MAX 550 KG)","49,15","","0,005","","3/1/2024 12:00:00 a. m.","1","","","",""
"ESP051","00","TROXLER DENSIMETRO NUCLEAR (ASFALTO/ SUE","14451,79","","0,002","","3/1/2024 12:00:00 a. m.","1","TECNOCONCRET C.A. - EQ. LABORATORIO","","",""
"ESP052","00","ESCLEROMETRO DE IMPACTO","526,64","","0,015","","3/1/2024 12:00:00 a. m.","1","TECNOCONCRET C.A. - EQ. LABORATORIO","","",""
"ESP053","00","ANEMOMETRO PORTATIL","1010,74","","0,018","","3/1/2024 12:00:00 a. m.","1","","","",""
"ESP054","00","ALQUILER DE TRAILER P/OFICINA CAMPO 10 X","21,68","","1","","3/1/2024 12:00:00 a. m.","1","ADVANCE POWER CORPORATION C.A,","","",""
"ESP055","00","TRAILER P/OFICINA CAMPO 10 X 3 M SIN EQU","6322,62","","0,005","","3/1/2024 12:00:00 a. m.","1","ADVANCE POWER CORPORATION C.A,","","",""
"ESP056","00","HERRAMIENTAS PARA INSTALAR TUBERIA PEAD","2,44","","1","","3/1/2024 12:00:00 a. m.","1","","","",""
"ESP057","00","BAROMETRO PORTATIL","124,06","","0,016","","3/1/2024 12:00:00 a. m.","1","","","",""
"ESP058","00","DETECTOR ELECTRONICO DE GASES Y FUGAS","366,82","","0,016","","3/1/2024 12:00:00 a. m.","1","","","",""
"ESP059","00","EQUIPO DE EXTRUSION","13919,29","","0,003","","3/1/2024 12:00:00 a. m.","1","","","",""
"ESP060","00","EQUIPO ELECTRONICO DE PRUEBAS","179,5","","0,016","","3/1/2024 12:00:00 a. m.","1","","","",""
"ESP061","00","EQUIPO TERMOFUSION GEOMEMBRANAS","9,05","","1","","3/1/2024 12:00:00 a. m.","1","","","",""
"ESP062","00","FOTOMETRO DETECTOR PORTATIL","156,17","","0,002","","3/1/2024 12:00:00 a. m.","1","","","",""
"ESP063","00","CONDUCTIMETRO MEDIDOR DE CONDUCTIVIDAD","200,66","","0,016","","3/1/2024 12:00:00 a. m.","1","","","",""
"ESP064","00","LUXOMETRO MAVOLUX 5032C O SIM (ILUMINANC","14,88","","1","","3/1/2024 12:00:00 a. m.","1","","","",""
"ESP065","00","TERMOMETRO CON CONTACTO PCE-222 O SIM","74,11","","0,02","","3/1/2024 12:00:00 a. m.","1","","","",""
"ESP066","00","MEDIDOR DE RADIOACTIVIDAD GS1 O SIMILAR","417,77","","0,02","","3/1/2024 12:00:00 a. m.","1","","","",""
"ESP067","00","MEDIDOR RADIACION ELECTROMAGNETICA PCE-E","102,69","","0,02","","3/1/2024 12:00:00 a. m.","1","","","",""
"ESP068","00","HIGROMETRO - MEDIDOR HUMEDAD C/MEMORIA S","310,76","","0,02","","3/1/2024 12:00:00 a. m.","1","","","",""
"ESP069","00","MEDIDOR DE OXIGENO DISUELTO HANNA HI 914","1065,32","","0,015","","3/1/2024 12:00:00 a. m.","1","","","",""
"ESP070","00","MEDIDOR DE PH SET PHT 810 O SIMILAR","796,34","","0,02","","3/1/2024 12:00:00 a. m.","1","","","",""
"ESP071","00","RUGOSIMETRO POSITECTOR SPG O SIM","564,54","","0,015","","3/1/2024 12:00:00 a. m.","1","","","",""
"ESP072","00","MEDIDOR OZONO OZONOMETRO GASMAN-O3","525,69","","0,017","","3/1/2024 12:00:00 a. m.","1","","","",""
"ESP073","00","SONOMETRO SOUNDPRO DL C1 / MEDIDOR DE RU","2872,1","","0,01","","3/1/2024 12:00:00 a. m.","1","PCE IBERICA S.L.-ESPAÑA LABORATORIO","","",""
"ESP074","00","MEDIDOR DE PARTICULAS / CONTAMINACION AI","1616,85","","0,01","","3/1/2024 12:00:00 a. m.","1","PCE IBERICA S.L.-ESPAÑA LABORATORIO","","",""
"ESP075","00","MEDIDOR RADIACION ULTRA VIOLETA PCE-UV34","362,66","","0,016","","3/1/2024 12:00:00 a. m.","1","PCE IBERICA S.L.-ESPAÑA LABORATORIO","","",""
"ESP076","00","MEDIDOR DE SALINIDAD DEL AGUA UPW HI 983","171,98","","0,016","","3/1/2024 12:00:00 a. m.","1","PCE IBERICA S.L.-ESPAÑA LABORATORIO","","",""
"ESP077","00","TRAJE Y MASCARA P/PROTECCION GASES PELIG","63,26","","1","","3/1/2024 12:00:00 a. m.","1","","","",""
"ESP078","00","MEDIDOR DE TEMPERATURA PCE-313 S","548,28","","0,016","","3/1/2024 12:00:00 a. m.","1","PCE IBERICA S.L.-ESPAÑA LABORATORIO","","",""
"ESP079","00","MEDIDOR VIBRACION VIBROMETRO PCE-VT 2700","639,68","","0,016","","3/1/2024 12:00:00 a. m.","1","PCE IBERICA S.L.-ESPAÑA LABORATORIO","","",""
"ESP080","00","ODOMETRO P/MEDICION DE DISTANCIAS T593 O","378,58","","0,016","","3/1/2024 12:00:00 a. m.","1","PCE IBERICA S.L.-ESPAÑA LABORATORIO","","",""
"ESP081","00","CORTADOR DE BLOQUES DE ANIME P/ CONSTRUC","90,34","","0,008","","3/1/2024 12:00:00 a. m.","1","","","",""
"ESP082","00","TURBIDIMETRO HI 98713-02 O SIMILAR","1096,67","","0,016","","3/1/2024 12:00:00 a. m.","1","PCE IBERICA S.L.-ESPAÑA LABORATORIO","","",""
"ESP083","00","ALQUILER DE SANITARIO/BAÑO PORTATIL","10,86","","1","","3/1/2024 12:00:00 a. m.","1","","","",""
"ESP084","00","DISPENSADOR DE VASOS CONICOS","9,05","","0,005","","3/1/2024 12:00:00 a. m.","1","","","",""
"ESP085","00","ENFRIADOR ELECTRICO PARA BOTELLONES DE A","164,4","","0,004","","3/1/2024 12:00:00 a. m.","1","","","",""
"ESP086","00","SOLDADORA P/ELECTROFUSION TUBOS PEAD","1795,67","","0,005","","3/1/2024 12:00:00 a. m.","1","","","",""
"ESP087","00","EQUIPO SOLDAR TUBERIAS PEAD HASTA DIAMET","96,82","","1","","3/1/2024 12:00:00 a. m.","1","","","",""
"GAS001","00","QUEMADOR A GAS","21,23","","0,05","","3/1/2024 12:00:00 a. m.","1","","","",""
"GMV001","00","MEZCLADORA P/CONCRETO CAP=0,75 M3 30 HP ","8129,12","","0,005","","3/1/2024 12:00:00 a. m.","1","","","",""
"GMV002","00","VIBRADOR A GASOLINA 5 HP L=5 M MANGUERA/","2131,14","","0,007","","3/1/2024 12:00:00 a. m.","1","","","",""
"GMV003","00","CARRETON","500,85","","0,006272","","3/1/2024 12:00:00 a. m.","1","DM Y ESTRUCTURAS C.A. (Andamios)","","",""
"GMV004","00","CEPILLO ALBAÑILERIA TIPO PALUSTRA, MANGO","9,05","","0,04","","3/1/2024 12:00:00 a. m.","1","EPA SUPERFERRETERIA","","",""
"GMV005","00","PALA PUNTA RECTANGULAR CON CABO","26,08","","0,034","","3/1/2024 12:00:00 a. m.","1","FERRETERIA DEL ESTE S.A.","","",""
"GMV006","00","MINISHOVEL CARGADOR / SKID-STEER LOADERS","29073,35","","0,001254","","3/1/2024 12:00:00 a. m.","1","TALLER MECANICO INDUST. PARIS C.A.","","",""
"GMV007","00","CORTADORA DE CABILLA MANUAL DESDE D=7/8'"","1083,91","","0,007","","3/1/2024 12:00:00 a. m.","1","","","",""
"GMV008","00","DOBLADORA AUTOMATICA DE CABILLA HASTA 1 ","2709,74","","0,004181","","3/1/2024 12:00:00 a. m.","1","MAQUINARIAS GIANPRO C.A. - ALQUILER","","",""
"GMV009","00","EQUIPO MENOR PARA CABILLA Y MALLA SOLDAD","391,35","","0,006272","","3/1/2024 12:00:00 a. m.","1","","","",""
"GMV010","00","CAMION FORD F- 350 ESTACAS","52387,68","","0,002091","","3/1/2024 12:00:00 a. m.","1","","","",""
"GMV011","00","EQUIPOS VARIOS DE ALBAÑILERIA","192,38","","0,006272","","3/1/2024 12:00:00 a. m.","1","","","",""
"GMV012","00","HERRAMIENTAS MENORES","46,99","","0,006272","","3/1/2024 12:00:00 a. m.","1","","","",""
"GMV013","00","ANDAMIO TUBULAR DE UN CUERPO","298,1","","0,0032","","3/1/2024 12:00:00 a. m.","1","DM Y ESTRUCTURAS C.A. (Andamios)","","",""
"GMV014","00","WINCHE CABRESTANTE CON MOTOR ELECTRICO","1346,66","","0,004181","","3/1/2024 12:00:00 a. m.","1","","","",""
"GMV015","00","EQUIPO PARA IMPERMEABILIZACION","78,02","","0,006272","","3/1/2024 12:00:00 a. m.","1","","","",""
"GMV016","00","EQUIPOS PARA CARPINTERIA","190,28","","0,006272","","3/1/2024 12:00:00 a. m.","1","","","",""
"GMV017","00","LIJADORA DE BANDA","135,51","","0,004181","","3/1/2024 12:00:00 a. m.","1","","","",""
"GMV018","00","EQUIPO PARA ELECTRICIDAD","80","","0,006272","","3/1/2024 12:00:00 a. m.","1","","","",""
"HER001","00","ALICATE CRESCENT 8'" O SIMILAR /","25,28","","0,02","","3/1/2024 12:00:00 a. m.","1","","","",""
"HER002","00","BROCA ESPECIAL","13,14","","0,09","","3/1/2024 12:00:00 a. m.","1","","","",""
"HER003","00","CAJA CON HERRAMIENTAS","232,09","","0,01","","3/1/2024 12:00:00 a. m.","1","","","",""
"HER004","00","CAJA DE HERRAMIENTAS PARA TUBEROS","195,72","","0,04","","3/1/2024 12:00:00 a. m.","1","","","",""
"HER005","00","CARETA PARA TRABAJO EN ACETILENO","26,38","","0,09","","3/1/2024 12:00:00 a. m.","1","","","",""
"HER006","00","CIZALLA P/CABILLA","2,87","","1","","3/1/2024 12:00:00 a. m.","1","","","",""
"HER007","00","MAQUINA CORTADORA MANUAL","13,54","","1","","3/1/2024 12:00:00 a. m.","1","","","",""
"HER008","00","CORTADORA DE ACRILICO","1,74","","1","","3/1/2024 12:00:00 a. m.","1","","","",""
"HER009","00","CORTADORA DE CABILLA MANUAL DESDE D=7/8'"","1354,89","","0,008","","3/1/2024 12:00:00 a. m.","1","","","",""
"HER010","00","CORTADORA MANUAL - ESPECIAL LAMINAS META","11,76","","1","","3/1/2024 12:00:00 a. m.","1","","","",""
"HER011","00","DOBLADORA DE TUBOS AUTOMATICA HASTA 4'"","2093,28","","0,004","","3/1/2024 12:00:00 a. m.","1","","","",""
"HER012","00","CINTA PASACABLES 1/4'" X 30 M, GREENLEE","35,2","","0,02","","3/1/2024 12:00:00 a. m.","1","","","",""
"HER013","00","EQUIPO OXICORTE- ENVASES OXIGENO Y ACETI","9,05","","1","","3/1/2024 12:00:00 a. m.","1","","","",""
"HER014","00","EQUIPO AUTOGENO SOLDADURA","4,46","","1","","3/1/2024 12:00:00 a. m.","1","","","",""
"HER015","00","EQUIPO MENOR PARA CABILLA Y MALLA SOLDAD","1,77","","1","","3/1/2024 12:00:00 a. m.","1","","","",""
"HER016","00","EQUIPO MENOR PARA FIJACION","1,77","","1","","3/1/2024 12:00:00 a. m.","1","","","",""
"HER017","00","EQUIPO PARA CERCAS","0,84","","1","","3/1/2024 12:00:00 a. m.","1","","","",""
"HER018","00","EQUIPO P/HABILITACION Y PUESTA EN OBRA D","1,52","","1","","3/1/2024 12:00:00 a. m.","1","","","",""
"HER019","00","EQUIPO PARA INSTALACION","1,2","","1","","3/1/2024 12:00:00 a. m.","1","","","",""
"HER020","00","EQUIPOS VARIOS DE TALLER GALVANIZADO","3913,84","","0,007","","3/1/2024 12:00:00 a. m.","1","","","",""
"HER021","00","EQUIPOS PARA TALLER","2040,04","","0,0035","","3/1/2024 12:00:00 a. m.","1","","","",""
"HER022","00","EQUIPOS VARIOS DE HERRERIA/METAL","9,91","","1","","3/1/2024 12:00:00 a. m.","1","","","",""
"HER023","00","ESMERIL","3,59","","1","","3/1/2024 12:00:00 a. m.","1","DM Y ESTRUCTURAS C.A. (Andamios)","","",""
"HER024","00","ESMERIL DE BANCO 8'" POTENCIA 3/4 HP","371,23","","0,003","","3/1/2024 12:00:00 a. m.","1","","","",""
"HER025","00","ESMERIL PORTATIL POTENCIA 2,2 HP","415,5","","0,05","","3/1/2024 12:00:00 a. m.","1","","","",""
"HER026","00","HERRAM. VARIAS P/DESARMADO Y REMOCION ES","39,15","","1","","3/1/2024 12:00:00 a. m.","1","","","",""
"HER027","00","HERRAMIENTAS P/HABILITACION PUESTA OBRA ","177,93","","0,007","","3/1/2024 12:00:00 a. m.","1","","","",""
"HER028","00","HERRAMIENTAS P/CORTAR Y DOBLAR ACERO/CAB","7,22","","1","","3/1/2024 12:00:00 a. m.","1","","","",""
"HER029","00","CORTADORA Y DOBLADORA DE ACERO/CABILLA","4687,78","","0,004","","3/1/2024 12:00:00 a. m.","1","","","",""
"HER030","00","HERRAMIENTAS PARA INSTALACION/DESINSTALA","10,86","","0,05","","3/1/2024 12:00:00 a. m.","1","","","",""
"HER031","00","TIFOR 1,60 TON MOD. A-1600 ALBA","72,25","","0,004","","3/1/2024 12:00:00 a. m.","1","","","",""
"HER032","00","ALICATE P/SOLDADURA EXOTERMICA THERMOWEL","112,91","","0,005","","3/1/2024 12:00:00 a. m.","1","GEDISA GENERAL DISTRIBUIDORA, S.A.","","",""
"HER033","00","MESON, JUEGO PARA ESPIRALES Y DOBLAR EST","21,2","","0,008","","3/1/2024 12:00:00 a. m.","1","","","",""
"HER034","00","PLANTA P/ SOLDAR LINCOLN SA-200 GASOIL","171,66","","1","","3/1/2024 12:00:00 a. m.","1","","","",""
"HER035","00","SOLDADORA ELECTRICA LINCOLN Y CORTADORA","22,55","","1","","3/1/2024 12:00:00 a. m.","1","GRUPO MAGNELEC C.A. (FERRETERIA)","","",""
"HER036","00","SOPLETE Y ACCESORIOS DE CONEXION","3,59","","0,1","","3/1/2024 12:00:00 a. m.","1","","","",""
"HER037","00","SOPLETE-CRISOL Y CUCHARA DE HIERRO FUNDI","69,16","","0,05","","3/1/2024 12:00:00 a. m.","1","","","",""
"HER038","00","EQUIPO DE OXIACETILENO /ACCESORIOS /BOMB","9,29","","1","","3/1/2024 12:00:00 a. m.","1","","","",""
"HER039","00","EQUIPO OXIACETILENO C/ACCESORIOS","2,95","","1","","3/1/2024 12:00:00 a. m.","1","","","",""
"HER040","00","EQUIPO PARA ALUMINIO Y VIDRIO","1,44","","1","","3/1/2024 12:00:00 a. m.","1","","","",""
"HER041","00","TIFOR 3,20 TON MOD. A-3200 ALBA","144,56","","0,004","","3/1/2024 12:00:00 a. m.","1","","","",""
"HER042","00","EQUIPOS DE HERRERIA PARA INSTALACION","7,22","","1","","3/1/2024 12:00:00 a. m.","1","","","",""
"HER043","00","EQUIPO INTERCOMUNICADOR","90,34","","0,03","","3/1/2024 12:00:00 a. m.","1","","","",""
"HER044","00","SET DE OXICORTE","408,25","","0,085","","3/1/2024 12:00:00 a. m.","1","","","",""
"HER045","00","SET DE OXICORTE HARRIS ACCESORIOS MASTER","818,16","","0,009","","3/1/2024 12:00:00 a. m.","1","","","",""
"HER046","00","SOLDADORA LINCOLN TRIFASICA DC600 220V 5","3447,81","","0,05","","3/1/2024 12:00:00 a. m.","1","","","",""
"HER047","00","LENTES-GAFAS DE OXICORTE/ SOLDAR","9,91","","0,006","","3/1/2024 12:00:00 a. m.","1","","","",""
"HER048","00","SOLDADORA LINCOLN ELECTRICA 220 V - 225 ","707,27","","0,05","","3/1/2024 12:00:00 a. m.","1","GRUPO MAGNELEC C.A. (FERRETERIA)","","",""
"HER049","00","MORROCOY PARA OXICORTE","2507,33","","0,005","","3/1/2024 12:00:00 a. m.","1","","","",""
"HER050","00","SOPLETE DOS PICOS CON MANGUERA","41,58","","0,046","","3/1/2024 12:00:00 a. m.","1","","","",""
"HER051","00","KIT DE RODILLO/CAMISA Y BANDEJA PARA PIN","11,76","","0,04","","3/1/2024 12:00:00 a. m.","1","","","",""
"HER052","00","SALPICADORA RIGO","93,01","","0,04","","3/1/2024 12:00:00 a. m.","1","","","",""
"HER053","00","MANGUERA DE SUCCION","75,48","","0,02","","3/1/2024 12:00:00 a. m.","1","","","",""
"HER054","00","MANGUERA DE DESCARGA 2'" X 5 ML","33,96","","0,05","","3/1/2024 12:00:00 a. m.","1","","","",""
"HER055","00","MECHERO PARA OXICORTE","2,64","","0,09","","3/1/2024 12:00:00 a. m.","1","","","",""
"HER056","00","LENTES DE SEGURIDAD","4,46","","0,01","","3/1/2024 12:00:00 a. m.","1","","","",""
"HER057","00","ENVASE/BOMBONA DE ACETILENO CAPACIDAD 6 ","45,2","","0,002","","3/1/2024 12:00:00 a. m.","1","","","",""
"HER058","00","ENVASE/BOMBONA DE OXIGENO CAPACIDAD 6 M3","39,77","","0,002","","3/1/2024 12:00:00 a. m.","1","","","",""
"HER059","00","SOLDADORA ELECTRICA 400 AMP MOTOR DIESEL","144,56","","1","","3/1/2024 12:00:00 a. m.","1","DM Y ESTRUCTURAS C.A. (Andamios)","","",""
"HER060","00","EQUIPO PARA EMPERNAR-APRETAR PERNOS","6,55","","1","","3/1/2024 12:00:00 a. m.","1","","","",""
"HER061","00","EQUIPO DE OXICORTE HARRIS","9,05","","1","","3/1/2024 12:00:00 a. m.","1","","","",""
"HER062","00","CORTADOR DE VIDRIOS MANUAL","11,57","","0,05","","3/1/2024 12:00:00 a. m.","1","","","",""
"HER063","00","CORTADORA AUTOMATICA DE CABILLA HASTA D=","23,05","","1","","3/1/2024 12:00:00 a. m.","1","","","",""
"HER064","00","CORTADORA AUTOMATICA DE CABILLA HASTA D=","3600,71","","0,003","","3/1/2024 12:00:00 a. m.","1","","","",""
"HER065","00","CARRETILLA P/BOMBONAS OXICORTE","232,09","","0,005","","3/1/2024 12:00:00 a. m.","1","","","",""
"HER066","00","CORTADORA DE CABILLA HASTA D=7/8'" MANUAL","9,05","","1","","3/1/2024 12:00:00 a. m.","1","","","",""
"HER067","00","EQUIPO SOPLETE C/BOMBONA (EXCLUYE GAS)","11,76","","1","","3/1/2024 12:00:00 a. m.","1","","","",""
"HER068","00","TENAZA","18,08","","0,01","","3/1/2024 12:00:00 a. m.","1","","","",""
"HER069","00","ESMERIL DE BANCO","255,62","","0,005","","3/1/2024 12:00:00 a. m.","1","","","",""
"HER070","00","CARETA PARA SOLDADOR","16,94","","0,01","","3/1/2024 12:00:00 a. m.","1","","","",""
"HER071","00","DELANTAL PARA SOLDADOR","12,66","","0,03","","3/1/2024 12:00:00 a. m.","1","","","",""
"HER072","00","CHALECO PARA SOLDADOR","12,66","","0,05","","3/1/2024 12:00:00 a. m.","1","","","",""
"HER073","00","EQUIPO CORTE AIRE-PLASMA E=20 MM","1817,48","","0,005","","3/1/2024 12:00:00 a. m.","1","","","",""
"HER074","00","MANGAS DE CARNAZA PARA SOLDADOR","5,44","","0,04","","3/1/2024 12:00:00 a. m.","1","","","",""
"HER075","00","CINTA PASACABLES 1/8'" X 15 M, GREENLEE","27,13","","0,02","","3/1/2024 12:00:00 a. m.","1","","","",""
"HER076","00","VOLTI-AMPERIMETRO TIPO GANCHO, 700 A SK-","48,82","","0,04","","3/1/2024 12:00:00 a. m.","1","","","",""
"HER077","00","JUEGO DE ALICATES 8 PIEZAS","203,96","","0,005","","3/1/2024 12:00:00 a. m.","1","","","",""
"HER078","00","TALADRO DE PEDESTAL / BANCO 2HP","704,53","","0,006","","3/1/2024 12:00:00 a. m.","1","","","",""
"HER079","00","TIFOR 0.80 TON MOD. A-800 ALBA","45,2","","0,004","","3/1/2024 12:00:00 a. m.","1","","","",""
"HER080","00","ESMERIL PORTATIL 600 RPM, DEWALT 7'" O SI","361,32","","0,023","","3/1/2024 12:00:00 a. m.","1","","","",""
"HER081","00","CORTADORA PARA TUBOS DE H.F DUCTIL","9,05","","1","","3/1/2024 12:00:00 a. m.","1","","","",""
"HER082","00","DOBLADORA MANUAL HASTA 24 MM","135,51","","0,007","","3/1/2024 12:00:00 a. m.","1","","","",""
"HER083","00","CORTADORA AUTOMATICA DE CABILLA HASTA D=","2661,41","","0,004","","3/1/2024 12:00:00 a. m.","1","","","",""
"HER084","00","ROSCADORA AUTOMATICA P/TUBOS RIDGID O SI","69,55","","1","","3/1/2024 12:00:00 a. m.","1","","","",""
"HER085","00","DOBLADORA AUT. CABILLA DIAM. SUPERIOR A ","3718,16","","0,002","","3/1/2024 12:00:00 a. m.","1","","","",""
"HER086","00","MARTILLO TIPO PIQUETA PARA SOLDADOR","12,66","","0,04","","3/1/2024 12:00:00 a. m.","1","","","",""
"HER087","00","EQUIPO PESADO TALLER","24,4","","1","","3/1/2024 12:00:00 a. m.","1","","","",""
"HER088","00","EQUIPO LIVIANO DE TALLER HERRERIA","593,49","","0,02","","3/1/2024 12:00:00 a. m.","1","","","",""
"HER089","00","TALADRO RADIAL 32 X 10 MM","166,9","","0,004","","3/1/2024 12:00:00 a. m.","1","","","",""
"HER090","00","SOLDADORA 500 AMPERIOS GASOIL","15806,61","","0,0027","","3/1/2024 12:00:00 a. m.","1","","","",""
"HER091","00","SOLDADORA 150 AMP - 110/220 VOLT","11,76","","1","","3/1/2024 12:00:00 a. m.","1","","","",""
"HER092","00","SOLDADORA LINCOLN AC-225 AMP O SIMILAR","10,86","","1","","3/1/2024 12:00:00 a. m.","1","DM Y ESTRUCTURAS C.A. (Andamios)","","",""
"HER093","00","SOPLETE P/SOLD. EST./PLOMO GASOLINA BLAN","11,14","","0,02","","3/1/2024 12:00:00 a. m.","1","OXIGENO BELLO MONTE C.A.","","",""
"HER094","00","PLANTA P/SOLDAR LINCOLN MOD SAE-400 GASO","7225,89","","0,0037","","3/1/2024 12:00:00 a. m.","1","SOLDADURA EN ALUMINIO 2006 C.A.","","",""
"HER095","00","SOLDADORA, MORROCOY, TRONZADORA","2113,47","","0,011","","3/1/2024 12:00:00 a. m.","1","","","",""
"HER096","00","TALADRO, SOLDADORA Y ESMERIL","2544,02","","0,031","","3/1/2024 12:00:00 a. m.","1","","","",""
"HER097","00","DELANTAL, CARETA, CHALECO Y GUANTES P/SO","112,18","","0,02","","3/1/2024 12:00:00 a. m.","1","","","",""
"HER098","00","CORTADORA PARA TUBOS DE HIERRO DUCTIL","6,39","","1","","3/1/2024 12:00:00 a. m.","1","","","",""
"HER099","00","BOMBONA VACIA PARA SOLDADURA/CORTE","53,32","","0,02","","3/1/2024 12:00:00 a. m.","1","SUMIGASES BARLOVENTO C.A.","","",""
"HER100","00","KIT SOLDADURA: REGULADORES, PICOS","222,59","","0,02","","3/1/2024 12:00:00 a. m.","1","","","",""
"HER101","00","GUANTES LARGO PARA SOLDADOR","11,76","","0,05","","3/1/2024 12:00:00 a. m.","1","","","",""
"HER102","00","TRONZADORA ELECTRICA 14'"","5,49","","1","","3/1/2024 12:00:00 a. m.","1","DM Y ESTRUCTURAS C.A. (Andamios)","","",""
"HER103","00","EQUIPO CORTE OXIGENO-ACETILENO CAJA META","409,18","","0,004","","3/1/2024 12:00:00 a. m.","1","","","",""
"HER104","00","SOLDADORA, ESMERIL, TRONZADORA, EQ. AUTO","18,08","","1","","3/1/2024 12:00:00 a. m.","1","","","",""
"HER105","00","TALADRO ELECTRICO CON CEPILLO DE ALAMBRE","229,44","","0,03","","3/1/2024 12:00:00 a. m.","1","","","",""
"HER106","00","COMPRESOR, OXYCORTE Y ESMERIL DE BANCO","1709,8","","0,009","","3/1/2024 12:00:00 a. m.","1","","","",""
"HER107","00","REMACHADORA MANUAL","21,68","","0,03","","3/1/2024 12:00:00 a. m.","1","FERRETERIA DEL ESTE S.A.","","",""
"HER108","00","PRENSA HIDRAULICA ELECTRICA 100 TON","173,38","","1","","3/1/2024 12:00:00 a. m.","1","","","",""
"HER109","00","PUENTE GRUA 5 TON","12896,02","","0,005","","3/1/2024 12:00:00 a. m.","1","","","",""
"HER110","00","EQUIPO LIMPIEZA P/ELECTRODO CARBON K4000","51,94","","0,005","","3/1/2024 12:00:00 a. m.","1","","","",""
"HER111","00","CIZALLA GUILLOTINA HIDRAULICA SIMAT 3100","2318,26","","0,004","","3/1/2024 12:00:00 a. m.","1","","","",""
"HER112","00","DOBLADORA HIDARULICA 125 TON SIMAT 3100 ","17161,45","","0,005","","3/1/2024 12:00:00 a. m.","1","","","",""
"HER113","00","SOLDADORA A GASOLINA MILLER","8486,92","","0,004","","3/1/2024 12:00:00 a. m.","1","","","",""
"HER114","00","MANDARRIA DE BRONCE ANTICHISPA 6 LBS","130,98","","0,01","","3/1/2024 12:00:00 a. m.","1","","","",""
"HER115","00","ALICATE DE PRESION VISE-GRIP O SIMILAR /","25,28","","0,02","","3/1/2024 12:00:00 a. m.","1","EPA SUPERFERRETERIA","","",""
"HER116","00","ALICATE DE PRESION VISE-GRIP CON PRENSA","34,57","","0,005","","3/1/2024 12:00:00 a. m.","1","EPA SUPERFERRETERIA","","",""
"HER117","00","CAJA DE DADOS CON MANGO DE 16 PZAS","57,83","","0,006","","3/1/2024 12:00:00 a. m.","1","EPA SUPERFERRETERIA","","",""
"HER118","00","CARRUCHA ESPECIAL PARA BOMBONAS","114,73","","0,006","","3/1/2024 12:00:00 a. m.","1","EPA SUPERFERRETERIA","","",""
"HER119","00","CARRUCHA-CARRETILLA P/MOVILIZACION","109,29","","0,006","","3/1/2024 12:00:00 a. m.","1","EPA SUPERFERRETERIA","","",""
"HER120","00","REBORDEADORA PARA TUBERIA DE COBRE","8,38","","0,01","","3/1/2024 12:00:00 a. m.","1","","","",""
"HER121","00","CHUPON / VENTOSA PARA LAMINAS DE PISO FA","20,83","","0,01","","3/1/2024 12:00:00 a. m.","1","","","",""
"HER122","00","EQUIPO INDUSTRIAL DE GALVANIZADO","39,59","","1","","3/1/2024 12:00:00 a. m.","1","","","",""
"HER123","00","SOLDADORA ELECTROPUNTO","3369,49","","0,001","","3/1/2024 12:00:00 a. m.","1","DM Y ESTRUCTURAS C.A. (Andamios)","","",""
"HER124","00","PRENSA / PERFORADORA ELECTRICA","452,2","","0,001","","3/1/2024 12:00:00 a. m.","1","DM Y ESTRUCTURAS C.A. (Andamios)","","",""
"HER125","00","SOLDADORA ELECTRICA 180 AC 110/220 V","8,14","","1","","3/1/2024 12:00:00 a. m.","1","EPA SUPERFERRETERIA","","",""
"HER126","00","GUILLOTINA PARA METALES","632,29","","0,003","","3/1/2024 12:00:00 a. m.","1","","","",""
"HER127","00","GUANTES FORRADOS","7,22","","0,01","","3/1/2024 12:00:00 a. m.","1","","","",""
"HER128","00","GUANTES DE CARNAZA","3,02","","0,01","","3/1/2024 12:00:00 a. m.","1","","","",""
"HER129","00","GUANTES ESPECIAL ALTA TENSION 4000V","90,34","","0,008","","3/1/2024 12:00:00 a. m.","1","","","",""
"HER130","00","SOLDADORA INDUSTRIAL MILLER O SIMILAR","65,01","","1","","3/1/2024 12:00:00 a. m.","1","MAQUINARIAS BERO 09 C.A.","","",""
"HER131","00","ALQUILER DE BOMBONA VACIA PARA SOLDADURA","1,77","","1","","3/1/2024 12:00:00 a. m.","1","","","",""
"HER132","00","PISTOLA AUTOMATICA FIJACION PARA CLAVOS","12,65","","1","","3/1/2024 12:00:00 a. m.","1","DISTRIBUIDORA DIMPERCA C.A.","","",""
"HER133","00","TIJERA PARA CORTAR PERFILES LIVIANOS","14,46","","0,01","","3/1/2024 12:00:00 a. m.","1","","","",""
"HER134","00","JUEGO PARA TROQUELADO MANUAL","32,57","","0,016","","3/1/2024 12:00:00 a. m.","1","","","",""
"HER135","00","BOMBONAS OXICORTE CON CARRETILLA Y ACCES","451,63","","0,004181","","3/1/2024 12:00:00 a. m.","1","","","",""
"HER136","00","ESMERIL PORTATIL / MANUAL","280,94","","0,004181","","3/1/2024 12:00:00 a. m.","1","","","",""
"HER137","00","SIERRA CALADORA ELECTRICA","159,19","","0,005","","3/1/2024 12:00:00 a. m.","1","","","",""
"HER138","00","PRENSA TIPO SARGENTO","19,86","","0,00672","","3/1/2024 12:00:00 a. m.","1","","","",""
"HER139","00","TRONZADORA ELECTRICA DE  14'" PARA HIERRO","378,87","","0,004","","3/1/2024 12:00:00 a. m.","1","EPA SUPERFERRETERIA","","",""
"HER140","00","ESMERIL PORTATIL / MANUAL 4 1/2'"","361,32","","0,004181","","3/1/2024 12:00:00 a. m.","1","","","",""
"HER141","00","PINZA PORTA ELECTRODOS PARA SOLDAR","13,7","","0,006","","3/1/2024 12:00:00 a. m.","1","","","",""
"HER142","00","MANDARRIA DE GOMA","6,39","","0,01","","3/1/2024 12:00:00 a. m.","1","","","",""
"HER143","00","LENTE DE SEGURIDAD TRANSPARENTE","2,72","","0,066","","3/1/2024 12:00:00 a. m.","1","","","",""
"HER144","00","SOLDADORA POWER MIG 350 ARCO-GAS LINCOLN","2657,62","","0,009","","3/1/2024 12:00:00 a. m.","1","GRUPO MAGNELEC C.A. (FERRETERIA)","","",""
"HER145","00","TALADRO FIJO PARA ESPESORES ESPECIALES","36,62","","1","","3/1/2024 12:00:00 a. m.","1","","","",""
"HER146","00","PUENTE GRUA 12 TON","54090","","0,005","","3/1/2024 12:00:00 a. m.","1","","","",""
"HER147","00","ROSCADORA AUT. CABILLA DIAM. MENOR A 1'"","19,96","","1","","3/1/2024 12:00:00 a. m.","1","","","",""
"HER148","00","TALADRO INALAMBRICO 3/18'" 18V","155,38","","0,004","","3/1/2024 12:00:00 a. m.","1","","","",""
"IMP001","00","EQUIPO LIVIANO DE IMPERMEABILIZACION","1,16","","1","","3/1/2024 12:00:00 a. m.","1","","","",""
"IMP003","00","EQUIPO TIPO 1 PARA IMPERMEABILIZACION","1,16","","1","","3/1/2024 12:00:00 a. m.","1","","","",""
"IMP004","00","HARAGAN GRANDE 18'" P/IMPERMEABILIZAR","4,19","","0,03","","3/1/2024 12:00:00 a. m.","1","FULLER INTERAMERICANA C.A.","","",""
"IMP005","00","SOPLETE DOS PICOS C/BOMBONA (SIN GAS)","66,58","","0,046","","3/1/2024 12:00:00 a. m.","1","","","",""
"IMP006","00","MANTO POLIPROPILENO PARA COBERTURAS","4,35","","0,06","","3/1/2024 12:00:00 a. m.","1","","","",""
"IMP007","00","QUEMADOR A ANTORCHA GAS C/SOPLETE MANGUE","33,96","","0,05","","3/1/2024 12:00:00 a. m.","1","","","",""
"LIM001","00","EQUIPOS VARIOS DE LIMPIEZA","1,22","","1","","3/1/2024 12:00:00 a. m.","1","","","",""
"LIM002","00","ESCOBA DE NYLON","4,46","","0,09","","3/1/2024 12:00:00 a. m.","1","","","",""
"LIM003","00","JUEGO DE COLETO Y HARAGAN","6,16","","0,05","","3/1/2024 12:00:00 a. m.","1","","","",""
"LIM004","00","LAVAMOPAS CON RUEDAS EXPRIMIDOR Y TOBO","496,81","","0,05","","3/1/2024 12:00:00 a. m.","1","","","",""
"LIM005","00","JUEGO DE PALA, PICO Y MACHETE","74,11","","0,011","","3/1/2024 12:00:00 a. m.","1","","","",""
"LIM006","00","JUEGO: RASTRILLO, CEPILLO Y ESCOBA","16,81","","0,025","","3/1/2024 12:00:00 a. m.","1","","","",""
"LIM007","00","CEPILLO DE ALAMBRE","3,23","","0,01","","3/1/2024 12:00:00 a. m.","1","","","",""
"LIM008","00","EQUIPO PARA JARDINERIA","1,22","","1","","3/1/2024 12:00:00 a. m.","1","","","",""
"LIM009","00","RASTRILLO P/BARRER TIPO JARDINERO METALI","6,39","","0,04","","3/1/2024 12:00:00 a. m.","1","","","",""
"LIM010","00","EQUIPO DE HIDROLIMPIEZA ALTA DEMANDA-HID","18,08","","1","","3/1/2024 12:00:00 a. m.","1","","","",""
"LIM011","00","EQUIPO DE LIMPIEZA WATERBLAST HIDROJET","13,54","","1","","3/1/2024 12:00:00 a. m.","1","","","",""
"LIM012","00","HIDROLIMPIADORA 3000 PSI - HIDROJET","15,42","","1","","3/1/2024 12:00:00 a. m.","1","DM Y ESTRUCTURAS C.A. (Andamios)","","",""
"LIM013","00","DESMALEZADORA DE MOTOR A GASOLINA","18,08","","1","","3/1/2024 12:00:00 a. m.","1","DM Y ESTRUCTURAS C.A. (Andamios)","","",""
"LIM014","00","HIDROLIMPIADOR / HIDROJET","17,18","","1","","3/1/2024 12:00:00 a. m.","1","DM Y ESTRUCTURAS C.A. (Andamios)","","",""
"LIM015","00","EQUIPO LIVIANO DE LIMPIEZA","1,22","","1","","3/1/2024 12:00:00 a. m.","1","","","",""
"LIM016","00","EQUIPO HIDROLIMPIADOR (HIDROJET)","560,03","","0,02","","3/1/2024 12:00:00 a. m.","1","","","",""
"LIM017","00","CEPILLO MANUAL P/LIMPIEZA BARRER","4,03","","0,07","","3/1/2024 12:00:00 a. m.","1","","","",""
"LIM018","00","CEPILLO CARRETERO PARA BARRER MEDIANO","10,86","","0,03","","3/1/2024 12:00:00 a. m.","1","","","",""
"LIM019","00","TOBO CON EXPRIMIDOR Y RUEDAS LAVAMOPAS H","451,63","","0,02","","3/1/2024 12:00:00 a. m.","1","","","",""
"LIM020","00","CAMION TIPO VACTOR CON HIDROPRESION","722,63","","1","","3/1/2024 12:00:00 a. m.","1","","","",""
"LIM021","00","PALA PARA RECOLECCION DE DESECHOS","4,35","","0,008","","3/1/2024 12:00:00 a. m.","1","","","",""
"LIM022","00","PULIDORA PARA PISOS CON ACCESORIOS","31,28","","1","","3/1/2024 12:00:00 a. m.","1","DISTRIBUIDORA DIMPERCA C.A.","","",""
"LIM023","00","ASPIRADORA INDUSTRIAL 16 GALONES RIGID O","7,56","","1","","3/1/2024 12:00:00 a. m.","1","","","",""
"LIM024","00","JUEGO DE CEPILLO Y ESCOBA DE BARRER","7,22","","0,033","","3/1/2024 12:00:00 a. m.","1","","","",""
"LIM025","00","TOBO PLASTICO PARA LIMPIEZA","4,46","","0,033","","3/1/2024 12:00:00 a. m.","1","","","",""
"LIM026","00","CHUPON PARA DESTAPAR WC","2,53","","0,033","","3/1/2024 12:00:00 a. m.","1","","","",""
"LIM027","00","PALA PLASTICA CON CABO P/RECOGER DESECHO","2,72","","0,008","","3/1/2024 12:00:00 a. m.","1","","","",""
"LIM028","00","GUANTE PLASTICO PARA LIMPIEZA (JUEGO)","2,72","","0,07","","3/1/2024 12:00:00 a. m.","1","","","",""
"LIM029","00","HARAGAN PARA LIMPIEZA (JUEGO)","3,59","","0,04","","3/1/2024 12:00:00 a. m.","1","","","",""
"MAQ001","00","BARREDORA-TRACTOR AGRICOLA","487,76","","1","","3/1/2024 12:00:00 a. m.","1","","","",""
"MAQ002","00","TIENDE TUBOS (SIDE BOOM) CAT. 572-G 40 T","1806,47","","1","","3/1/2024 12:00:00 a. m.","1","","","",""
"MAQ003","00","PLANTA GENERADORA ELECTRICA 10HP 5000W","2452,3","","0,009","","3/1/2024 12:00:00 a. m.","1","EPA SUPERFERRETERIA","","",""
"MAQ004","00","TANQUE ALMACENAMIENTO FIJO CAP 45.000 LT","9032,37","","0,0007","","3/1/2024 12:00:00 a. m.","1","","","",""
"MAQ005","00","TIENDE TUBOS (SIDE BOOM) CAT O SIMILAR","1806,47","","1","","3/1/2024 12:00:00 a. m.","1","","","",""
"MAQ006","00","PLANTA ELECTRICA 60 KVA","72,25","","1","","3/1/2024 12:00:00 a. m.","1","MPA MAQUINARIAS PARA ALQUILAR C.A.","","",""
"MAQ007","00","GENERADOR PARA ILUMINACION","40,68","","1","","3/1/2024 12:00:00 a. m.","1","MPA MAQUINARIAS PARA ALQUILAR C.A.","","",""
"MAQ008","00","CAMION / LOW-BOY P/TRANSPORTE MAQUINARIA","632,29","","1","","3/1/2024 12:00:00 a. m.","1","","","",""
"MAQ009","00","CERNIDORA AUTOMATICA 4 HP","903,25","","0,0028","","3/1/2024 12:00:00 a. m.","1","","","",""
"MAQ010","00","PLANTA ELECTRICA 40 KVA","50,57","","1","","3/1/2024 12:00:00 a. m.","1","MPA MAQUINARIAS PARA ALQUILAR C.A.","","",""
"MAQ011","00","PLANTA ELECTRICA 70 KVA","84,01","","1","","3/1/2024 12:00:00 a. m.","1","MPA MAQUINARIAS PARA ALQUILAR C.A.","","",""
"MAQ012","00","TRANSFORMADOR PARA ALQUILER DE 55 KVA","9,91","","1","","3/1/2024 12:00:00 a. m.","1","MPA MAQUINARIAS PARA ALQUILAR C.A.","","",""
"MAQ013","00","TIRALINEAS","8,14","","0,005","","3/1/2024 12:00:00 a. m.","1","","","",""
"MAQ014","00","TRANSFORMADOR PARA ALQUILER DE 25 KVA","4,63","","1","","3/1/2024 12:00:00 a. m.","1","MPA MAQUINARIAS PARA ALQUILAR C.A.","","",""
"MAQ015","00","TRANSFORMADOR PARA ALQUILER DE 15 KVA","3,55","","1","","3/1/2024 12:00:00 a. m.","1","MPA MAQUINARIAS PARA ALQUILAR C.A.","","",""
"MAQ016","00","TRANSFORMADOR PARA ALQUILER DE 10.5 KVA","2,98","","1","","3/1/2024 12:00:00 a. m.","1","MPA MAQUINARIAS PARA ALQUILAR C.A.","","",""
"MAQ017","00","CAMION P/TRANSPORTE DE MAQUINAS HASTA 50","316,19","","1","","3/1/2024 12:00:00 a. m.","1","","","",""
"MAQ018","00","PLANTA ELECTRICA DE 13.5 KVA","3341,99","","0,004","","3/1/2024 12:00:00 a. m.","1","","","",""
"MAQ019","00","PLANTA ELECTRICA 350 KVA","440,77","","1","","3/1/2024 12:00:00 a. m.","1","MPA MAQUINARIAS PARA ALQUILAR C.A.","","",""
"MAQ020","00","PLANTA ELECTRICA 240 KVA","278,16","","1","","3/1/2024 12:00:00 a. m.","1","MPA MAQUINARIAS PARA ALQUILAR C.A.","","",""
"MAQ021","00","PLANTA ELECTRICA 200 KVA","231,23","","1","","3/1/2024 12:00:00 a. m.","1","MPA MAQUINARIAS PARA ALQUILAR C.A.","","",""
"MAQ022","00","PLANTA ELECTRICA 180 KVA","207,77","","1","","3/1/2024 12:00:00 a. m.","1","MPA MAQUINARIAS PARA ALQUILAR C.A.","","",""
"MAQ023","00","PLANTA ELECTRICA 150 KVA","173,38","","1","","3/1/2024 12:00:00 a. m.","1","MPA MAQUINARIAS PARA ALQUILAR C.A.","","",""
"MAQ024","00","TRANSPORTE RETROEXCAV. O SIM. 1 VIAJE MA","180,66","","1","","3/1/2024 12:00:00 a. m.","1","MAQUINARIAS ALQUI RETRO C.A.","","",""
"MAQ025","00","TRANSPORTE DE POCLAIN 90. O SIM. MAXIMO ","198,72","","1","","3/1/2024 12:00:00 a. m.","1","","","",""
"MAQ026","00","TRANSPORTE DE POCLAIN 160 O SIM. MAXIMO ","361,32","","1","","3/1/2024 12:00:00 a. m.","1","","","",""
"MAQ027","00","PLANTA ELECTRICA 120 KVA","101,2","","1","","3/1/2024 12:00:00 a. m.","1","MPA MAQUINARIAS PARA ALQUILAR C.A.","","",""
"MAQ028","00","PLANTA ELECTRICA DE 30 KVA","52,43","","1","","3/1/2024 12:00:00 a. m.","1","MPA MAQUINARIAS PARA ALQUILAR C.A.","","",""
"MAQ029","00","PLANTA ELECTRICA GENERADOR / 7.5 KVA","22,55","","1","","3/1/2024 12:00:00 a. m.","1","MPA MAQUINARIAS PARA ALQUILAR C.A.","","",""
"MAQ030","00","PLANTA ELECTRICA MEDIANA","50,57","","1","","3/1/2024 12:00:00 a. m.","1","MPA MAQUINARIAS PARA ALQUILAR C.A.","","",""
"MAQ031","00","TRANSFORMADOR PARA ALQUILER DE 7.5 KVA","2,7","","1","","3/1/2024 12:00:00 a. m.","1","MPA MAQUINARIAS PARA ALQUILAR C.A.","","",""
"MAQ032","00","TRANSPORTE COMPRESOR O SIM. 1 VIAJE MAXI","81,31","","1","","3/1/2024 12:00:00 a. m.","1","TALLER MECANICO INDUST. PARIS C.A.","","",""
"MAQ033","00","TRANSPORTE RETROEXCAV. O SIM. 1 VIAJE MA","135,51","","1","","3/1/2024 12:00:00 a. m.","1","MAQUINARIAS ALQUI RETRO C.A.","","",""
"MAQ034","00","TRANSPORTE MINISHOVEL O SIM. 1 VIAJE MAX","90,34","","1","","3/1/2024 12:00:00 a. m.","1","MAQUINARIAS ALQUI RETRO C.A.","","",""
"MAQ035","00","PLANTA TRATAM. AGUAS NEGRAS L/D=24000 C=","2548,03","","0,0004","","3/1/2024 12:00:00 a. m.","1","","","",""
"MAQ036","00","PLANTA TRATAM. AGUAS NEGRAS L/D=4400 C= ","1911,22","","0,0004","","3/1/2024 12:00:00 a. m.","1","","","",""
"MAQ037","00","TORRE DE ILUMINACION (LUZ)","44,29","","1","","3/1/2024 12:00:00 a. m.","1","MAQUINARIAS BERO 09 C.A.","","",""
"MAQ038","00","PLANTA ELECTRICA / GENERADOR DUAL 100 KV","115,68","","1","","3/1/2024 12:00:00 a. m.","1","MAQUINARIAS BERO 09 C.A.","","",""
"MAQ039","00","TRANSPORTE RETROEXCAV. O SIM. AREA METRO","108,38","","1","","3/1/2024 12:00:00 a. m.","1","MPA MAQUINARIAS PARA ALQUILAR C.A.","","",""
"MAQ040","00","TRANSPORTE RETROEXCAV. AREA METROP IDA-V","108,38","","1","","3/1/2024 12:00:00 a. m.","1","TALLER MECANICO INDUST. PARIS C.A.","","",""
"MAQ041","00","TELEHANDLER CAT TH 330B O SIMILAR/MANIPU","541,94","","1","","3/1/2024 12:00:00 a. m.","1","","","",""
"MEC001","00","TORQUIMETRO Y ACCEOSRIOS (LLAVE DINAMOME","225,84","","0,02","","3/1/2024 12:00:00 a. m.","1","","","",""
"MEC002","00","EQUIPO P/MONTAJE AIRE ACONDICIONADO","6,39","","1","","3/1/2024 12:00:00 a. m.","1","","","",""
"MEC003","00","EQUIPO MENOR DESMONTAR-MONTAR A/C CAJA H","5,44","","1","","3/1/2024 12:00:00 a. m.","1","","","",""
"MEC004","00","RATCHET PARA TUERCAS Y JUEGO DE DADOS","99,4","","0,01","","3/1/2024 12:00:00 a. m.","1","","","",""
"MEC005","00","BOMBA DE VACIO","555,85","","0,005","","3/1/2024 12:00:00 a. m.","1","","","",""
"MEC006","00","DOBLADORA PARA TUBOS DE COBRE A/C","54,1","","0,01","","3/1/2024 12:00:00 a. m.","1","","","",""
"MEC007","00","CAJA HERRAMIENTAS ELECTROMECANICAS","271","","0,02","","3/1/2024 12:00:00 a. m.","1","","","",""
"MEC008","00","JUEGO MANOMETRO Y MANGERAS MEDIR ALTA BA","108,38","","0,03","","3/1/2024 12:00:00 a. m.","1","","","",""
"MEC009","00","DETECTOR FUGAS DE GAS EN EQUIPOS Y TUBER","361,32","","0,02","","3/1/2024 12:00:00 a. m.","1","","","",""
"MEC010","00","MEDIDOR ELECTRICO CAPACITANCIA  A/C, CAP","64,09","","0,01","","3/1/2024 12:00:00 a. m.","1","","","",""
"MED001","00","CINTA METRICA 3 MTS METALICA O SIMILAR","4,46","","0,01","","3/1/2024 12:00:00 a. m.","1","","","",""
"MED002","00","EQUIPO TOPOGRAFICO","45,2","","1","","3/1/2024 12:00:00 a. m.","1","","","",""
"MED003","00","CAUDALIMETRO MEDICION CAUDAL - VELOCIDAD","6,25","","1","","3/1/2024 12:00:00 a. m.","1","","","",""
"MED004","00","TEODOLITO CON DISTANCIOMETRO WILD O SIM","23,49","","1","","3/1/2024 12:00:00 a. m.","1","","","",""
"MED005","00","TRIPODE PARA TEODOLITO","4,46","","1","","3/1/2024 12:00:00 a. m.","1","","","",""
"MED006","00","CINTA METRICA 5 MTS METALICA O SIMILAR","6,39","","0,03","","3/1/2024 12:00:00 a. m.","1","","","",""
"MED007","00","CINTA METRICA 30 MTS METALICA O SIMILAR","31,64","","0,03","","3/1/2024 12:00:00 a. m.","1","","","",""
"MED008","00","CINTA METRICA 50 MTS DE FIBRA","22,55","","0,006","","3/1/2024 12:00:00 a. m.","1","","","",""
"MED009","00","JALONES PARA MEDICIONES DE TOPOGRAFIA","7,49","","0,04","","3/1/2024 12:00:00 a. m.","1","","","",""
"MED010","00","MIRA ESTADIMETRICA TELESCOPICA P/TOPOGRA","229,18","","0,05","","3/1/2024 12:00:00 a. m.","1","","","",""
"MED011","00","EQUIPO COMPROBACION PRESION / MANOMETRO ","1,85","","1","","3/1/2024 12:00:00 a. m.","1","","","",""
"MED012","00","AGUJAS METALICAS PARA CINTEO TOPOGRAFICO","1,82","","0,05","","3/1/2024 12:00:00 a. m.","1","","","",""
"MED013","00","MESA, ACCESORIOS Y EQUIPO DE DIBUJO","156,55","","0,01","","3/1/2024 12:00:00 a. m.","1","","","",""
"MED014","00","TEODOLITO WILD O SIMILAR CON COMPUTADORA","31,45","","1","","3/1/2024 12:00:00 a. m.","1","","","",""
"MED015","00","CINTA METRICA 25 MTS. MARCA ESPN P/TOPOG","40,68","","0,02","","3/1/2024 12:00:00 a. m.","1","FERRETERIA DEL ESTE S.A.","","",""
"MED016","00","TEODOLITO ELECTRONICO WILD PRECISION O S","32,46","","1","","3/1/2024 12:00:00 a. m.","1","","","",""
"MED017","00","TEODOLITO ESTACION TOTAL LEICA O SIMILAR","3522,62","","0,007","","3/1/2024 12:00:00 a. m.","1","","","",""
"MED018","00","CINTA METRICA 20 MTS METALICA O SIMILAR","23,49","","0,03","","3/1/2024 12:00:00 a. m.","1","EPA SUPERFERRETERIA","","",""
"MED019","00","NIVEL PARA TOPOGRAFIA","31,28","","1","","3/1/2024 12:00:00 a. m.","1","","","",""
"MED020","00","GPS TOPOGRAFICO","31,64","","1","","3/1/2024 12:00:00 a. m.","1","","","",""
"MED021","00","CINTA METRICA DE 8 MTS METALICA O SIMILA","8,14","","0,03","","3/1/2024 12:00:00 a. m.","1","","","",""
"MED022","00","CERTIFICADOR DE CABLE UTP 6 /5E VOZ O DA","1009,6","","0,005","","3/1/2024 12:00:00 a. m.","1","","","",""
"MED023","00","PROBADOR DE TONO TIPO LAPIZ FLUKE O SIMI","137,84","","0,007","","3/1/2024 12:00:00 a. m.","1","","","",""
"MED024","00","CABLE TESTER FLUKE NETWORKS CIQ-100 O SI","1320,23","","0,005","","3/1/2024 12:00:00 a. m.","1","","","",""
"MED025","00","PROBADOR DE PARES C/SEÑAL FLUKE O SIMILA","144,16","","0,007","","3/1/2024 12:00:00 a. m.","1","","","",""
"MED026","00","GENERADOR DE TONO C/LAPIZ","108,38","","0,007","","3/1/2024 12:00:00 a. m.","1","","","",""
"MOV001","00","TRACTOR CAT D-9H O SIMILAR CON ESCARIFIC","2637,44","","1","","3/1/2024 12:00:00 a. m.","1","VENEQUIP - CONSORCIO DE COGESTION","","",""
"MOV002","00","CHICORA CON CABO DE MADERA","23,45","","0,02","","3/1/2024 12:00:00 a. m.","1","","","",""
"MOV003","00","EQUIPO MENOR MOVIMIENTO DE TIERRAS","4,64","","1","","3/1/2024 12:00:00 a. m.","1","","","",""
"MOV004","00","MOTONIVELADORA CAT 12-G (PATROL) O SIMIL","993,56","","1","","3/1/2024 12:00:00 a. m.","1","","","",""
"MOV005","00","MOTONIVELADORA CAT 120 H (PATROL) O SIMI","383,89","","1","","3/1/2024 12:00:00 a. m.","1","","","",""
"MOV006","00","MOTONIVELADORA CAT 14 H (PATROL) O SIMIL","812,89","","1","","3/1/2024 12:00:00 a. m.","1","","","",""
"MOV007","00","MOTONIVELADORA CAT 140 B (PATROL) O SIMI","1016,16","","1","","3/1/2024 12:00:00 a. m.","1","VENEQUIP - CONSORCIO DE COGESTION","","",""
"MOV008","00","MOTOTRAILLA CAT 631 O SIM CAP = 23 M3","3522,62","","1","","3/1/2024 12:00:00 a. m.","1","","","",""
"MOV009","00","EXCAVADORA / JUMBO","361,32","","1","","3/1/2024 12:00:00 a. m.","1","","","",""
"MOV010","00","EXCAVADORA POCLAIN 125/160 O SIMILAR","361,32","","1","","3/1/2024 12:00:00 a. m.","1","","","",""
"MOV011","00","EXCAVADORA POCLAIN 160 C/MARTILLO 960","487,76","","1","","3/1/2024 12:00:00 a. m.","1","MPA MAQUINARIAS -SUCURSAL","","",""
"MOV012","00","EXCAVADORA POCLAIN 300 O SIMILAR","496,81","","1","","3/1/2024 12:00:00 a. m.","1","MPA MAQUINARIAS -SUCURSAL","","",""
"MOV013","00","EXCAVADORA POCLAIN 75 O SIMILAR","352,24","","1","","3/1/2024 12:00:00 a. m.","1","MPA MAQUINARIAS -SUCURSAL","","",""
"MOV014","00","EXCAVADORA POCLAIN 90 C/MARTILLO 600 O S","467,86","","1","","3/1/2024 12:00:00 a. m.","1","MPA MAQUINARIAS -SUCURSAL","","",""
"MOV015","00","EXCAVADORA POCLAIN 90 C/MARTILLO 720 O S","491,38","","1","","3/1/2024 12:00:00 a. m.","1","MPA MAQUINARIAS -SUCURSAL","","",""
"MOV016","00","EXTRACTOR DE TABLESTACAS","1083,91","","1","","3/1/2024 12:00:00 a. m.","1","","","",""
"MOV017","00","EXCAVADORA CAT 345 BL II RE","137291,77","","0,0025","","3/1/2024 12:00:00 a. m.","1","","","",""
"MOV018","00","EQUIPO MENOR P/EXCAVACION MANUAL","3,59","","1","","3/1/2024 12:00:00 a. m.","1","","","",""
"MOV019","00","MAQUINA CERNIDORA AUTOMATICA PARA AGREGA","31613,2","","0,0027","","3/1/2024 12:00:00 a. m.","1","","","",""
"MOV020","00","EXCAVADORA CAT 322 CL RE","232131,43","","0,0025","","3/1/2024 12:00:00 a. m.","1","","","",""
"MOV021","00","RETROEXCAVADORA CASE 580 O SIMILAR","225,84","","1","","3/1/2024 12:00:00 a. m.","1","MAQUINARIAS ALQUI RETRO C.A.","","",""
"MOV022","00","RETROEXCAVADORA CASE 580 CON MARTILLO 18","257,44","","1","","3/1/2024 12:00:00 a. m.","1","MPA MAQUINARIAS PARA ALQUILAR C.A.","","",""
"MOV023","00","RETROEXCAVADORA CASE 580 CON MARTILLO 30","325,17","","1","","3/1/2024 12:00:00 a. m.","1","TALLER MECANICO INDUST. PARIS C.A.","","",""
"MOV024","00","RETROEXCAVADORA","225,84","","1","","3/1/2024 12:00:00 a. m.","1","DM Y ESTRUCTURAS C.A. (Andamios)","","",""
"MOV025","00","EXCAVADORA CASE 9050","1083,91","","1","","3/1/2024 12:00:00 a. m.","1","MPA MAQUINARIAS -SUCURSAL","","",""
"MOV026","00","MINISHOVEL CARGADOR/ RETROEXCAVADORA","203,21","","1","","3/1/2024 12:00:00 a. m.","1","MPA MAQUINARIAS -SUCURSAL","","",""
"MOV027","00","RETROEXCAVADORA CASE O SIM","116631,88","","0,0035","","3/1/2024 12:00:00 a. m.","1","MPA MAQUINARIAS PARA ALQUILAR C.A.","","",""
"MOV028","00","EXCAVADORA POCLAIN 90","424,5","","1","","3/1/2024 12:00:00 a. m.","1","MPA MAQUINARIAS -SUCURSAL","","",""
"MOV029","00","EXCAVADORA POCLAIN 160","406,46","","1","","3/1/2024 12:00:00 a. m.","1","","","",""
"MOV030","00","ENTIBADO METALICO","7,83","","1","","3/1/2024 12:00:00 a. m.","1","","","",""
"MOV031","00","MINISHOVEL/MINICARGADOR BOBCAT 40HP CAP=","24387,36","","0,004","","3/1/2024 12:00:00 a. m.","1","VENEQUIP - CONSORCIO DE COGESTION","","",""
"MOV032","00","TRACTOR CAT D-7R TIPO DS","587102,88","","0,0035","","3/1/2024 12:00:00 a. m.","1","VENEQUIP - CONSORCIO DE COGESTION","","",""
"MOV033","00","CARGADOR MINI SHOVEL 25 HP","133,11","","1","","3/1/2024 12:00:00 a. m.","1","MPA MAQUINARIAS PARA ALQUILAR C.A.","","",""
"MOV034","00","CARGADOR CAUCHO/RUEDAS CAT 950-G PAYLOAD","704,54","","1","","3/1/2024 12:00:00 a. m.","1","VENEQUIP - CONSORCIO DE COGESTION","","",""
"MOV035","00","TRACTOR CAT D-7G O SIMILAR","1264,52","","1","","3/1/2024 12:00:00 a. m.","1","","","",""
"MOV036","00","TRACTOR CAT D-6H CON RIPPER O SIM.","496,81","","1","","3/1/2024 12:00:00 a. m.","1","","","",""
"MOV037","00","MINISHOVEL CARGADOR BOBCAT 763 O SIM","156,55","","1","","3/1/2024 12:00:00 a. m.","1","TALLER MECANICO INDUST. PARIS C.A.","","",""
"MOV038","00","BALLENA CAT 49200 LTS CAT-773 CISTERNA","1716,16","","1","","3/1/2024 12:00:00 a. m.","1","","","",""
"MOV039","00","MINISHOVEL - MINICARGADOR / SKID-STEER L","180,66","","1","","3/1/2024 12:00:00 a. m.","1","MAQUINARIAS GIANPRO C.A. - ALQUILER","","",""
"MOV040","00","PAYLOADER GRANDE - CARGADOR DE CAUCHOS","1083,91","","1","","3/1/2024 12:00:00 a. m.","1","MPA MAQUINARIAS -SUCURSAL","","",""
"MOV041","00","TRACTOR CAT D-9 SIN RIPPER","1806,47","","1","","3/1/2024 12:00:00 a. m.","1","","","",""
"MOV042","00","CARGADOR DE CAUCHOS CAT 966 G-II (PAYLOA","695,52","","1","","3/1/2024 12:00:00 a. m.","1","","","",""
"MOV043","00","PAYLOADER - CARGADOR DE CAUCHOS/RUEDAS","903,25","","1","","3/1/2024 12:00:00 a. m.","1","MAQUINARIAS BERO 09 C.A.","","",""
"MOV044","00","RETROEXCAVADORA CAT 416","243,93","","1","","3/1/2024 12:00:00 a. m.","1","TALLER MECANICO INDUST. PARIS C.A.","","",""
"MOV045","00","CAMION ARTICULADO CAT","308110,3","","0,0058","","3/1/2024 12:00:00 a. m.","1","","","",""
"MOV046","00","BESTIA DE CARGA (EQUINO/MULA)","17,65","","1","","3/1/2024 12:00:00 a. m.","1","","","",""
"MOV047","00","MINISHOVEL CON MARTILLO HIDRAULICO","198,72","","1","","3/1/2024 12:00:00 a. m.","1","MPA MAQUINARIAS -SUCURSAL","","",""
"MOV048","00","EXCAVADORA CASE 9050 C/MARTILLO HIDRAULI","1264,52","","1","","3/1/2024 12:00:00 a. m.","1","MPA MAQUINARIAS -SUCURSAL","","",""
"MOV049","00","EXCAVADORA JUMBO CASE/POCLAIN 9030","767,75","","1","","3/1/2024 12:00:00 a. m.","1","MPA MAQUINARIAS -SUCURSAL","","",""
"MOV050","00","EXCAVADORA CASE/POCLAIN 9030 CON MARTILL","903,25","","1","","3/1/2024 12:00:00 a. m.","1","MPA MAQUINARIAS -SUCURSAL","","",""
"MOV051","00","EXCAVADORA POCLAIN 75 C/MARTILLO","352,24","","1","","3/1/2024 12:00:00 a. m.","1","MPA MAQUINARIAS -SUCURSAL","","",""
"MOV052","00","RETROEXCAVADORA CAT 416 4X4","219,18","","1","","3/1/2024 12:00:00 a. m.","1","TALLER MECANICO INDUST. PARIS C.A.","","",""
"MOV053","00","CARGADOR DE ORUGA/CADENA CAT 953-C 2,25 ","894,22","","1","","3/1/2024 12:00:00 a. m.","1","VENEQUIP - CONSORCIO DE COGESTION","","",""
"MOV054","00","CARGADOR DE ORUGA/CADENA","903,25","","1","","3/1/2024 12:00:00 a. m.","1","","","",""
"MOV055","00","EXCAVADORA CAT 325","821,96","","1","","3/1/2024 12:00:00 a. m.","1","MAQUINARIAS BERO 09 C.A.","","",""
"MOV056","00","EXCAVADORA CAT 320C CON MARTILLO","903,25","","1","","3/1/2024 12:00:00 a. m.","1","MAQUINARIAS BERO 09 C.A.","","",""
"MOV057","00","VIBROCOMPACTADOR C/PATA DE CABRA CS-433E","541,94","","1","","3/1/2024 12:00:00 a. m.","1","MAQUINARIAS BERO 09 C.A.","","",""
"MOV058","00","MOTONIVELADORA CAT 12 H (PATROL) O SIMIL","1045,06","","1","","3/1/2024 12:00:00 a. m.","1","MAQUINARIAS BERO 09 C.A.","","",""
"MOV059","00","TRACTOR (BULLDOZER) CAT D4K PALA ANGULAR","447,09","","1","","3/1/2024 12:00:00 a. m.","1","MAQUINARIAS BERO 09 C.A.","","",""
"MOV060","00","TRACTOR CAT D11T","1625823,29","","0,002573","","3/1/2024 12:00:00 a. m.","1","","","",""
"MOV061","00","TRACTOR CAT D11R","1354852,81","","0,0026","","3/1/2024 12:00:00 a. m.","1","","","",""
"MOV062","00","EXCAVADORA PARA MUROS COLADOS TIPO ALMEJ","812,89","","1","","3/1/2024 12:00:00 a. m.","1","","","",""
"MOV063","00","CONEXION BARREDORA DE MATERIAL EN MUROS ","43,35","","1","","3/1/2024 12:00:00 a. m.","1","","","",""
"MOV064","00","EXCAVADORA VOLVO  EC 290","214660,19","","0,004549","","3/1/2024 12:00:00 a. m.","1","VENEQUIP - CONSORCIO DE COGESTION","","",""
"MOV065","00","RETROEXCAVADORA CASE 590 SN O SIM (2016)","145574,19","","0,003","","3/1/2024 12:00:00 a. m.","1","","","",""
"OFI001","00","MESA Y EQUIPO DE DIBUJO","117,41","","0,01","","3/1/2024 12:00:00 a. m.","1","","","",""
"OFI002","00","EQUIPOS VARIOS TOPOGRAFICOS","769,58","","0,0025","","3/1/2024 12:00:00 a. m.","1","","","",""
"OFI003","00","DISTANCIOMETRO PARA LEVANTAMIENTOS","27,13","","1","","3/1/2024 12:00:00 a. m.","1","","","",""
"OFI004","00","COMPUTADORA ESCRITORIO, CORE I5 O SIM","1174,35","","0,025","","3/1/2024 12:00:00 a. m.","1","","","",""
"OFI005","00","COMPUTADORA, IMPRESORA Y HERRAMIENTAS DE","1956,91","","0,012","","3/1/2024 12:00:00 a. m.","1","","","",""
"OFI006","00","IMPRESORA DE PLANOS","3131,61","","0,012","","3/1/2024 12:00:00 a. m.","1","","","",""
"OFI007","00","GUILLOTINA MANUAL DE OFICINA","0,84","","1","","3/1/2024 12:00:00 a. m.","1","","","",""
"OFI008","00","COMPUTADOR CON MESA","16,01","","1","","3/1/2024 12:00:00 a. m.","1","","","",""
"OFI009","00","COMPUTADOR TIPO I5 O SIMILAR","695,52","","0,025","","3/1/2024 12:00:00 a. m.","1","","","",""
"OFI010","00","COMPUTADOR TIPO LAPTOP","556,49","","0,02","","3/1/2024 12:00:00 a. m.","1","","","",""
"OFI011","00","COMPUTADOR TIPO PC I5 / IMPRESORA","1083,91","","0,02","","3/1/2024 12:00:00 a. m.","1","","","",""
"OFI012","00","LICENCIA SOFTWARE AUTOCAD","2731,11","","0,0005","","3/1/2024 12:00:00 a. m.","1","","","",""
"OFI013","00","PLOTTER PARA PLANOS","1797,44","","0,007","","3/1/2024 12:00:00 a. m.","1","","","",""
"OFI014","00","COMPUTADORA NOTEBOOK (PORTATIL)","587,13","","0,025","","3/1/2024 12:00:00 a. m.","1","","","",""
"OFI015","00","CALCULADORA CIENTIFICA HP50G O SIMILAR","51,48","","0,009","","3/1/2024 12:00:00 a. m.","1","","","",""
"OFI016","00","GRAPADORA PAPEL CLIPPER OFICINA O SIM C/","15,85","","0,004","","3/1/2024 12:00:00 a. m.","1","","","",""
"OFI017","00","MUFLA-HORNO DIGITAL 1800W 1200°C P/ENSAY","6018,07","","0,007","","3/1/2024 12:00:00 a. m.","1","","","",""
"OFI018","00","AGITADOR DE VIDRIO P/ENSAYOS DE LABORATO","4,46","","0,002","","3/1/2024 12:00:00 a. m.","1","","","",""
"OFI019","00","AGITADOR MECANICO 400 RPM P/ENSAYOS DE L","1809,66","","0,007","","3/1/2024 12:00:00 a. m.","1","","","",""
"OFI020","00","CUCHARA DE CASAGRANDE ENSAYO MANUAL LIMI","462,93","","0,0008","","3/1/2024 12:00:00 a. m.","1","","","",""
"OFI021","00","BALANZA, CAPACIDAD 20 KG P/ENSAYOS DE LA","1716,16","","0,003","","3/1/2024 12:00:00 a. m.","1","","","",""
"OFI022","00","BALANZA, CAPACIDAD 4 KG P/ENSAYOS DE LAB","993,56","","0,003","","3/1/2024 12:00:00 a. m.","1","","","",""
"OFI023","00","BANDEJA DE ALUMINIO P/ENSAYOS DE LABORAT","325,17","","0,007","","3/1/2024 12:00:00 a. m.","1","","","",""
"OFI024","00","BARRA COMPACTADORA P/ENSAYOS DE LABORATO","90,34","","0,005","","3/1/2024 12:00:00 a. m.","1","","","",""
"OFI025","00","BARRA ESTANDAR P/ENSAYOS DE LABORATORIO","72,25","","0,0008","","3/1/2024 12:00:00 a. m.","1","","","",""
"OFI026","00","BOMBA DE VACIO P/ENSAYOS DE LABORATORIO","1818,02","","0,003","","3/1/2024 12:00:00 a. m.","1","","","",""
"OFI027","00","CALIBRADOR P/ENSAYOS DE LABORATORIO","11,22","","0,0008","","3/1/2024 12:00:00 a. m.","1","","","",""
"OFI028","00","CAPSULA DE PORCELANA P/ENSAYOS DE LABORA","31,22","","0,0008","","3/1/2024 12:00:00 a. m.","1","","","",""
"OFI029","00","CAPSULA EVAPORADORA P/ENSAYOS DE LABORAT","4,46","","0,007","","3/1/2024 12:00:00 a. m.","1","","","",""
"OFI030","00","CAPSULAS P/ENSAYOS DE LABORATORIO","9,05","","0,007","","3/1/2024 12:00:00 a. m.","1","","","",""
"OFI031","00","CUCHARA D/CASAGRANDE MOTORIZADA ENSAYO L","722,63","","0,008","","3/1/2024 12:00:00 a. m.","1","","","",""
"OFI032","00","TAMIZ P/ENSAYO SUELO E11 ASTM BRONCE","82,22","","0,007","","3/1/2024 12:00:00 a. m.","1","","","",""
"OFI033","00","TAMIZ P/ENSAYO SUELO E11 ASTM LANON INOX","47,87","","0,007","","3/1/2024 12:00:00 a. m.","1","","","",""
"OFI034","00","CILINDRO GRADUADO P/ENSAYOS DE LABORATOR","45,2","","0,007","","3/1/2024 12:00:00 a. m.","1","","","",""
"OFI036","00","CONO/BOTELLA P/ENSAYO DE DENSIDAD EN CAM","312,56","","0,003","","3/1/2024 12:00:00 a. m.","1","","","",""
"OFI037","00","CRISOLES P/ENSAYOS DE LABORATORIO","11,76","","0,007","","3/1/2024 12:00:00 a. m.","1","","","",""
"OFI038","00","CRONOMETRO DIGITAL P/ENSAYOS DE LABORATO","301,72","","0,003","","3/1/2024 12:00:00 a. m.","1","","","",""
"OFI039","00","CUARTEADOR P/ENSAYOS DE LABORATORIO","180,66","","0,007","","3/1/2024 12:00:00 a. m.","1","","","",""
"OFI040","00","CUARTEADOR MECANICO P/ENSAYOS DE LABORAT","2172,29","","0,007","","3/1/2024 12:00:00 a. m.","1","","","",""
"OFI041","00","CUCHARA P/ENSAYOS DE LABORATORIO","50,56","","0,007","","3/1/2024 12:00:00 a. m.","1","","","",""
"OFI042","00","CUCHARON GRANDE P/ENSAYOS DE LABORATORIO","55,26","","0,007","","3/1/2024 12:00:00 a. m.","1","","","",""
"OFI043","00","DESECADOR P/ENSAYOS DE LABORATORIO","357,18","","0,007","","3/1/2024 12:00:00 a. m.","1","","","",""
"OFI044","00","EMBUDO P/ENSAYOS DE LABORATORIO","6,39","","0,007","","3/1/2024 12:00:00 a. m.","1","","","",""
"OFI045","00","EMBUDO DE VIDRIO P/ENSAYOS DE LABORATORI","9,05","","0,007","","3/1/2024 12:00:00 a. m.","1","","","",""
"OFI046","00","ENRASADOR METALICO P/ENSAYOS DE LABORATO","13,54","","0,007","","3/1/2024 12:00:00 a. m.","1","","","",""
"OFI047","00","ENVASE P/ENSAYOS DE LABORATORIO","1,77","","0,007","","3/1/2024 12:00:00 a. m.","1","","","",""
"OFI048","00","ENVASE DE VIDRIO GRADUADO CON TAPA P/LAB","9,05","","0,005","","3/1/2024 12:00:00 a. m.","1","","","",""
"OFI049","00","CILINDRO P/ENSAYO DE PESO UNITARIO COMPA","108,38","","0,0008","","3/1/2024 12:00:00 a. m.","1","","","",""
"OFI050","00","ENVASE P/ PESO UNITARIO SUELTO 1000G P/L","89,43","","0,007","","3/1/2024 12:00:00 a. m.","1","","","",""
"OFI051","00","AGITADOR VIBRADOR P/ENSAYO LABORATORIO T","1083,91","","0,005","","3/1/2024 12:00:00 a. m.","1","","","",""
"OFI052","00","ESPATULA P/ENSAYOS DE LABORATORIO","8,47","","0,03","","3/1/2024 12:00:00 a. m.","1","","","",""
"OFI053","00","GUANTES TERMICOS DE AMIANTO P/ LABORATOR","116,53","","0,007","","3/1/2024 12:00:00 a. m.","1","","","",""
"OFI054","00","HIDROMETRO '"A'" PARA SUELOS 152H P/LABORA","20,78","","0,007","","3/1/2024 12:00:00 a. m.","1","","","",""
"OFI055","00","HORNO 225°C, CAPACIDAD 220 L P/LABORATOR","3612,95","","0,003","","3/1/2024 12:00:00 a. m.","1","","","",""
"OFI056","00","HORNO 225°C, CAPACIDAD 98 L P/LABORATORI","2709,74","","0,007","","3/1/2024 12:00:00 a. m.","1","","","",""
"OFI057","00","MAQUINA DESGASTE DE LOS ANGELES P/LABORA","9393,65","","0,0015","","3/1/2024 12:00:00 a. m.","1","","","",""
"OFI060","00","PICNOMETRO P/ENSAYOS DE LABORATORIO","361,32","","0,007","","3/1/2024 12:00:00 a. m.","1","","","",""
"OFI062","00","PINZA P/ENSAYOS DE LABORATORIO","24,83","","0,003","","3/1/2024 12:00:00 a. m.","1","","","",""
"OFI063","00","PIPETA P/ENSAYOS DE LABORATORIO","16,29","","0,007","","3/1/2024 12:00:00 a. m.","1","","","",""
"OFI064","00","PLACA DE VIDRIO P/ENSAYOS DE LABORATORIO","36,17","","0,007","","3/1/2024 12:00:00 a. m.","1","","","",""
"OFI065","00","PROBETA GRADUADA P/ENSAYOS DE LABORATORI","64,12","","0,007","","3/1/2024 12:00:00 a. m.","1","","","",""
"OFI066","00","RANURADOR P/ENSAYOS DE SUELOS LIMITE LIQ","36,17","","0,007","","3/1/2024 12:00:00 a. m.","1","","","",""
"OFI067","00","REGLA METALICA P/ENSAYOS DE LABORATORIO","14,04","","0,007","","3/1/2024 12:00:00 a. m.","1","","","",""
"OFI069","00","ROCIADOR P/ENSAYOS DE SUELOS","4,46","","0,007","","3/1/2024 12:00:00 a. m.","1","","","",""
"OFI070","00","HORNO SECADOR P/ENSAYOS DE SUELOS","4967,85","","0,003","","3/1/2024 12:00:00 a. m.","1","","","",""
"OFI071","00","DETERMINADOR DE HUMEDAD SPEEDY 2000 P/LA","3752,68","","0,01","","3/1/2024 12:00:00 a. m.","1","","","",""
"OFI072","00","TABLA GADNER P/ENSAYOS DE SUELOS","235,68","","0,01","","3/1/2024 12:00:00 a. m.","1","","","",""
"OFI073","00","TAMIZ 1 1/2'" P/ENSAYOS DE SUELOS","147,33","","0,01","","3/1/2024 12:00:00 a. m.","1","","","",""
"OFI074","00","TAMIZ 1'" P/ENSAYOS DE SUELOS","147,33","","0,01","","3/1/2024 12:00:00 a. m.","1","","","",""
"OFI075","00","TAMIZ 1/2'" P/ENSAYOS DE SUELOS","147,33","","0,01","","3/1/2024 12:00:00 a. m.","1","","","",""
"OFI076","00","TAMIZ 1/4'" P/ENSAYOS DE SUELOS","147,33","","0,01","","3/1/2024 12:00:00 a. m.","1","","","",""
"OFI077","00","TAMIZ 2 P/ENSAYOS DE SUELOS","147,33","","0,01","","3/1/2024 12:00:00 a. m.","1","","","",""
"OFI078","00","TAMIZ 2 1/2'" P/ENSAYOS DE SUELOS","147,33","","0,01","","3/1/2024 12:00:00 a. m.","1","","","",""
"OFI079","00","TAMIZ 3'" P/ENSAYOS DE SUELOS","147,33","","0,01","","3/1/2024 12:00:00 a. m.","1","","","",""
"OFI080","00","TAMIZ 3/4'" P/ENSAYOS DE SUELOS","147,33","","0,01","","3/1/2024 12:00:00 a. m.","1","","","",""
"OFI081","00","TAMIZ 3/8'" P/ENSAYOS DE SUELOS","147,33","","0,01","","3/1/2024 12:00:00 a. m.","1","","","",""
"OFI082","00","TAMIZ 4'" P/ENSAYOS DE SUELOS","147,33","","0,01","","3/1/2024 12:00:00 a. m.","1","","","",""
"OFI083","00","TAMIZ Nº 10 P/ENSAYOS DE SUELOS","147,33","","0,01","","3/1/2024 12:00:00 a. m.","1","","","",""
"OFI084","00","TAMIZ Nº 100 P/ENSAYOS DE SUELOS","113,6","","0,01","","3/1/2024 12:00:00 a. m.","1","","","",""
"OFI085","00","TAMIZ Nº 16 P/ENSAYOS DE SUELOS","147,33","","0,01","","3/1/2024 12:00:00 a. m.","1","","","",""
"OFI086","00","TAMIZ Nº 20 P/ENSAYOS DE SUELOS","147,33","","0,01","","3/1/2024 12:00:00 a. m.","1","","","",""
"OFI087","00","TAMIZ Nº 200 P/ENSAYO SUELO E11 ASTM BRO","147,33","","0,01","","3/1/2024 12:00:00 a. m.","1","","","",""
"OFI088","00","TAMIZ Nº 30 P/ENSAYOS DE SUELOS","147,33","","0,01","","3/1/2024 12:00:00 a. m.","1","","","",""
"OFI089","00","TAMIZ Nº 4 P/ENSAYOS DE SUELOS","147,33","","0,01","","3/1/2024 12:00:00 a. m.","1","","","",""
"OFI090","00","TAMIZ Nº 40 P/ENSAYOS DE SUELOS","147,33","","0,007","","3/1/2024 12:00:00 a. m.","1","","","",""
"OFI091","00","TAMIZ Nº 50 P/ENSAYOS DE SUELOS","147,33","","0,007","","3/1/2024 12:00:00 a. m.","1","","","",""
"OFI092","00","TAMIZ Nº 60 P/ENSAYOS DE SUELOS","147,33","","0,007","","3/1/2024 12:00:00 a. m.","1","","","",""
"OFI093","00","TAMIZ Nº 8 P/ENSAYOS DE SUELOS","147,33","","0,007","","3/1/2024 12:00:00 a. m.","1","","","",""
"OFI094","00","TAMIZ Nº 80 LATON INOXIDABLE P/ENSAYOS D","147,33","","0,007","","3/1/2024 12:00:00 a. m.","1","","","",""
"OFI095","00","TAMIZADOR VIBRADOR ELECTRICO P/ENSAYO SU","4208,41","","0,003","","3/1/2024 12:00:00 a. m.","1","","","",""
"OFI096","00","TAMIZADOR MECANICO P/ENSAYOS DE SUELOS","967,97","","0,003","","3/1/2024 12:00:00 a. m.","1","","","",""
"OFI097","00","TANQUE DE INMERSION P/ENSAYOS DE SUELOS","2903,86","","0,003","","3/1/2024 12:00:00 a. m.","1","","","",""
"OFI098","00","TAPONES DE GOMA","1,04","","0,007","","3/1/2024 12:00:00 a. m.","1","","","",""
"OFI099","00","TERMOMETRO P/ENSAYOS DE SUELOS","6,95","","0,003","","3/1/2024 12:00:00 a. m.","1","","","",""
"OFI100","00","TERMOMETRO DE MERCURIO P/ENSAYOS DE SUEL","63,26","","0,007","","3/1/2024 12:00:00 a. m.","1","","","",""
"OFI101","00","TUBO DE ENSAYO P/ENSAYOS DE SUELOS","6,39","","0,0008","","3/1/2024 12:00:00 a. m.","1","","","",""
"OFI102","00","TUBO IRRIGADOR P/ENSAYOS DE SUELOS","63,26","","0,007","","3/1/2024 12:00:00 a. m.","1","","","",""
"OFI103","00","VARILLA P/ENSAYOS DE SUELOS","5,49","","0,007","","3/1/2024 12:00:00 a. m.","1","","","",""
"OFI104","00","VASO DE PRECIPITADO CAPACIDAD 250 ML P/L","6,79","","0,007","","3/1/2024 12:00:00 a. m.","1","","","",""
"OFI105","00","VASO PRECIPITADO, CAPACIDAD 400 ML","7,22","","0,007","","3/1/2024 12:00:00 a. m.","1","","","",""
"OFI106","00","VERNIER DE 12'", ANALOGICO P/ENSAYOS DE L","133,95","","0,003","","3/1/2024 12:00:00 a. m.","1","","","",""
"OFI107","00","VIDRIO ENRASADOR P/ENSAYOS DE LABORATORI","3,73","","0,007","","3/1/2024 12:00:00 a. m.","1","","","",""
"OFI108","00","TAPA PARA TAMIZ DE ENSAYOS DE SUELOS E11","17,18","","0,007","","3/1/2024 12:00:00 a. m.","1","","","",""
"OFI109","00","MAQUINA DE PULIMENTO ACELERADO P/ENSAYOS","13548,52","","0,001","","3/1/2024 12:00:00 a. m.","1","","","",""
"OFI110","00","PENDULO DE FRICCION P/ENSAYOS DE LABORAT","4131,4","","0,002","","3/1/2024 12:00:00 a. m.","1","","","",""
"OFI111","00","FONDO P/ TAMIZ DE ENSAYOS DE SUELOS E11 ","25,28","","0,007","","3/1/2024 12:00:00 a. m.","1","ADVANCE POWER CORPORATION C.A,","","",""
"OFI112","00","LAVADOR PLASTICO P/ENSAYOS DE LABORATORI","4,46","","0,035","","3/1/2024 12:00:00 a. m.","1","","","",""
"OFI114","00","CUCHARON P/MANIPULAR MUESTRAS DE SUELO","22,68","","0,007","","3/1/2024 12:00:00 a. m.","1","","","",""
"OFI115","00","INSTALACIONES Y LOCAL P/LABORATORIO","162,57","","1","","3/1/2024 12:00:00 a. m.","1","","","",""
"OFI116","00","CILINDRO PRECIPITADOR P/ENSAYOS DE SUELO","53,32","","0,008","","3/1/2024 12:00:00 a. m.","1","","","",""
"OFI117","00","ENVASE METALICO CAP 4 LTS ENSAYOS LABORA","17,18","","0,007","","3/1/2024 12:00:00 a. m.","1","","","",""
"OFI118","00","PLACA BASE P/CONO Y ENSAYOS SUELO C/AREN","168,35","","0,003","","3/1/2024 12:00:00 a. m.","1","","","",""
"OFI119","00","TERMOMETRO PARA ENSAYOS DE ASFLATO","18,08","","0,003","","3/1/2024 12:00:00 a. m.","1","","","",""
"OFI120","00","CILINDRO ENSAYO CBR COMPACTACION/PROCTOR","379,34","","0,003","","3/1/2024 12:00:00 a. m.","1","","","",""
"PIN001","00","BROCHA PROFESIONAL 4'"","11,49","","0,07","","3/1/2024 12:00:00 a. m.","1","","","",""
"PIN002","00","COMPRESOR 1.5 HP Y ACCESORIOS PARA PINTA","16,81","","1","","3/1/2024 12:00:00 a. m.","1","","","",""
"PIN003","00","COMPRESOR 2.0 HP AIRE PARA PINTAR/SOPLAR","1643,82","","0,02897","","3/1/2024 12:00:00 a. m.","1","FERRETERIA DEL ESTE S.A.","","",""
"PIN004","00","JUEGO DE BROCHAS PEQUEÑAS (1'"- 2'"- 2 1/2","9,05","","0,07","","3/1/2024 12:00:00 a. m.","1","","","",""
"PIN005","00","COMPRESOR P/PINTAR 1HP 108 LT PISTOLA/MA","1251","","0,01","","3/1/2024 12:00:00 a. m.","1","","","",""
"PIN006","00","EQUIPO DE IMPRESION SOBRE ACRILICO","297,48","","0,01","","3/1/2024 12:00:00 a. m.","1","","","",""
"PIN007","00","EQUIPO P/PINTAR: BROCHA RODILLO Y EXTENS","0,84","","1","","3/1/2024 12:00:00 a. m.","1","","","",""
"PIN008","00","EQUIPOS VARIOS DE PINTAR (MANUAL)","69,55","","0,02","","3/1/2024 12:00:00 a. m.","1","","","",""
"PIN009","00","JUEGO DE BROCHA Y RODILLO P/PINTAR","22,55","","0,07","","3/1/2024 12:00:00 a. m.","1","","","",""
"PIN010","00","JUEGO DE BROCHAS","17,18","","0,07","","3/1/2024 12:00:00 a. m.","1","","","",""
"PIN011","00","MAQUINA PARA DEMARCACION LINEAL","3341,99","","0,005","","3/1/2024 12:00:00 a. m.","1","","","",""
"PIN012","00","EQUIPO LIVIANO MANUAL SIMPLE P/PINTAR","0,5","","1","","3/1/2024 12:00:00 a. m.","1","","","",""
"PIN013","00","BROCHA PROFESIONAL 3'"","9,05","","0,07","","3/1/2024 12:00:00 a. m.","1","","","",""
"PIN014","00","EQUIPO PARA DEMARCACION LINEAL","16,29","","1","","3/1/2024 12:00:00 a. m.","1","","","",""
"PIN015","00","ESPATULA Y CEPILLO DE ALBAÑIL","16,29","","0,01","","3/1/2024 12:00:00 a. m.","1","","","",""
"PIN016","00","EXTENSION TELESCOPICA P/RODILLO PINTAR","11,94","","0,07","","3/1/2024 12:00:00 a. m.","1","","","",""
"PIN017","00","COMPRESOR AIRE CURTIS HP-3","834,52","","0,005","","3/1/2024 12:00:00 a. m.","1","","","",""
"PIN018","00","BANDEJA PARA PINTAR CON RODILLO","3,7","","0,07","","3/1/2024 12:00:00 a. m.","1","FERRETERIA DEL ESTE S.A.","","",""
"PIN019","00","BROCHA PROFESIONAL 1'"","2,38","","0,07","","3/1/2024 12:00:00 a. m.","1","","","",""
"PIN020","00","BROCHA PROFESIONAL 2'"","4,76","","0,07","","3/1/2024 12:00:00 a. m.","1","","","",""
"PIN021","00","MANGO/RODILLO P/PINTAR 9'" PROFESIONAL","3,59","","0,07","","3/1/2024 12:00:00 a. m.","1","FERRETERIA DEL ESTE S.A.","","",""
"PIN022","00","PISTOLA DE AIRE CALIENTE 2000W 220V CON ","74,38","","0,006","","3/1/2024 12:00:00 a. m.","1","FERRETERIA DEL ESTE S.A.","","",""
"PIN023","00","PISTOLA PROFESIONAL P/PINTAR","176,13","","0,004","","3/1/2024 12:00:00 a. m.","1","FERRETERIA DEL ESTE S.A.","","",""
"PIN024","00","ESPATULA ANCHO = 4'"","4,46","","0,03","","3/1/2024 12:00:00 a. m.","1","RAPIDFIX COMERCIALIZADORA /AKI","","",""
"PIN025","00","FUNDA/CAMISA P/RODILLO PINTAR 9'" X 6 MM","2,72","","0,07","","3/1/2024 12:00:00 a. m.","1","FERRETERIA DEL ESTE S.A.","","",""
"PIN026","00","PISTOLA Y EQUIPO PARA PINTAR AIRLESS","2214,73","","0,004","","3/1/2024 12:00:00 a. m.","1","ARFESA ARAGUA FERRETERA S.A.","","",""
"PIN027","00","JUEGO DE ESPATULA Y CEPILLO DE ALAMBRE","13,54","","0,033","","3/1/2024 12:00:00 a. m.","1","RAPIDFIX COMERCIALIZADORA /AKI","","",""
"PIN028","00","FUNDA/CAMISA P/RODILLO PARA PINTAR TEXTU","3,59","","0,02","","3/1/2024 12:00:00 a. m.","1","FERRETERIA DEL ESTE S.A.","","",""
"PIN029","00","EQUIPO DEMARCACION PINTAR-PINTURA TERMOP","20,78","","1","","3/1/2024 12:00:00 a. m.","1","","","",""
"PIN030","00","ROADLAZER LINE STRIPING /DEMARCACION TRA","18064,71","","0,0045","","3/1/2024 12:00:00 a. m.","1","","","",""
"PIN031","00","RODILLO DE GOMA P/ GRABAR TEXTURIZAR","4,46","","0,02","","3/1/2024 12:00:00 a. m.","1","ARFESA ARAGUA FERRETERA S.A.","","",""
"PIN032","00","BROCHA PROFESIONAL 6'"","16,29","","0,07","","3/1/2024 12:00:00 a. m.","1","","","",""
"PIN033","00","EQUIPO PINTAR/PINTURA ELECTROSTATICA","12527,88","","0,005","","3/1/2024 12:00:00 a. m.","1","","","",""
"PIN034","00","PISTOLA DE AIRE SOPLADORA","69,55","","0,007","","3/1/2024 12:00:00 a. m.","1","FERRETERIA DEL ESTE S.A.","","",""
"PIN567","00","HERRAMIENTAS VARIAS","6,19","","0,018","","3/1/2024 12:00:00 a. m.","1","","","",""
"PLO001","00","EQUIPO TIPO PLOMERIA (H.G.)","4,63","","1","","3/1/2024 12:00:00 a. m.","1","","","",""
"PLO002","00","EQUIPOS PARA PLOMERIA","53,32","","0,03","","3/1/2024 12:00:00 a. m.","1","","","",""
"PLO003","00","HERRAMIENTAS VARIAS P/REMOCION DE ARTEFA","11,15","","0,1","","3/1/2024 12:00:00 a. m.","1","","","",""
"PLO004","00","HERRAMIENTAS DE PLOMERIA","3,59","","1","","3/1/2024 12:00:00 a. m.","1","","","",""
"PLO005","00","ROSCADORA MANUAL","3,23","","1","","3/1/2024 12:00:00 a. m.","1","","","",""
"PLO006","00","CORTADORA DE TUBOS MANUAL","4,46","","1","","3/1/2024 12:00:00 a. m.","1","","","",""
"PLO007","00","CORTADORA DE CERAMICA FORMATO PEQUEÑO","225,84","","0,02","","3/1/2024 12:00:00 a. m.","1","","","",""
"PLO008","00","CORTADORA DE CERAMICA RUBI TS 60 O SIM","5,87","","1","","3/1/2024 12:00:00 a. m.","1","","","",""
"PLO009","00","CORTADORA DE CERAMICA RUBI TS-30 O SIM","5,09","","1","","3/1/2024 12:00:00 a. m.","1","","","",""
"PLO010","00","CORTADORA PARA TUBOS DE HF DE 2'" A 6'"","11,76","","1","","3/1/2024 12:00:00 a. m.","1","","","",""
"PLO011","00","CORTADORA DE TUBOS MANUAL DIAMETROS 3/8'"","28,93","","0,06","","3/1/2024 12:00:00 a. m.","1","","","",""
"PLO012","00","EQUIPO DE PLOMERIA","1,77","","1","","3/1/2024 12:00:00 a. m.","1","","","",""
"PLO013","00","DESTAPADOR DE CAÑERIAS K50 RIDGID O SIM","8,48","","1","","3/1/2024 12:00:00 a. m.","1","MAQUINARIAS GIANPRO C.A. - ALQUILER","","",""
"PLO014","00","DESTAPADOR DE CAÑERIAS K1500 RIDGID O SI","22,98","","1","","3/1/2024 12:00:00 a. m.","1","MAQUINARIAS GIANPRO C.A. - ALQUILER","","",""
"PLO015","00","TARRAJA ROSCADORA MANUAL HASTA 2'"","8,14","","1","","3/1/2024 12:00:00 a. m.","1","","","",""
"PLO016","00","EQUIPO PESADO DE PLOMERIA","7,22","","1","","3/1/2024 12:00:00 a. m.","1","","","",""
"PLO017","00","EQUIPO MEDIANO DE PLOMERIA","2,91","","1","","3/1/2024 12:00:00 a. m.","1","","","",""
"PLO018","00","TARRAJA MANUAL HASTA 4'"","10,86","","1","","3/1/2024 12:00:00 a. m.","1","","","",""
"PLO019","00","TARRAJA MANUAL DE 1/2'" A 2'" (TUBERIA)","4,03","","1","","3/1/2024 12:00:00 a. m.","1","","","",""
"PLO020","00","GUAYA DESTAPADORA C-4 MARCA RIDGID","606,05","","0,05","","3/1/2024 12:00:00 a. m.","1","","","",""
"PLO021","00","LLAVE AUXILIAR DE PLOMERO RIDGID 1017","92,07","","0,01","","3/1/2024 12:00:00 a. m.","1","","","",""
"PLO022","00","EQUIPO EXTRACTOR CON GUAYA","2,72","","1","","3/1/2024 12:00:00 a. m.","1","","","",""
"PLO023","00","LLAVES EN JUEGO COMBINADAS HASTA 1 5/8'"","122,9","","0,008","","3/1/2024 12:00:00 a. m.","1","EPA SUPERFERRETERIA","","",""
"PLO024","00","EQUIPO ELECTROFUSION SOLDAR TUBERIA PEAD","8,69","","1","","3/1/2024 12:00:00 a. m.","1","","","",""
"PLO025","00","EQUIPO PARA SOLDADURA","4,72","","1","","3/1/2024 12:00:00 a. m.","1","","","",""
"PLO026","00","LLAVE DE TUBO 24'"","1,29","","1","","3/1/2024 12:00:00 a. m.","1","DM Y ESTRUCTURAS C.A. (Andamios)","","",""
"PLO027","00","LLAVE DE TUBO 36'"","2,87","","1","","3/1/2024 12:00:00 a. m.","1","DM Y ESTRUCTURAS C.A. (Andamios)","","",""
"PLO028","00","LLAVES ESPECIALES PARA TUBERIAS","3,68","","1","","3/1/2024 12:00:00 a. m.","1","DM Y ESTRUCTURAS C.A. (Andamios)","","",""
"PLO029","00","DESTAPADOR DE CAÑERIAS K50 RIDGID O SIM","799,74","","0,003","","3/1/2024 12:00:00 a. m.","1","MAQUINARIAS GIANPRO C.A. - ALQUILER","","",""
"PLO030","00","POLIFUSORA TERMOFUSION C/MATRICES","4,69","","1","","3/1/2024 12:00:00 a. m.","1","","","",""
"PLO031","00","TIJERA P/ CORTE TUBERIA TERMOFUSION 1/2'"","31,64","","0,007","","3/1/2024 12:00:00 a. m.","1","","","",""
"PLO032","00","POLIFUSORA TERMOFUSION HASTA 63 MM","160,18","","0,009","","3/1/2024 12:00:00 a. m.","1","","","",""
"PLO033","00","POLIFUSORA TERMOFUSION 63 MM-110 MM","480,55","","0,009","","3/1/2024 12:00:00 a. m.","1","","","",""
"PLO034","00","TIJERA CORTA TUBOS POLIFUSION/TERMOFUSIO","28,66","","0,007","","3/1/2024 12:00:00 a. m.","1","","","",""
"SEG001","00","EXTINTOR DE INCENDIO PARA SEGURIDAD","46,71","","0,005","","3/1/2024 12:00:00 a. m.","1","","","",""
"SEG002","00","JUEGO DE SEÑALES DE PREVENCION Y PELIGRO","9,46","","0,005","","3/1/2024 12:00:00 a. m.","1","","","",""
"SEG003","00","CHALECO REFLECTIVO","9,61","","0,02","","3/1/2024 12:00:00 a. m.","1","","","",""
"SEG004","00","CONO DE PLASTICO PARA SEÑALIZACION VIAL","5,44","","0,012","","3/1/2024 12:00:00 a. m.","1","","","",""
"SEG005","00","CONO DE SEÑALIZACION, POLIETILENO D=28X2","6,39","","0,03","","3/1/2024 12:00:00 a. m.","1","","","",""
"SEG006","00","CONO DE SEÑALIZACION DE POLIETILENO D=35","7,65","","0,04","","3/1/2024 12:00:00 a. m.","1","EPA SUPERFERRETERIA","","",""
"SEG007","00","TAMBORES PARA SEÑALIZACION C/PINTURA REF","25,28","","0,025","","3/1/2024 12:00:00 a. m.","1","","","",""
"SEG008","00","EQUIPO BASICO DE SEÑALIZACION","1,22","","1","","3/1/2024 12:00:00 a. m.","1","","","",""
"SEG009","00","CASCO ESPECIAL DE SEGURIDAD","12,66","","0,02","","3/1/2024 12:00:00 a. m.","1","","","",""
"SEG010","00","BOTA GOMA CAÑA LARGA ESPECIAL P/VACIADO","31,64","","0,02","","3/1/2024 12:00:00 a. m.","1","","","",""
"SEG011","00","BOTA DE GOMA CAÑA CORTA","28,04","","0,02","","3/1/2024 12:00:00 a. m.","1","","","",""
"SEG012","00","CASCO ESPECIAL DE SEGURIDAD P/CONSTRUCCC","7,22","","0,02","","3/1/2024 12:00:00 a. m.","1","","","",""
"SEG0128","00","MASCARILLA SEGURIDAD DESECHABLE","0,58","","1","","3/1/2024 12:00:00 a. m.","1","","","",""
"SEG013","00","BOTA DE OBRERO PARA LA CONSTRUCCION","38,42","","0,012","","3/1/2024 12:00:00 a. m.","1","","","",""
"SEG014","00","MASCARILLA SEGURIDAD CON CARTUCHO","11,49","","0,035","","3/1/2024 12:00:00 a. m.","1","","","",""
"SEG015","00","TAPA OREJA/OIDO ANTIRRUIDO","10,09","","0,009","","3/1/2024 12:00:00 a. m.","1","","","",""
"SEG016","00","CINTURON DE SEGURIDAD","1,22","","1","","3/1/2024 12:00:00 a. m.","1","","","",""
"SEG017","00","CUERDA/CORDON DE SEGURIDAD L= 150 MT 1/2","1,22","","1","","3/1/2024 12:00:00 a. m.","1","","","",""
"SEG018","00","CONO DE SEÑALIZACION CON BANDA REFLECTIV","17,65","","0,03","","3/1/2024 12:00:00 a. m.","1","","","",""
"SEG019","00","POSTE DE SEÑALIZACION CON BANDA REFLECTI","27,13","","0,03","","3/1/2024 12:00:00 a. m.","1","","","",""
"SEG020","00","EQUIPO DE RAPEL P/FACHADAS C/LINEA DE VI","248,31","","0,005","","3/1/2024 12:00:00 a. m.","1","","","",""
"SEG021","00","EQUIPO DE APOYO Y TABLA P/PINTAR RAPEL F","113,6","","0,005","","3/1/2024 12:00:00 a. m.","1","","","",""
"SEG022","00","IMPERMEABLE TIPO GABAN / PONCHO","6,68","","0,002","","3/1/2024 12:00:00 a. m.","1","","","",""
"SEG023","00","BOTELLON DE AGUA POTABLE (ENVASE)","8,41","","0,006","","3/1/2024 12:00:00 a. m.","1","","","",""
"SEG024","00","BOTA DE SEGURIDAD PUNTA DE HIERRO","44,56","","0,012","","3/1/2024 12:00:00 a. m.","1","","","",""
"SEG025","00","CASCO DE PLASTICO PARA CONSTRUCCION","5,62","","0,02","","3/1/2024 12:00:00 a. m.","1","","","",""
"SEG026","00","FAJA DE SEGURIDAD PARA CARGAR","8,61","","0,02","","3/1/2024 12:00:00 a. m.","1","","","",""
"SEG027","00","LENTES TRANSPARENTES DE SEGURIDAD","1,77","","0,07","","3/1/2024 12:00:00 a. m.","1","","","",""
"SEG028","00","MASCARILLA SEGURIDAD DESECHABLE","0,61","","1","","3/1/2024 12:00:00 a. m.","1","","","",""
"SEG029","00","BRAGA DRILL DE OBRERO","12,22","","0,033","","3/1/2024 12:00:00 a. m.","1","","","",""
"SEG030","00","CAMISA DE OBRERO","8,61","","0,033","","3/1/2024 12:00:00 a. m.","1","","","",""
"SEG031","00","PANTALON DE OBRERO, USO INDUSTRIAL","9,05","","0,033","","3/1/2024 12:00:00 a. m.","1","","","",""
"SOL002","00","HERRAMIENTAS MENORES PARA SOLDAR","1,02","","1","","3/1/2024 12:00:00 a. m.","1","","","",""
"SUB001","00","ANDAMIO PARA TRABAJO SEMI-PESADO","289,02","","0,009","","3/1/2024 12:00:00 a. m.","1","","","",""
"SUB002","00","ANDAMIO TUBULAR H = 4,50 M","361,32","","0,006","","3/1/2024 12:00:00 a. m.","1","","","",""
"SUB003","00","ANDAMIO TUBULAR DE UN CUERPO H= 2 MT","289,02","","0,009","","3/1/2024 12:00:00 a. m.","1","","","",""
"SUB004","00","GRUA TELESCOPICA BUCYRUS 18 TON","293,57","","1","","3/1/2024 12:00:00 a. m.","1","","","",""
"SUB005","00","ANDAMIOS PARA MONTAJE DE ESTR. METALICAS","289,02","","0,009","","3/1/2024 12:00:00 a. m.","1","","","",""
"SUB006","00","BARRA OCTOGONAL PALANQUETA","45,2","","0,045","","3/1/2024 12:00:00 a. m.","1","EPA SUPERFERRETERIA","","",""
"SUB007","00","ANDAMIO TUBULAR, ALTURA= 2 MT (CUERPO)","289,02","","0,008","","3/1/2024 12:00:00 a. m.","1","","","",""
"SUB008","00","EQUIPO MENOR P/MONTAJE MEDIANO","6,39","","1","","3/1/2024 12:00:00 a. m.","1","","","",""
"SUB009","00","SECCION TORRE ELEVADORA TO-200 B","108,38","","0,006","","3/1/2024 12:00:00 a. m.","1","","","",""
"SUB010","00","EQUIPO PARA MONTAJE","4,29","","1","","3/1/2024 12:00:00 a. m.","1","","","",""
"SUB011","00","EQUIPO PARA MONTAJE DE ESTRUCTURAS METAL","1242,58","","0,008","","3/1/2024 12:00:00 a. m.","1","","","",""
"SUB012","00","ESCALERA METALICA CON 16 TRAMOS","140,92","","0,009","","3/1/2024 12:00:00 a. m.","1","","","",""
"SUB013","00","ESCALERA EXTERIOR EXTENSIBLE 20'/6 MTS","2,49","","1","","3/1/2024 12:00:00 a. m.","1","","","",""
"SUB014","00","GRUA 18 TON. P & H O SIM.","271","","1","","3/1/2024 12:00:00 a. m.","1","MAQUINARIAS BERO 09 C.A.","","",""
"SUB015","00","GRUA AUTOPROPULSADA HASTA 12 TON","177,05","","1","","3/1/2024 12:00:00 a. m.","1","","","",""
"SUB016","00","SEÑORITA CON GUAYAS Y CADENAS","4,95","","1","","3/1/2024 12:00:00 a. m.","1","","","",""
"SUB017","00","WINCHE CABRESTANTE CON MOTOR ELECTRICO","81,31","","1","","3/1/2024 12:00:00 a. m.","1","","","",""
"SUB018","00","WINCHE CABRESTANTE CON MOTOR A GASOIL","45,2","","1","","3/1/2024 12:00:00 a. m.","1","MAQUINARIAS LARMAQ C.A.","","",""
"SUB019","00","WINCHE ELECTRICO","1083,91","","0,0045","","3/1/2024 12:00:00 a. m.","1","DM Y ESTRUCTURAS C.A. (Andamios)","","",""
"SUB020","00","ESCALERA METALICA DE 7 TRAMOS","60,67","","0,009","","3/1/2024 12:00:00 a. m.","1","","","",""
"SUB021","00","ESCALERA DE ALUMINIO CON 7 TRAMOS","0,84","","1","","3/1/2024 12:00:00 a. m.","1","","","",""
"SUB022","00","TORRE GRUA 450","34739,84","","0,004","","3/1/2024 12:00:00 a. m.","1","","","",""
"SUB023","00","ANDAMIO TUBULAR DE UN CUERPO","2,72","","1","","3/1/2024 12:00:00 a. m.","1","DM Y ESTRUCTURAS C.A. (Andamios)","","",""
"SUB024","00","TABLA PARA PLATAFORMA DE ANDAMIO","0,84","","1","","3/1/2024 12:00:00 a. m.","1","","","",""
"SUB025","00","ANDAMIO COLGANTE DE GUAYA, 2 MAQ MANUAL","812,89","","0,0098","","3/1/2024 12:00:00 a. m.","1","","","",""
"SUB026","00","TORRE GRUA H=34 M PLUMA=36 M P/1000 KG","126,43","","1","","3/1/2024 12:00:00 a. m.","1","MAQUINARIAS TESLA C.A. - GRUAS","","",""
"SUB027","00","ANDAMIO COLGANTE","9,05","","1","","3/1/2024 12:00:00 a. m.","1","MPA MAQUINARIAS PARA ALQUILAR C.A.","","",""
"SUB028","00","SEÑORITAS Y CADENAS HASTA 1 1/2 TON","3,5","","1","","3/1/2024 12:00:00 a. m.","1","DISTRIBUIDORA DIMPERCA C.A.","","",""
"SUB029","00","TRIPODE PARA SEÑORITA","5,44","","1","","3/1/2024 12:00:00 a. m.","1","","","",""
"SUB030","00","EQUIPO ELEVAR PUENTES METALICOS LIVIANOS","180,66","","1","","3/1/2024 12:00:00 a. m.","1","","","",""
"SUB031","00","SEÑORITA DE RATCHET 1,5 TON","1,77","","1","","3/1/2024 12:00:00 a. m.","1","DISTRIBUIDORA DIMPERCA C.A.","","",""
"SUB032","00","ESLINGA C/RATCHET / FAJA DE AMARRE","0,95","","1","","3/1/2024 12:00:00 a. m.","1","","","",""
"SUB033","00","GANCHO","0,91","","1","","3/1/2024 12:00:00 a. m.","1","","","",""
"SUB034","00","GATO HIDRAULICO","5,49","","1","","3/1/2024 12:00:00 a. m.","1","","","",""
"SUB035","00","PLANCHAS METALICAS PARA PASES VIALES","3,59","","1","","3/1/2024 12:00:00 a. m.","1","","","",""
"SUB036","00","MAQUINA MANUAL PARA ANDAMIO COLGANTE (PA","316,19","","0,009","","3/1/2024 12:00:00 a. m.","1","","","",""
"SUB037","00","GRUA CON PLUMA DE 30 TON","812,89","","1","","3/1/2024 12:00:00 a. m.","1","","","",""
"SUB038","00","EQUIPO PARA MONTAJE DE ESTRUCTURAS","5,57","","1","","3/1/2024 12:00:00 a. m.","1","","","",""
"SUB039","00","WINCHE ELECTRICO CON CABALLETE Y GUAYA","85,79","","1","","3/1/2024 12:00:00 a. m.","1","DM Y ESTRUCTURAS C.A. (Andamios)","","",""
"SUB040","00","GRUA DE 75 TON","812,89","","1","","3/1/2024 12:00:00 a. m.","1","","","",""
"SUB041","00","TENSORES ESPECIALES","4,22","","1","","3/1/2024 12:00:00 a. m.","1","","","",""
"SUB042","00","GATO HIDRAULICO CON POSICIONADO HORIZONT","70,47","","1","","3/1/2024 12:00:00 a. m.","1","","","",""
"SUB043","00","GRUA DE 50 TON","442,07","","1","","3/1/2024 12:00:00 a. m.","1","","","",""
"SUB044","00","CAMION FORD CARGO CON GRUA 8.5 TON","97549,39","","0,0037","","3/1/2024 12:00:00 a. m.","1","","","",""
"SUB045","00","PUENTE MOVIL P/PASO MATERIALES, EQP. MAX","193,51","","1","","3/1/2024 12:00:00 a. m.","1","","","",""
"SUB046","00","BALDE PARA ELEVACION","46,04","","0,05","","3/1/2024 12:00:00 a. m.","1","","","",""
"SUB047","00","GATO HIDRAULICO HASTA 80 TONELADAS","1896,82","","0,0075","","3/1/2024 12:00:00 a. m.","1","","","",""
"SUB048","00","GRUA CAPACIDAD HASTA 10 TONELADAS TELESC","176,78","","1","","3/1/2024 12:00:00 a. m.","1","","","",""
"SUB049","00","GRUA MANUAL CON CAPACIDAD DE 2 TON","798,31","","0,005","","3/1/2024 12:00:00 a. m.","1","","","",""
"SUB050","00","GRUA DE CAPACIDAD 5 A 6 TON","14451,79","","0,0027","","3/1/2024 12:00:00 a. m.","1","","","",""
"SUB051","00","GRUA HIDRAULICA 4 TON","4066,66","","0,002","","3/1/2024 12:00:00 a. m.","1","","","",""
"SUB052","00","GRUA P & H TELESCOPICA CAPACIDAD HASTA 5","541,94","","1","","3/1/2024 12:00:00 a. m.","1","GRUAS Y MOTACARGAS CAGUA C.A.","","",""
"SUB053","00","GRUA P & H CNN 114 DE CAP= 14,5 TON","32195,07","","0,0025","","3/1/2024 12:00:00 a. m.","1","","","",""
"SUB054","00","GRUA P & H DE CAP= 65 TONELADAS","223885,08","","0,0028","","3/1/2024 12:00:00 a. m.","1","","","",""
"SUB055","00","WINCHE CABRESTANTE CAP= 1.2 TON, 24 HP (","1917,78","","0,003","","3/1/2024 12:00:00 a. m.","1","MAQUINARIAS GIANPRO C.A. - ALQUILER","","",""
"SUB056","00","WINCHE CON TRIPODE","1252,42","","0,0035","","3/1/2024 12:00:00 a. m.","1","MAQUINARIAS GIANPRO C.A. - ALQUILER","","",""
"SUB057","00","WINCHE CABRESTANTE CAP= 2.0 TON (ELECTRI","1535,54","","0,004","","3/1/2024 12:00:00 a. m.","1","MAQUINARIAS GIANPRO C.A. - ALQUILER","","",""
"SUB058","00","MONTACARGA HIDRAULICO MANUAL 1000 KG","4516,19","","0,0035","","3/1/2024 12:00:00 a. m.","1","","","",""
"SUB059","00","CAMION ALTRIDEL 20 CON JIRAFA DE ELEVACI","271","","1","","3/1/2024 12:00:00 a. m.","1","","","",""
"SUB060","00","ELEVADOR DE CABALLETE CAPACIDAD 1 TON","812,89","","0,003","","3/1/2024 12:00:00 a. m.","1","MAQUINARIAS GIANPRO C.A. - ALQUILER","","",""
"SUB061","00","ELEVADOR DE CABALLETE MOFASICO 110 V. DE","175,24","","0,005","","3/1/2024 12:00:00 a. m.","1","","","",""
"SUB062","00","ELEVADOR DE CABALLETE 220 V. CAP. 500 KG","378,46","","0,005","","3/1/2024 12:00:00 a. m.","1","","","",""
"SUB063","00","EQUIPO ELEVACION P/PUENTE METALICO LIVIA","273,97","","1","","3/1/2024 12:00:00 a. m.","1","","","",""
"SUB064","00","CAMION CON JIRAFA DE ELEVACION","325,17","","1","","3/1/2024 12:00:00 a. m.","1","","","",""
"SUB065","00","MECATE PARA ELEVACION D= 1/2'" (ROLLO)","2,34","","1","","3/1/2024 12:00:00 a. m.","1","","","",""
"SUB066","00","ELEVADOR DE CABALLETE GASOLINA 6 HP DE 2","375,78","","0,005","","3/1/2024 12:00:00 a. m.","1","","","",""
"SUB067","00","GRUA HIDRAULICA 20 TON GROVE RT 420","59658,73","","0,003","","3/1/2024 12:00:00 a. m.","1","","","",""
"SUB068","00","GRUA HIDRAULICA 8.5 TON GROVE RT","17292,06","","0,003","","3/1/2024 12:00:00 a. m.","1","WINTOCA C.A. - GRUAS / REMOLQUES","","",""
"SUB069","00","ESCALERA METALICA DE 24 TRAMOS","271","","0,009","","3/1/2024 12:00:00 a. m.","1","","","",""
"SUB070","00","ESCALERA METALICA DE 10 TRAMOS","58,74","","0,009","","3/1/2024 12:00:00 a. m.","1","","","",""
"SUB071","00","ESCALERA DE ALUMINIO T/TIJERA 7 TRAMOS","45,2","","0,009","","3/1/2024 12:00:00 a. m.","1","FERRETERIA DEL ESTE S.A.","","",""
"SUB072","00","ESCALERA EXTENSIBLE ALUMINIO 16 TRAMOS","93,95","","0,009","","3/1/2024 12:00:00 a. m.","1","FERRETERIA DEL ESTE S.A.","","",""
"SUB073","00","ESCALERA DE ALUMINIO T/TIJERA 12 TRAMOS ","103,75","","0,009","","3/1/2024 12:00:00 a. m.","1","FERRETERIA DEL ESTE S.A.","","",""
"SUB074","00","GRUA HIDRAULICA P&H CN 122D 22 TON","136388,51","","0,002","","3/1/2024 12:00:00 a. m.","1","","","",""
"SUB075","00","MONTACARGA MOTOR DIESEL","94,85","","1","","3/1/2024 12:00:00 a. m.","1","DM Y ESTRUCTURAS C.A. (Andamios)","","",""
"SUB076","00","CABALLETE","74,22","","0,005","","3/1/2024 12:00:00 a. m.","1","","","",""
"SUB077","00","VIGA ACERO DOBLE T IPN 12","45,2","","0,005","","3/1/2024 12:00:00 a. m.","1","","","",""
"SUB078","00","CAMION IVECO MP-740 CON GRUA 16 TON","131724,38","","0,0037","","3/1/2024 12:00:00 a. m.","1","","","",""
"SUB079","00","CAMION IVECO MP-740 CON GRUA 10.5 TON","103781,75","","0,0037","","3/1/2024 12:00:00 a. m.","1","","","",""
"SUB080","00","CAMION FORD CARGO CON GRUA 4 TON","90017,87","","0,0037","","3/1/2024 12:00:00 a. m.","1","","","",""
"SUB081","00","TORRE GRUA H=34 M PLUMA=40 M P/1000 KG","144,56","","1","","3/1/2024 12:00:00 a. m.","1","MAQUINARIAS TESLA C.A. - GRUAS","","",""
"SUB082","00","PLUMA DE ELEVACION TIPO FALCON","118,82","","0,002","","3/1/2024 12:00:00 a. m.","1","MAQUINARIAS TESLA C.A. - GRUAS","","",""
"SUB083","00","MONTACARGA MANUAL DE 500 KG","9,05","","1","","3/1/2024 12:00:00 a. m.","1","","","",""
"SUB084","00","POLEA","1,22","","1","","3/1/2024 12:00:00 a. m.","1","VENEQUIP - CONSORCIO DE COGESTION","","",""
"SUB085","00","ESCALERA DE FIBRA DE VIDRIO CON 24 TRAMO","152,65","","0,009","","3/1/2024 12:00:00 a. m.","1","","","",""
"SUB086","00","ANDAMIO CUP LOCK O SIM 13,96 M3","3,59","","1","","3/1/2024 12:00:00 a. m.","1","","","",""
"TRANSPOR","00","SEGUN TABULADOR","4,01","","1","","3/1/2024 12:00:00 a. m.","1","","","",""
"V000030","00","CAMION GRUA TELESC. 5 TN","2993,57","","1","","3/1/2024 12:00:00 a. m.","1","","","",""
"V00032","00","CAJON METALICA (ENTIBADO)","1,64","","1","","3/1/2024 12:00:00 a. m.","1","","","",""
"V00104","00","CAMION ROSCO 8000 LTS","3,98","","1","","3/1/2024 12:00:00 a. m.","1","","","",""
"V00121","00","EQUIPO MANOMETRICO 0-200 LBS","1,3","","1","","3/1/2024 12:00:00 a. m.","1","","","",""
"VEH001","00","CAMIONETA PICK-UP CHEVROLET O SIMILAR #","99,4","","1","","3/1/2024 12:00:00 a. m.","1","","","",""
"VEH002","00","CAMION 350 FORD TECHADO CON REMOLQUE","180,66","","1","","3/1/2024 12:00:00 a. m.","1","","","",""
"VEH003","00","CAMION 350 CHEVROLET O SIMILAR","22580,93","","0,004","","3/1/2024 12:00:00 a. m.","1","","","",""
"VEH004","00","CAMION TIPO 750 O SIMILAR","196,87","","1","","3/1/2024 12:00:00 a. m.","1","","","",""
"VEH005","00","CAMION CISTERNA 15.000 LTS","271","","1","","3/1/2024 12:00:00 a. m.","1","","","",""
"VEH006","00","CAMION CISTERNA CAP=30 TON","451,63","","1","","3/1/2024 12:00:00 a. m.","1","","","",""
"VEH007","00","CAMION F-7000 CON CISTERNA","234,85","","1","","3/1/2024 12:00:00 a. m.","1","","","",""
"VEH008","00","CAMION DE PLATAFORMA TORONTO O SIMILAR","122407,8","","0,004","","3/1/2024 12:00:00 a. m.","1","","","",""
"VEH009","00","CAMION TALLER","225,84","","1","","3/1/2024 12:00:00 a. m.","1","","","",""
"VEH010","00","CAMION VOLTEO 8 M3 FORD 7000 O SIM","35236,93","","0,004","","3/1/2024 12:00:00 a. m.","1","","","",""
"VEH011","00","CAMION VOLTEO FORD 7000 CAP= 6 M3","212,3","","1","","3/1/2024 12:00:00 a. m.","1","","","",""
"VEH012","00","CAMION CON PLATAFORMA CHEVROLET NPR 5 TO","17645,05","","0,003","","3/1/2024 12:00:00 a. m.","1","","","",""
"VEH013","00","CAMION VOLTEO MACK 12 M3 O SIM","46606,96","","0,004","","3/1/2024 12:00:00 a. m.","1","","","",""
"VEH014","00","CAMION VOLTEO FIAT 15 M3 -24 TON","49045,68","","0,004","","3/1/2024 12:00:00 a. m.","1","","","",""
"VEH015","00","CAMION PLATAFORMA CAP=25 TON / VOLTEO=15","30935,12","","0,0035","","3/1/2024 12:00:00 a. m.","1","","","",""
"VEH016","00","CAMION VOLTEO TIPO FIAT 619 CAP=16 TON","55151,58","","0,004","","3/1/2024 12:00:00 a. m.","1","","","",""
"VEH017","00","CAMION FORD CARGO CON PLATAFORMA","36129,45","","0,003","","3/1/2024 12:00:00 a. m.","1","","","",""
"VEH018","00","CAMION MEZCLADOR CONCRETO TROMPO 9 M3","108474,92","","0,003","","3/1/2024 12:00:00 a. m.","1","","","",""
"VEH019","00","CAMION CESTA KODIAK O SIMILAR","26440,95","","0,003","","3/1/2024 12:00:00 a. m.","1","","","",""
"VEH020","00","CAMIONETA TALLER / ENGRASE LIVIANO","39680,56","","0,004","","3/1/2024 12:00:00 a. m.","1","","","",""
"VEH021","00","CAMION CON GRUA CAPACIDAD ENTRE 4-6 TN","216,78","","1","","3/1/2024 12:00:00 a. m.","1","","","",""
"VEH022","00","CAMION DE ESTACAS CON EQUIPO DE ENGRASE","46965,89","","0,0032","","3/1/2024 12:00:00 a. m.","1","IVROCA IND. VENEZ. REMOLQUES C.A.","","",""
"VEH023","00","CAMIONETA/VEHICULO DE DOBLE TRACCION","19454,34","","0,004","","3/1/2024 12:00:00 a. m.","1","","","",""
"VEH024","00","CAMION VOLTEO TIPO FIAT CAP=28 TON","71914,58","","0,004","","3/1/2024 12:00:00 a. m.","1","","","",""
"VEH025","00","CAMION CON CESTA HIDRUL. Y ESCALERA EXTE","52852,85","","0,003","","3/1/2024 12:00:00 a. m.","1","","","",""
"VEH026","00","CAMION CISTERNA FIAT 15000 LTS","361,32","","1","","3/1/2024 12:00:00 a. m.","1","","","",""
"VEH027","00","CAMION F-350 TECHADO","25501,64","","0,00399","","3/1/2024 12:00:00 a. m.","1","","","",""
"VEH028","00","CAMION PLATAFORMA, VOL=8 M3 C/ BARANDA","26101,53","","0,003","","3/1/2024 12:00:00 a. m.","1","","","",""
"VEH029","00","SEMI-REMOLQUE CON TANQUE DE 3 EJES","9032,37","","0,005","","3/1/2024 12:00:00 a. m.","1","","","",""
"VEH030","00","SEMI-REMOLQUE SILOS DE CEMENTO","27921,19","","0,0022","","3/1/2024 12:00:00 a. m.","1","","","",""
"VEH031","00","CAMIONETA PICK-UP F-150 O SIMILAR","108,38","","1","","3/1/2024 12:00:00 a. m.","1","","","",""
"VEH032","00","CAMION F-7000","26246,48","","0,003","","3/1/2024 12:00:00 a. m.","1","","","",""
"VEH033","00","CAMION IVECO MP-200 C/VOLTEO 10 M3","74426,57","","0,004","","3/1/2024 12:00:00 a. m.","1","","","",""
"VEH034","00","CAMION CON LOW-BOY PARA TRANSPORTE PESAD","693,24","","1","","3/1/2024 12:00:00 a. m.","1","","","",""
"VEH035","00","LOW-BOY CAP 45 TON (14X3 MT)","49677,13","","0,005","","3/1/2024 12:00:00 a. m.","1","","","",""
"VEH036","00","CAMION CON LOW-BOY DE PALETA P/TRANSPORT","861,62","","1","","3/1/2024 12:00:00 a. m.","1","","","",""
"VEH037","00","TANQUE DE AGUA DE CAPACIDAD = 3.000 LT","394,18","","0,0007","","3/1/2024 12:00:00 a. m.","1","","","",""
"VEH038","00","CAMION IVECO MP-450 VOLTEO 18 M3","79033,09","","0,004","","3/1/2024 12:00:00 a. m.","1","","","",""
"VEH039","00","CAMION IVECO MP-740 VOLTEO 12 M3","90785,79","","0,004","","3/1/2024 12:00:00 a. m.","1","","","",""
"VEH040","00","CAMION CHUTO P/REMOLQUE 35 TON-MACK R-68","118842,53","","0,0039","","3/1/2024 12:00:00 a. m.","1","","","",""
"VEH041","00","LOW-BOY TIPO ORINOCO CUELLO DESMONTABLE","55962,87","","0,006","","3/1/2024 12:00:00 a. m.","1","","","",""
"VEH042","00","BATEA ORINOCO 3 EJES. CAP. 45 TON","42128,66","","0,003","","3/1/2024 12:00:00 a. m.","1","","","",""
"VEH043","00","CAMION PERFORADOR HIDRAULICO","76504,92","","0,003","","3/1/2024 12:00:00 a. m.","1","","","",""
"VEH044","00","CAMION VOLTEO FORD 8000 CAP 6 M3/12.750 ","43084,34","","0,004","","3/1/2024 12:00:00 a. m.","1","SERVICIOS CANARIAS CA (AUTOMOVILES)","","",""
"VEH045","00","CAMION CON PLATAFORMA DE ESTACAS F-350 (","24387,36","","0,00537","","3/1/2024 12:00:00 a. m.","1","SERVICIOS CANARIAS CA (AUTOMOVILES)","","",""
"VEH046","00","CAMION CON REMOLQUE TECHADO F-350 O SIM","22580,93","","0,0038","","3/1/2024 12:00:00 a. m.","1","SERVICIOS CANARIAS CA (AUTOMOVILES)","","",""
"VEH047","00","CAMION GRUA / CESTA","537,45","","1","","3/1/2024 12:00:00 a. m.","1","","","",""
"VEH048","00","CAMION IVECO MP-380 VOLTEO 15 M3-24,9 TO","513,08","","1","","3/1/2024 12:00:00 a. m.","1","","","",""
"VEH049","00","CAMION TIPO PERFORADOR CALDWELL","102720,56","","0,004","","3/1/2024 12:00:00 a. m.","1","LBM INGENIERIA DE PILOTAJE C.A.","","",""
"VEH050","00","CAMION IVECO MP-200 C/PLATAFORMA C=20 TO","67291,05","","0,003","","3/1/2024 12:00:00 a. m.","1","","","",""
"VEH051","00","CAMION IVECO MP-740 C/PLATAFORMA C=28 TO","132608,45","","0,003","","3/1/2024 12:00:00 a. m.","1","","","",""
"VEH052","00","CAMION IVECO MP-450 C/PLATAFORMA C= 38 T","70542,68","","0,003","","3/1/2024 12:00:00 a. m.","1","","","",""
"VEH053","00","BATEA MARCA REMYVENCA MD-3BE20 L=13 MTS ","35702,25","","0,003","","3/1/2024 12:00:00 a. m.","1","","","",""
"VEH054","00","CAMION F-350 VOLTEO LIVIANO O SIMILAR","180,66","","1","","3/1/2024 12:00:00 a. m.","1","","","",""
"VEH055","00","CAMION CON CALDERAS P/THERMOPLASTICO","27435,1","","0,0035","","3/1/2024 12:00:00 a. m.","1","","","",""
"VEH056","00","CAMION ADAPTADO P/PINTAR-PINTURA DE TRAF","361,32","","1","","3/1/2024 12:00:00 a. m.","1","","","",""
"VEH057","00","CAMIONETA PICK-UP LUV O SIMILAR","28666,16","","0,004","","3/1/2024 12:00:00 a. m.","1","","","",""
"VEH058","00","CAMIONETA PICK-UP TOYOTA","20843,9","","0,004","","3/1/2024 12:00:00 a. m.","1","","","",""
"VEH059","00","CAMIONETA TIPO VAN CERRADA PARA CARGA","22233,52","","0,004","","3/1/2024 12:00:00 a. m.","1","","","",""
"VEH060","00","PROTECCION ESPECIAL PARA CARGA EN VOLTEO","897,48","","0,003","","3/1/2024 12:00:00 a. m.","1","","","",""
"VEH061","00","CAMION CAVA TIPO 750 O SIMILAR","207,77","","1","","3/1/2024 12:00:00 a. m.","1","","","",""
"VEH062","00","CAMION CAVA TIPO 350 O SIMILAR","162,57","","1","","3/1/2024 12:00:00 a. m.","1","","","",""
"VEH063","00","CAMION VOLTEO MACK 18 M3 O SIM","149085,49","","0,004","","3/1/2024 12:00:00 a. m.","1","","","",""
"VEH064","00","CAMION PARA TRANSPORTE DE CONTAINER","361,32","","1","","3/1/2024 12:00:00 a. m.","1","","","",""
"ZAL$001","00","TALADRO PERCUTOR /PRECIO EN $","0,01","","0,006","","3/1/2024 12:00:00 a. m.","1","PRECIO INVESTIGACION ACADEMICA EN $","","",""
"ZAL$002","00","ESMERIL ANGULAR DEWALT /PRECIO EN $","0,01","","0,006","","3/1/2024 12:00:00 a. m.","1","PRECIO INVESTIGACION ACADEMICA EN $","","",""
"ZAL$003","00","MARTILLO DEMOLEDOR HILTI 3000-AVR /PRECI","0,02","","0,006","","3/1/2024 12:00:00 a. m.","1","PRECIO INVESTIGACION ACADEMICA EN $","","",""
"ZAL$004","00","PALA CON CABO DE MADERA BELLOTA O SIM $","0,01","","0,034","","3/1/2024 12:00:00 a. m.","1","FERRETERIA DEL ESTE S.A.","","",""
"ZAL$005","00","CARRETON P/VACIADO DE CONCRETO RUEDA DE ","0,01","","0,025","","3/1/2024 12:00:00 a. m.","1","","","",""
"ZAL$006","00","VIBRADOR DIESEL 8 HP / $","0,01","","0,014","","3/1/2024 12:00:00 a. m.","1","","","",""
"ZAL$007","00","CUCHARA PLANA PARA ALBAÑILERIA $","0,01","","0,01","","3/1/2024 12:00:00 a. m.","1","","","",""
"ZAL$008","00","MEZCLADORA P/CONCRETO CAP=0,75 M3 30 HP ","0,04","","0,009","","3/1/2024 12:00:00 a. m.","1","","","",""
"ZAL$009","00","VIBRADOR ELECTRICO PARA CONCRETO $","0,01","","1","","3/1/2024 12:00:00 a. m.","1","DM Y ESTRUCTURAS C.A. (Andamios)","","",""
"ZAL$010","00","MINISHOVEL CARGADOR BOBCAT 763 O SIM $","0,01","","1","","3/1/2024 12:00:00 a. m.","1","TALLER MECANICO INDUST. PARIS C.A.","","",""
"ZAL$011","00","TOBO PLASTICO DE ALBAÑIL $","0,01","","0,067","","3/1/2024 12:00:00 a. m.","1","","","",""
"ZAL$012","00","ANDAMIO TUBULAR DE UN CUERPO H= 2 MT $","0,01","","0,009","","3/1/2024 12:00:00 a. m.","1","","","",""
"ZAL$013","00","TABLA PARA PLATAFORMA DE ANDAMIO $","0,01","","1","","3/1/2024 12:00:00 a. m.","1","","","",""
"ZAL$014","00","ESPATULA CON MANGO HOJA CON ANCHO=10'" $","0,01","","1","","3/1/2024 12:00:00 a. m.","1","","","",""
"ZAL$015","00","CARRETON $","0,01","","1","","3/1/2024 12:00:00 a. m.","1","DM Y ESTRUCTURAS C.A. (Andamios)","","",""
"ZAL$016","00","EQUIPOS MENORES DE ALBAÑILERIA $","0,01","","1","","3/1/2024 12:00:00 a. m.","1","","","",""
"ZAL$017","00","EQUIPOS VARIOS DE ALBAÑILERIA $","0,01","","1","","3/1/2024 12:00:00 a. m.","1","","","",""
"ZAL$018","00","CUCHILLA CARTONERA $","0,01","","1","","3/1/2024 12:00:00 a. m.","1","","","",""
"ZAL$019","00","ESCUADRA METALICA ALUMINIO MARCA ESPN (6","0,01","","0,01","","3/1/2024 12:00:00 a. m.","1","FERRETERIA DEL ESTE S.A.","","",""
"ZAL$020","00","ESPATULA CON MANGO HOJA CON ANCHO=10'" $","0,01","","0,04","","3/1/2024 12:00:00 a. m.","1","","","",""
"ZAL$021","00","MEZCLADORA P/CONCRETO CAP=0,40 M3 12,2 H","0,01","","1","","3/1/2024 12:00:00 a. m.","1","","","",""
"ZAL$022","00","CINCEL PLANO 1'" $","0,01","","0,05","","3/1/2024 12:00:00 a. m.","1","","","",""
"ZAL$023","00","CUCHILLA CARTONERA $","0,01","","0,02","","3/1/2024 12:00:00 a. m.","1","","","",""
"ZAL$024","00","QUEMADOR, SOPLETE, MANGUERA, BOMBONA Y R","0,01","","0,09","","3/1/2024 12:00:00 a. m.","1","","","",""
"ZAL$025","00","WINCHE CABRESTANTE CON MOTOR ELECTRICO $","0,01","","1","","3/1/2024 12:00:00 a. m.","1","","","",""
"ZAL$026","00","MANDARRIA MANGO CORTO 3 KG STANLEY O SIM","0,01","","0,025","","3/1/2024 12:00:00 a. m.","1","FERRETERIA DEL ESTE S.A.","","",""
"ZAL$027","00","NIVEL DE 3 BURBUJAS 14'" STANLEY $","0,01","","0,02","","3/1/2024 12:00:00 a. m.","1","","","",""
"ZAL$028","00","CARRETILLA CAP= 55 LT CAUCHOS DE GOMA $","0,01","","0,025","","3/1/2024 12:00:00 a. m.","1","","","",""
"ZAL$029","00","CRISOL  PARA PLOMO $","0,01","","0,03","","3/1/2024 12:00:00 a. m.","1","","","",""
"ZAL$030","00","CINTA METRICA 25 MTS. MARCA ESPN P/TOPOG","0,01","","0,02","","3/1/2024 12:00:00 a. m.","1","FERRETERIA DEL ESTE S.A.","","",""
"ZCA$001","00","EQUIPO PARA ENCOFRADO $","0,01","","1","","3/1/2024 12:00:00 a. m.","1","","","",""
"ZCO$001","00","HERRAMIENTAS P/PREPARACION OBRA CONCRETO","0,01","","1","","3/1/2024 12:00:00 a. m.","1","","","",""
"ZCO$002","00","VIBRADOR A GASOLINA PARA CONCRETO $","0,01","","1","","3/1/2024 12:00:00 a. m.","1","","","",""
"ZCO$003","00","EQUIPO MENOR DE VACIADO DE CONCRETO $","0,01","","1","","3/1/2024 12:00:00 a. m.","1","","","",""
"ZEL$001","00","EQUIPO PARA ELECTRICIDAD $","0,01","","1","","3/1/2024 12:00:00 a. m.","1","","","",""
"ZEL$002","00","HERRAMIENTAS ESPECIALES P/TRAB. ALTO VOL","0,01","","1","","3/1/2024 12:00:00 a. m.","1","","","",""
"ZEL$003","00","EQUIPOS PARA ELECTRICIDAD ALTA TENSION $","0,01","","1","","3/1/2024 12:00:00 a. m.","1","","","",""
"ZEL$004","00","HERRAMIENTAS MENORES $","0,01","","1","","3/1/2024 12:00:00 a. m.","1","","","",""
"ZEL$005","00","ARNES DE SEGURIDAD P/TRABAJO EN ALTURA 1","0,01","","1","","3/1/2024 12:00:00 a. m.","1","DM Y ESTRUCTURAS C.A. (Andamios)","","",""
"ZEL$006","00","EQUIPO TRABAJO ELECTRICIDAD ALTA TENSION","0,01","","0,009","","3/1/2024 12:00:00 a. m.","1","","","",""
"ZEL$007","00","EQUIPO DE ELECTRICIDAD PARA INSTALACIONE","0,01","","1","","3/1/2024 12:00:00 a. m.","1","","","",""
"ZEL$008","00","MULTIMETRO SIMPSOM / MEDIDOR O SIMILAR $","0,01","","1","","3/1/2024 12:00:00 a. m.","1","","","",""
"ZEL$009","00","HERRAMIENTAS P/ELECTRICISTA $","0,01","","1","","3/1/2024 12:00:00 a. m.","1","","","",""
"ZHE$001","00","EQUIPO AUTOGENO SOLDADURA $","0,01","","1","","3/1/2024 12:00:00 a. m.","1","","","",""
"ZMA$001","00","TRACTOR CAT D-9T $","4,31","","0,002933","","3/1/2024 12:00:00 a. m.","1","VENEQUIP - CONSORCIO DE COGESTION","","",""
"ZME$001","00","EQUIPO MENOR DESMONTAR-MONTAR AIRE ACOND","0,01","","1","","3/1/2024 12:00:00 a. m.","1","","","",""
"ZME$002","00","EQUIPO P/MONTAJE AIRE ACONDICIONADO $","0,01","","1","","3/1/2024 12:00:00 a. m.","1","","","",""
"ZSU$001","00","GRUA AUTOPROPULSADA HASTA 12 TON $","0,01","","1","","3/1/2024 12:00:00 a. m.","1","","","",""
"ZVE$001","00","CAMIONETA PICK-UP F-150 O SIMILAR $","0,01","","1","","3/1/2024 12:00:00 a. m.","1","","","",""
"ZVE$002","00","CAMION 350 CHEVROLET O SIMILAR $","0,13","","0,004","","3/1/2024 12:00:00 a. m.","1","","","",""
"ZVE$003","00","CAMION TIPO 750 O SIMILAR C/PLATAFORMA $","0,01","","1","","3/1/2024 12:00:00 a. m.","1","","","",""
"ZVE$004","00","CAMION CON GRUA CAPACIDAD ENTRE 4-6 TN $","0,01","","1","","3/1/2024 12:00:00 a. m.","1","","","",""
"ZVE$005","00","CAMION FORD F- 350 ESTACAS $","0,21","","0,004","","3/1/2024 12:00:00 a. m.","1","VENEQUIP - CONSORCIO DE COGESTION","","",""
