"CodFam","TipIns","AñoInd","MesInd","BCVInd"
"01","1","2001","3","18195,3"
"01","1","2001","4","18255,1"
"01","1","2001","5","18410,9"
"01","1","2001","6","18449,4"
"01","1","2001","7","18497,7"
"01","1","2001","8","19064"
"01","1","2001","9","19394,7"
"01","1","2001","10","19521,9"
"01","1","2001","11","19542,4"
"01","1","2001","12","19542,4"
"01","1","2002","4","222,92"
"01","1","2002","5","228,49"
"02","1","2001","3","23614,4"
"02","1","2001","4","23614,4"
"02","1","2001","5","23614,4"
"02","1","2001","6","24183,5"
"02","1","2001","7","24376,5"
"02","1","2001","8","24376,5"
"02","1","2001","9","24376,5"
"02","1","2001","10","24756,5"
"02","1","2001","11","24756,5"
"02","1","2001","12","24756,5"
"02","1","2002","4","296,47"
"02","1","2002","5","291,26"
"03","1","2001","3","6012"
"03","1","2001","4","6012"
"03","1","2001","5","6012"
"03","1","2001","6","6012"
"03","1","2001","7","6012"
"03","1","2001","8","6012"
"03","1","2001","9","6012"
"03","1","2001","10","6012"
"03","1","2001","11","6012"
"03","1","2001","12","6012"
"03","1","2002","4","167,37"
"03","1","2002","5","167,37"
"04","1","2001","3","6369,5"
"04","1","2001","4","6369,5"
"04","1","2001","5","6369,5"
"04","1","2001","6","6369,5"
"04","1","2001","7","6369,5"
"04","1","2001","8","6369,5"
"04","1","2001","9","6369,5"
"04","1","2001","10","6369,5"
"04","1","2001","11","6369,5"
"04","1","2001","12","6369,5"
"04","1","2002","4","230,31"
"04","1","2002","5","230,31"
"05","1","2001","3","11728,6"
"05","1","2001","4","11728,6"
"05","1","2001","5","11728,6"
"05","1","2001","6","11926"
"05","1","2001","7","11954,1"
"05","1","2001","8","11954,1"
"05","1","2001","9","11954,1"
"05","1","2001","10","11954,1"
"05","1","2001","11","12182"
"05","1","2001","12","12182"
"05","1","2002","4","240,43"
"05","1","2002","5","238,66"
"07","1","2001","3","8735,3"
"07","1","2001","4","8735,3"
"07","1","2001","5","8735,3"
"07","1","2001","6","8735,3"
"07","1","2001","7","8735,3"
"07","1","2001","8","8743,5"
"07","1","2001","9","8743,5"
"07","1","2001","10","8743,5"
"07","1","2001","11","8743,5"
"07","1","2001","12","8743,5"
"07","1","2002","4","261,48"
"07","1","2002","5","265,26"
"09","1","2001","3","5334,7"
"09","1","2001","4","5382,1"
"09","1","2001","5","5439,7"
"09","1","2001","6","5486"
"09","1","2001","7","5978,2"
"09","1","2001","8","5998,8"
"09","1","2001","9","6003"
"09","1","2001","10","6005,2"
"09","1","2001","11","6027,2"
"09","1","2001","12","6109,3"
"09","1","2002","4","182,85"
"09","1","2002","5","188,07"
"10","1","2001","3","13870,9"
"10","1","2001","4","13870,9"
"10","1","2001","5","13877,9"
"10","1","2001","6","13877,9"
"10","1","2001","7","15284"
"10","1","2001","8","15322,7"
"10","1","2001","9","15364"
"10","1","2001","10","15538,1"
"10","1","2001","11","15539,7"
"10","1","2001","12","15539,7"
"10","1","2002","4","234,82"
"10","1","2002","5","234,82"
"11","1","2001","3","11631,2"
"11","1","2001","4","11647"
"11","1","2001","5","11647"
"11","1","2001","6","11647"
"11","1","2001","7","12214,5"
"11","1","2001","8","12214,5"
"11","1","2001","9","12214,5"
"11","1","2001","10","12214,5"
"11","1","2001","11","12214,5"
"11","1","2001","12","12214,5"
"11","1","2002","4","314,12"
"11","1","2002","5","314,12"
"12","1","2001","3","10538"
"12","1","2001","4","10676"
"12","1","2001","5","10683,8"
"12","1","2001","6","10688,5"
"12","1","2001","7","10701,8"
"12","1","2001","8","10709"
"12","1","2001","9","10838,2"
"12","1","2001","10","10867"
"12","1","2001","11","10869"
"12","1","2001","12","10869"
"12","1","2002","4","256,37"
"12","1","2002","5","260,67"
"13","1","2001","3","7623,7"
"13","1","2001","4","7955"
"13","1","2001","5","7964,4"
"13","1","2001","6","7989,1"
"13","1","2001","7","8014,7"
"13","1","2001","8","8014,7"
"13","1","2001","9","8014,7"
"13","1","2001","10","8094,4"
"13","1","2001","11","8175,3"
"13","1","2001","12","8214"
"13","1","2002","4","229,22"
"13","1","2002","5","230,83"
"14","1","2001","3","8309,9"
"14","1","2001","4","8620"
"14","1","2001","5","8653,6"
"14","1","2001","6","8847,5"
"14","1","2001","7","8948,9"
"14","1","2001","8","8949,1"
"14","1","2001","9","8973,3"
"14","1","2001","10","9063,2"
"14","1","2001","11","9106,9"
"14","1","2001","12","9116,6"
"14","1","2002","4","187,06"
"14","1","2002","5","195,36"
"15","1","2001","3","7175,3"
"15","1","2001","4","7181,4"
"15","1","2001","5","7183,5"
"15","1","2001","6","7183,5"
"15","1","2001","7","7183,5"
"15","1","2001","8","7273"
"15","1","2001","9","7273"
"15","1","2001","10","7273"
"15","1","2001","11","7273"
"15","1","2001","12","7273"
"15","1","2002","4","283,89"
"15","1","2002","5","286,94"
"16","1","2001","3","8481,7"
"16","1","2001","4","8516,3"
"16","1","2001","5","8517,7"
"16","1","2001","6","8517,7"
"16","1","2001","7","8517,7"
"16","1","2001","8","9348,2"
"16","1","2001","9","9348,2"
"16","1","2001","10","9532,1"
"16","1","2001","11","9532,1"
"16","1","2001","12","9532,1"
"16","1","2002","4","210,67"
"16","1","2002","5","211,15"
"17","1","2001","3","21938,5"
"17","1","2001","4","22421,1"
"17","1","2001","5","22421,1"
"17","1","2001","6","22421,1"
"17","1","2001","7","22502,3"
"17","1","2001","8","22502,5"
"17","1","2001","9","22999,6"
"17","1","2001","10","25891,8"
"17","1","2001","11","25891,8"
"17","1","2001","12","25891,8"
"17","1","2002","4","223,59"
"17","1","2002","5","232,44"
"18","1","2001","3","19115,7"
"18","1","2001","4","19115,7"
"18","1","2001","5","19115,7"
"18","1","2001","6","19115,7"
"18","1","2001","7","19115,7"
"18","1","2001","8","19115,7"
"18","1","2001","9","19115,7"
"18","1","2001","10","21363"
"18","1","2001","11","21363"
"18","1","2001","12","21363"
"18","1","2002","4","147,52"
"18","1","2002","5","147,52"
"19","1","2001","3","6769,7"
"19","1","2001","4","6769,7"
"19","1","2001","5","6769,7"
"19","1","2001","6","6769,7"
"19","1","2001","7","6769,7"
"19","1","2001","8","6769,7"
"19","1","2001","9","6769,7"
"19","1","2001","10","6769,7"
"19","1","2001","11","6769,7"
"19","1","2001","12","6769,7"
"19","1","2002","4","130,58"
"19","1","2002","5","130,87"
"20","1","2001","3","8904,6"
"20","1","2001","4","9343,1"
"20","1","2001","5","9979,6"
"20","1","2001","6","9979,6"
"20","1","2001","7","9979,6"
"20","1","2001","8","10596"
"20","1","2001","9","10602,5"
"20","1","2001","10","10736"
"20","1","2001","11","10736"
"20","1","2001","12","10736"
"20","1","2002","4","230,16"
"20","1","2002","5","240,93"
"22","1","2001","3","7040"
"22","1","2001","4","7040"
"22","1","2001","5","7040"
"22","1","2001","6","7040"
"22","1","2001","7","7049,9"
"22","1","2001","8","7049,9"
"22","1","2001","9","7049,9"
"22","1","2001","10","7049,9"
"22","1","2001","11","7285,9"
"22","1","2001","12","7285,9"
"22","1","2002","4","169,97"
"22","1","2002","5","177,19"
"23","1","2001","3","4937,4"
"23","1","2001","4","4963,4"
"23","1","2001","5","4990"
"23","1","2001","6","5016,9"
"23","1","2001","7","5086,2"
"23","1","2001","8","5113,7"
"23","1","2001","9","5113,7"
"23","1","2001","10","5138,7"
"23","1","2001","11","5166,6"
"23","1","2001","12","5198,9"
"23","1","2002","4","198,28"
"23","1","2002","5","242,69"
"24","1","2001","3","8949,2"
"24","1","2001","4","8952,2"
"24","1","2001","5","8957"
"24","1","2001","6","8957,5"
"24","1","2001","7","8957,5"
"24","1","2001","8","8957,5"
"24","1","2001","9","8957,5"
"24","1","2001","10","8957,5"
"24","1","2001","11","8957,5"
"24","1","2001","12","8957,5"
"24","1","2002","4","165,66"
"24","1","2002","5","165,67"
"01","2","2001","3","6617,9"
"01","2","2001","4","6619,3"
"01","2","2001","5","6620,6"
"01","2","2001","6","6621,5"
"01","2","2001","7","6622,9"
"01","2","2001","8","6625,5"
"01","2","2001","9","6632,2"
"01","2","2001","10","6634,1"
"01","2","2001","11","6634,2"
"01","2","2001","12","6634,9"
"02","2","2001","3","35383,5"
"02","2","2001","4","35383,5"
"02","2","2001","5","35383,5"
"02","2","2001","6","35383,5"
"02","2","2001","7","36238"
"02","2","2001","8","36914,2"
"02","2","2001","9","37939,3"
"02","2","2001","10","37939,3"
"02","2","2001","11","40684,6"
"02","2","2001","12","40684,6"
"03","2","2001","3","35383,5"
"03","2","2001","4","35383,5"
"03","2","2001","5","35383,5"
"03","2","2001","6","35383,5"
"03","2","2001","7","36238"
"03","2","2001","8","36914,2"
"03","2","2001","9","37939,3"
"03","2","2001","10","37939,3"
"03","2","2001","11","40684,6"
"03","2","2001","12","40684,6"
"01","3","2001","1","26746,15"
"01","3","2001","2","26746,15"
"01","3","2001","3","26746,15"
"01","3","2001","4","26746,15"
"01","3","2001","5","33289,4"
"01","3","2001","6","33289,4"
"01","3","2001","7","33289,4"
"01","3","2001","8","33289,4"
"01","3","2001","9","33289,4"
"01","3","2001","10","33289,4"
"01","3","2001","11","33289,4"
"01","3","2001","12","33289,4"
"01","3","2002","1","33289,4"
"01","3","2002","2","33289,4"
"01","3","2002","3","33289,4"
"01","3","2002","4","33289,4"
"01","1","1995","1","4349,8"
"01","1","1995","2","4479"
"01","1","1995","3","4666,2"
"01","1","1995","4","4667,1"
"01","1","1995","5","4810,9"
"01","1","1995","6","4855,2"
"01","1","1995","7","4883,9"
"01","1","1995","8","4893,1"
"01","1","1995","9","4907,8"
"01","1","1995","10","4908,3"
"01","1","1995","11","4936,8"
"01","1","1995","12","6251"
"01","1","1996","1","7936,3"
"01","1","1996","2","8670,4"
"01","1","1996","3","8737,2"
"01","1","1996","4","10456,7"
"01","1","1996","5","12800"
"01","1","1996","6","12750,1"
"01","1","1996","7","12750,1"
"01","1","1996","8","13239,1"
"01","1","1996","9","13225,9"
"01","1","1996","10","13329,1"
"01","1","1996","11","13466,4"
"01","1","1996","12","13474,5"
"01","1","1997","1","100"
"01","1","1997","2","100"
"01","1","1997","3","100"
"01","1","1997","4","100"
"01","1","1997","5","100"
"01","1","1997","6","100"
"01","1","1997","7","100"
"01","1","1997","8","100"
"01","1","1997","9","100"
"01","1","1997","10","100"
"01","1","1997","11","100"
"01","1","1997","12","100"
"01","1","1998","1","15090,3"
"01","1","1998","2","15199"
"01","1","1998","3","15283,8"
"01","1","1998","4","15728,6"
"01","1","1998","5","16326,3"
"01","1","1998","6","16439"
"01","1","1998","7","16642,8"
"01","1","1998","8","16699,4"
"01","1","1998","9","16976,6"
"01","1","1998","10","17168,4"
"01","1","1998","11","17185,6"
"01","1","1998","12","17232"
"01","1","1999","1","17283,7"
"01","1","1999","2","17301"
"01","1","1999","3","17330,4"
"01","1","1999","4","17330,4"
"01","1","1999","5","17554"
"01","1","1999","6","17548,2"
"01","1","1999","7","17781,6"
"01","1","1999","8","17785,2"
"01","1","1999","9","17815,4"
"01","1","1999","10","17849,2"
"01","1","1999","11","18220,5"
"01","1","1999","12","16420,4"
"01","1","2000","1","16442,1"
"01","1","2000","2","16662,2"
"01","1","2000","3","16662,6"
"01","1","2000","4","17009,6"
"01","1","2000","5","17114,8"
"01","1","2000","6","17163,2"
"01","1","2000","7","17186,9"
"01","1","2000","8","17451,2"
"01","1","2000","9","17522,3"
"01","1","2000","10","17680,1"
"01","1","2000","11","17743,1"
"01","1","2000","12","17925,3"
"01","1","2001","1","18091,7"
"01","1","2001","2","18166,6"
"01","2","1996","1","2844,1"
"01","2","1996","2","3240,1"
"01","2","1996","3","3240,1"
"01","2","1996","4","3715,4"
"01","2","1996","5","4053"
"01","2","1996","6","4077,9"
"01","2","1996","7","4078,3"
"01","2","1996","8","4327,7"
"01","2","1996","9","4338,4"
"01","2","1996","10","4194,6"
"01","2","1996","11","4225,7"
"01","2","1996","12","4256,7"
"01","2","1997","1","100"
"01","2","1997","2","100"
"01","2","1997","3","100"
"01","2","1997","4","100"
"01","2","1997","5","100"
"01","2","1997","6","100"
"01","2","1997","7","100"
"01","2","1997","8","100"
"01","2","1997","9","100"
"01","2","1997","10","100"
"01","2","1997","11","100"
"01","2","1997","12","100"
"01","2","1998","1","4533,9"
"01","2","1998","2","4661,6"
"01","2","1998","3","4703,4"
"01","2","1998","4","4706,5"
"01","2","1998","5","4718"
"01","2","1998","6","4721,5"
"01","2","1998","7","5240,9"
"01","2","1998","8","5443,9"
"01","2","1998","9","5610,1"
"01","2","1998","10","5610,1"
"01","2","1998","11","5726,3"
"01","2","1998","12","5726,3"
"01","2","1999","1","5726,3"
"01","2","1999","2","5739,7"
"01","2","1999","3","5739,9"
"01","2","1999","4","5783,4"
"01","2","1999","5","5891,3"
"01","2","1999","6","5998"
"01","2","1999","7","6113,8"
"01","2","1999","8","6226,8"
"01","2","1999","9","6351,1"
"01","2","1999","10","6463,2"
"01","2","1999","11","6479,8"
"01","2","1999","12","6480,2"
"01","2","2000","1","5606,9"
"01","2","2000","2","5882,8"
"01","2","2000","3","5994,7"
"01","2","2000","4","5995"
"01","2","2000","5","6003,9"
"01","2","2000","6","6144,6"
"01","2","2000","7","6147,9"
"01","2","2000","8","6151"
"01","2","2000","9","6417,3"
"01","2","2000","10","6435,4"
"01","2","2000","11","6436,7"
"01","2","2000","12","6437"
"01","2","2001","1","6441,1"
"01","2","2001","2","6453,7"
"01","3","1996","1","3190,49"
"01","3","1996","2","4440,49"
"01","3","1996","3","4440,49"
"01","3","1996","4","4440,49"
"01","3","1996","5","6360,97"
"01","3","1996","6","6360,97"
"01","3","1996","7","6360,97"
"01","3","1996","8","6360,97"
"01","3","1996","9","6360,97"
"01","3","1996","10","7502,45"
"01","3","1996","11","7350,06"
"01","3","1996","12","7260,58"
"01","3","1997","1","7260,58"
"01","3","1997","2","7260,58"
"01","3","1997","3","7260,58"
"01","3","1997","4","7260,58"
"01","3","1997","5","8279,2"
"01","3","1997","6","8853,77"
"01","3","1997","7","9715,63"
"01","3","1997","8","9715,63"
"01","3","1997","9","10325,65"
"01","3","1997","10","10325,65"
"01","3","1997","11","11140,1"
"01","3","1997","12","11140,1"
"01","3","1998","1","11140,1"
"01","3","1998","2","11140,1"
"01","3","1998","3","11140,1"
"01","3","1998","4","11140,1"
"01","3","1998","5","11140,1"
"01","3","1998","6","18362,8"
"01","3","1998","7","18362,8"
"01","3","1998","8","18362,8"
"01","3","1998","9","18362,8"
"01","3","1998","10","18362,8"
"01","3","1998","11","18362,8"
"01","3","1998","12","19881,12"
"01","3","1999","1","19881,1"
"01","3","1999","2","19881,1"
"01","3","1999","3","19881,1"
"01","3","1999","4","19881,2"
"01","3","1999","5","19881,2"
"01","3","1999","6","21478,48"
"01","3","1999","7","21478,48"
"01","3","1999","8","21478,48"
"01","3","1999","9","21478,48"
"01","3","1999","10","21478,48"
"01","3","1999","11","23420,16"
"01","3","1999","12","23420,16"
"01","3","2000","1","23420,16"
"01","3","2000","2","23420,16"
"01","3","2000","3","23420,16"
"01","3","2000","4","23420,16"
"01","3","2000","5","23420,16"
"01","3","2000","6","23420,16"
"01","3","2000","7","23420,16"
"01","3","2000","8","23420,16"
"01","3","2000","9","23420,16"
"01","3","2000","10","23420,2"
"01","3","2000","11","23420,2"
"01","3","2000","12","23420,2"
"02","1","1995","1","3716,1"
"02","1","1995","2","3716,1"
"02","1","1995","3","3716,1"
"02","1","1995","4","4166,1"
"02","1","1995","5","4293,2"
"02","1","1995","6","4240"
"02","1","1995","7","4176,4"
"02","1","1995","8","4191"
"02","1","1995","9","4193,9"
"02","1","1995","10","4541,6"
"02","1","1995","11","4547,5"
"02","1","1995","12","4547,5"
"02","1","1996","1","7057,3"
"02","1","1996","2","7434,2"
"02","1","1996","3","7434,2"
"02","1","1996","4","7892,1"
"02","1","1996","5","8903,9"
"02","1","1996","6","9025,9"
"02","1","1996","7","9590,9"
"02","1","1996","8","9950,8"
"02","1","1996","9","10046,3"
"02","1","1996","10","10256,3"
"02","1","1996","11","10260,4"
"02","1","1996","12","10677"
"02","1","1997","1","100"
"02","1","1997","2","100"
"02","1","1997","3","100"
"02","1","1997","4","100"
"02","1","1997","5","100"
"02","1","1997","6","100"
"02","1","1997","7","100"
"02","1","1997","8","100"
"02","1","1997","9","100"
"02","1","1997","10","100"
"02","1","1997","11","100"
"02","1","1997","12","100"
"02","1","1998","1","13359,5"
"02","1","1998","2","13574,6"
"02","1","1998","3","14418,9"
"02","1","1998","4","15031,7"
"02","1","1998","5","15321,8"
"02","1","1998","6","15321,8"
"02","1","1998","7","15923,9"
"02","1","1998","8","15923,9"
"02","1","1998","9","16310,9"
"02","1","1998","10","16312,5"
"02","1","1998","11","16526,2"
"02","1","1998","12","16597,3"
"02","1","1999","1","17289,4"
"02","1","1999","2","17294,6"
"02","1","1999","3","17294,6"
"02","1","1999","4","17294,6"
"02","1","1999","5","17455,4"
"02","1","1999","6","17306,2"
"02","1","1999","7","18299,5"
"02","1","1999","8","18299,5"
"02","1","1999","9","20361,9"
"02","1","1999","10","20374,1"
"02","1","1999","11","20551,4"
"02","1","1999","12","17722,8"
"02","1","2000","1","18895"
"02","1","2000","2","18895"
"02","1","2000","3","18895"
"02","1","2000","4","20181"
"02","1","2000","5","20185,6"
"02","1","2000","6","20190"
"02","1","2000","7","21159,4"
"02","1","2000","8","21159,4"
"02","1","2000","9","21676,1"
"02","1","2000","10","22044,1"
"02","1","2000","11","22723,5"
"02","1","2000","12","22723,5"
"02","1","2001","1","22895,1"
"02","1","2001","2","23590,8"
"02","2","1996","1","10380"
"02","2","1996","2","11194,7"
"02","2","1996","3","11194,7"
"02","2","1996","4","11194,7"
"02","2","1996","5","15246,9"
"02","2","1996","6","15246,9"
"02","2","1996","7","15246,9"
"02","2","1996","8","16631,1"
"02","2","1996","9","16832,6"
"02","2","1996","10","16957,6"
"02","2","1996","11","17139,9"
"02","2","1996","12","17405"
"02","2","1997","1","100"
"02","2","1997","2","100"
"02","2","1997","3","100"
"02","2","1997","4","100"
"02","2","1997","5","100"
"02","2","1997","6","100"
"02","2","1997","7","100"
"02","2","1997","8","100"
"02","2","1997","9","100"
"02","2","1997","10","100"
"02","2","1997","11","100"
"02","2","1997","12","100"
"02","2","1998","1","23287"
"02","2","1998","2","24307,1"
"02","2","1998","3","24786,9"
"02","2","1998","4","25040,6"
"02","2","1998","5","25498"
"02","2","1998","6","26271,7"
"02","2","1998","7","26925,9"
"02","2","1998","8","27690,3"
"02","2","1998","9","28582"
"02","2","1998","10","28582,1"
"02","2","1998","11","28777,3"
"02","2","1998","12","28783,9"
"02","2","1999","1","28783,9"
"02","2","1999","2","29096,8"
"02","2","1999","3","29115,1"
"02","2","1999","4","29115,1"
"02","2","1999","5","29115,1"
"02","2","1999","6","30887,1"
"02","2","1999","7","31045,2"
"02","2","1999","8","31045,2"
"02","2","1999","9","31846,8"
"02","2","1999","10","32050,6"
"02","2","1999","11","32050,6"
"02","2","1999","12","32050,6"
"02","2","2000","1","27974"
"02","2","2000","2","29376,9"
"02","2","2000","3","29415,4"
"02","2","2000","4","30237,5"
"02","2","2000","5","30375,4"
"02","2","2000","6","30496,6"
"02","2","2000","7","30496,6"
"02","2","2000","8","30796,1"
"02","2","2000","9","31271"
"02","2","2000","10","31397,3"
"02","2","2000","11","31419,3"
"02","2","2000","12","31989,2"
"02","2","2001","1","32353,2"
"02","2","2001","2","34961,5"
"03","1","1995","1","1036,2"
"03","1","1995","2","1036,2"
"03","1","1995","3","1036,2"
"03","1","1995","4","1036,2"
"03","1","1995","5","1125,2"
"03","1","1995","6","1212,6"
"03","1","1995","7","1212,6"
"03","1","1995","8","1212,6"
"03","1","1995","9","1212,6"
"03","1","1995","10","1212,6"
"03","1","1995","11","1212,6"
"03","1","1995","12","1212,6"
"03","1","1996","1","1818,3"
"03","1","1996","2","1945,4"
"03","1","1996","3","2687,6"
"03","1","1996","4","2687,6"
"03","1","1996","5","3890,6"
"03","1","1996","6","4618,5"
"03","1","1996","7","4618,5"
"03","1","1996","8","4860,7"
"03","1","1996","9","4860,7"
"03","1","1996","10","4860,7"
"03","1","1996","11","4860,7"
"03","1","1996","12","4860,7"
"03","1","1997","1","100"
"03","1","1997","2","100"
"03","1","1997","3","100"
"03","1","1997","4","100"
"03","1","1997","5","100"
"03","1","1997","6","100"
"03","1","1997","7","100"
"03","1","1997","8","100"
"03","1","1997","9","100"
"03","1","1997","10","100"
"03","1","1997","11","100"
"03","1","1997","12","100"
"03","1","1998","1","6257,7"
"03","1","1998","2","6257,7"
"03","1","1998","3","6257,7"
"03","1","1998","4","6257,7"
"03","1","1998","5","6257,7"
"03","1","1998","6","6257,7"
"03","1","1998","7","6442,3"
"03","1","1998","8","6442,3"
"03","1","1998","9","6442,3"
"03","1","1998","10","6750,2"
"03","1","1998","11","6750,2"
"03","1","1998","12","6750,2"
"03","1","1999","1","6750,2"
"03","1","1999","2","7058"
"03","1","1999","3","7058"
"03","1","1999","4","7058"
"03","1","1999","5","7058"
"03","1","1999","6","8987,4"
"03","1","1999","7","6987,4"
"03","1","1999","8","6987,4"
"03","1","1999","9","6987,4"
"03","1","1999","10","6987,4"
"03","1","1999","11","6987,4"
"03","1","1999","12","5845,7"
"03","1","2000","1","5845,7"
"03","1","2000","2","5845,7"
"03","1","2000","3","5852,3"
"03","1","2000","4","5852,3"
"03","1","2000","5","5852,3"
"03","1","2000","6","5852,3"
"03","1","2000","7","5949,1"
"03","1","2000","8","5949,1"
"03","1","2000","9","5949,1"
"03","1","2000","10","5949,1"
"03","1","2000","11","5949,1"
"03","1","2000","12","5949,1"
"03","1","2001","1","5949,1"
"03","1","2001","2","6012"
"03","2","1996","1","10380"
"03","2","1996","2","11194,7"
"03","2","1996","3","11194,7"
"03","2","1996","4","11194,7"
"03","2","1996","5","15246,9"
"03","2","1996","6","15246,9"
"03","2","1996","7","15246,9"
"03","2","1996","8","16631,1"
"03","2","1996","9","16832,6"
"03","2","1996","10","16957,6"
"03","2","1996","11","17139,9"
"03","2","1996","12","17405"
"03","2","1997","1","100"
"03","2","1997","2","100"
"03","2","1997","3","100"
"03","2","1997","4","100"
"03","2","1997","5","100"
"03","2","1997","6","100"
"03","2","1997","7","100"
"03","2","1997","8","100"
"03","2","1997","9","100"
"03","2","1997","10","100"
"03","2","1997","11","100"
"03","2","1997","12","100"
"03","2","1998","1","23287"
"03","2","1998","2","24307,1"
"03","2","1998","3","24786,9"
"03","2","1998","4","25040,6"
"03","2","1998","5","25498"
"03","2","1998","6","26271,7"
"03","2","1998","7","26925,9"
"03","2","1998","8","27690,3"
"03","2","1998","9","28582"
"03","2","1998","10","28582,1"
"03","2","1998","11","28777,3"
"03","2","1998","12","28783,9"
"03","2","1999","1","28783,9"
"03","2","1999","2","29096,8"
"03","2","1999","3","29115,1"
"03","2","1999","4","29115,1"
"03","2","1999","5","29115,1"
"03","2","1999","6","30887,1"
"03","2","1999","7","31045,2"
"03","2","1999","8","31045,2"
"03","2","1999","9","31846,8"
"03","2","1999","10","32050,6"
"03","2","1999","11","32050,6"
"03","2","1999","12","32050,6"
"03","2","2000","1","27974"
"03","2","2000","2","29376,9"
"03","2","2000","3","29415,4"
"03","2","2000","4","30237,5"
"03","2","2000","5","30375,4"
"03","2","2000","6","30496,6"
"03","2","2000","7","30496,6"
"03","2","2000","8","30796,1"
"03","2","2000","9","31271"
"03","2","2000","10","31397,3"
"03","2","2000","11","31419,3"
"03","2","2000","12","31989,2"
"03","2","2001","1","32353,2"
"03","2","2001","2","34961,5"
"04","1","1995","1","2218,7"
"04","1","1995","2","2299,9"
"04","1","1995","3","2391,2"
"04","1","1995","4","2391,2"
"04","1","1995","5","2608,5"
"04","1","1995","6","2761,6"
"04","1","1995","7","2761,6"
"04","1","1995","8","2783,7"
"04","1","1995","9","2783,7"
"04","1","1995","10","2783,7"
"04","1","1995","11","2810,7"
"04","1","1995","12","2904,3"
"04","1","1996","1","3584,8"
"04","1","1996","2","3690,2"
"04","1","1996","3","3906,4"
"04","1","1996","4","3906,4"
"04","1","1996","5","4707,2"
"04","1","1996","6","5241,5"
"04","1","1996","7","5241,5"
"04","1","1996","8","5427,9"
"04","1","1996","9","5427,9"
"04","1","1996","10","5427,9"
"04","1","1996","11","5819,8"
"04","1","1996","12","5819,8"
"04","1","1997","1","100"
"04","1","1997","2","100"
"04","1","1997","3","100"
"04","1","1997","4","100"
"04","1","1997","5","100"
"04","1","1997","6","100"
"04","1","1997","7","100"
"04","1","1997","8","100"
"04","1","1997","9","100"
"04","1","1997","10","100"
"04","1","1997","11","100"
"04","1","1997","12","100"
"04","1","1998","1","6975,8"
"04","1","1998","2","6975,8"
"04","1","1998","3","6975,8"
"04","1","1998","4","6975,8"
"04","1","1998","5","7387,4"
"04","1","1998","6","7387,4"
"04","1","1998","7","7387,4"
"04","1","1998","8","7425,8"
"04","1","1998","9","7425,8"
"04","1","1998","10","7425,8"
"04","1","1998","11","7425,8"
"04","1","1998","12","7425,8"
"04","1","1999","1","7425,8"
"04","1","1999","2","7425,8"
"04","1","1999","3","7425,8"
"04","1","1999","4","7425,8"
"04","1","1999","5","7425,8"
"04","1","1999","6","7351,5"
"04","1","1999","7","7351,5"
"04","1","1999","8","7451,5"
"04","1","1999","9","7485,8"
"04","1","1999","10","7485,8"
"04","1","1999","11","7792"
"04","1","1999","12","6280,4"
"04","1","2000","1","6280,4"
"04","1","2000","2","6280,4"
"04","1","2000","3","6339"
"04","1","2000","4","6339"
"04","1","2000","5","6339"
"04","1","2000","6","6339"
"04","1","2000","7","6340,2"
"04","1","2000","8","6369,5"
"04","1","2000","9","6369,5"
"04","1","2000","10","6369,5"
"04","1","2000","11","6369,5"
"04","1","2000","12","6369,5"
"04","1","2001","1","6369,5"
"04","1","2001","2","6369,5"
"05","1","1995","1","1394,3"
"05","1","1995","2","1456,2"
"05","1","1995","3","1560,5"
"05","1","1995","4","1690,3"
"05","1","1995","5","1705,3"
"05","1","1995","6","1705,3"
"05","1","1995","7","1705,3"
"05","1","1995","8","1857,6"
"05","1","1995","9","1875,4"
"05","1","1995","10","1876,3"
"05","1","1995","11","1986,1"
"05","1","1995","12","1997,6"
"05","1","1996","1","2491,4"
"05","1","1996","2","2925,9"
"05","1","1996","3","2927,9"
"05","1","1996","4","2957,8"
"05","1","1996","5","4144,5"
"05","1","1996","6","4192,2"
"05","1","1996","7","4375,8"
"05","1","1996","8","4652,4"
"05","1","1996","9","4883,2"
"05","1","1996","10","4922,8"
"05","1","1996","11","4988,8"
"05","1","1996","12","5024,7"
"05","1","1997","1","100"
"05","1","1997","2","100"
"05","1","1997","3","100"
"05","1","1997","4","100"
"05","1","1997","5","100"
"05","1","1997","6","100"
"05","1","1997","7","100"
"05","1","1997","8","100"
"05","1","1997","9","100"
"05","1","1997","10","100"
"05","1","1997","11","100"
"05","1","1997","12","100"
"05","1","1998","1","8365,8"
"05","1","1998","2","8426,9"
"05","1","1998","3","8629,1"
"05","1","1998","4","8638,6"
"05","1","1998","5","8642,1"
"05","1","1998","6","8645,6"
"05","1","1998","7","8963,8"
"05","1","1998","8","9206,7"
"05","1","1998","9","9206,7"
"05","1","1998","10","9261"
"05","1","1998","11","9399"
"05","1","1998","12","9399"
"05","1","1999","1","9648,1"
"05","1","1999","2","9978,1"
"05","1","1999","3","10673,6"
"05","1","1999","4","10731,2"
"05","1","1999","5","10979,1"
"05","1","1999","6","10878,5"
"05","1","1999","7","10878,5"
"05","1","1999","8","10878,5"
"05","1","1999","9","10977,5"
"05","1","1999","10","11246,4"
"05","1","1999","11","11340,9"
"05","1","1999","12","9827,2"
"05","1","2000","1","9840,3"
"05","1","2000","2","9965,8"
"05","1","2000","3","10220,8"
"05","1","2000","4","10243,4"
"05","1","2000","5","10243,4"
"05","1","2000","6","10243,4"
"05","1","2000","7","10492,4"
"05","1","2000","8","10492,4"
"05","1","2000","9","11320,4"
"05","1","2000","10","11393"
"05","1","2000","11","11636,9"
"05","1","2000","12","11636,9"
"05","1","2001","1","11636,9"
"05","1","2001","2","11671"
"07","1","1995","1","1518,8"
"07","1","1995","2","1519"
"07","1","1995","3","1520,1"
"07","1","1995","4","1520,1"
"07","1","1995","5","1524,2"
"07","1","1995","6","1665,5"
"07","1","1995","7","1669,8"
"07","1","1995","8","1669,8"
"07","1","1995","9","1760,5"
"07","1","1995","10","1760,5"
"07","1","1995","11","2101,7"
"07","1","1995","12","2115,4"
"07","1","1996","1","2427"
"07","1","1996","2","3182,5"
"07","1","1996","3","3184,1"
"07","1","1996","4","3629,2"
"07","1","1996","5","4180,8"
"07","1","1996","6","4559,2"
"07","1","1996","7","4628"
"07","1","1996","8","4833,3"
"07","1","1996","9","4833,3"
"07","1","1996","10","4833,3"
"07","1","1996","11","4833,3"
"07","1","1996","12","4833,3"
"07","1","1997","1","100"
"07","1","1997","2","100"
"07","1","1997","3","100"
"07","1","1997","4","100"
"07","1","1997","5","100"
"07","1","1997","6","100"
"07","1","1997","7","100"
"07","1","1997","8","100"
"07","1","1997","9","100"
"07","1","1997","10","100"
"07","1","1997","11","100"
"07","1","1997","12","100"
"07","1","1998","1","7295,5"
"07","1","1998","2","7313,7"
"07","1","1998","3","7936,8"
"07","1","1998","4","8124,1"
"07","1","1998","5","8161,5"
"07","1","1998","6","9251,9"
"07","1","1998","7","9251,9"
"07","1","1998","8","9251,9"
"07","1","1998","9","9251,9"
"07","1","1998","10","9251,9"
"07","1","1998","11","9263"
"07","1","1998","12","9263"
"07","1","1999","1","9264,9"
"07","1","1999","2","9264,9"
"07","1","1999","3","10141,4"
"07","1","1999","4","10141,4"
"07","1","1999","5","10141,4"
"07","1","1999","6","10040"
"07","1","1999","7","10040"
"07","1","1999","8","100400"
"07","1","1999","9","10040"
"07","1","1999","10","10047"
"07","1","1999","11","10060"
"07","1","1999","12","8673,5"
"07","1","2000","1","8673,5"
"07","1","2000","2","8673,5"
"07","1","2000","3","8673,5"
"07","1","2000","4","8673,5"
"07","1","2000","5","8680,1"
"07","1","2000","6","8680,1"
"07","1","2000","7","8680,4"
"07","1","2000","8","8681,4"
"07","1","2000","9","8681,4"
"07","1","2000","10","8681,4"
"07","1","2000","11","8682,5"
"07","1","2000","12","8682,5"
"07","1","2001","1","8682,5"
"07","1","2001","2","8682,5"
"09","1","1995","1","1248,2"
"09","1","1995","2","1278,8"
"09","1","1995","3","1317,8"
"09","1","1995","4","1324,9"
"09","1","1995","5","1379,9"
"09","1","1995","6","1385,5"
"09","1","1995","7","1406,2"
"09","1","1995","8","1425,6"
"09","1","1995","9","1434,3"
"09","1","1995","10","1485,4"
"09","1","1995","11","1586,7"
"09","1","1995","12","1604"
"09","1","1996","1","2098,8"
"09","1","1996","2","2214,9"
"09","1","1996","3","2323"
"09","1","1996","4","2388,3"
"09","1","1996","5","3000,7"
"09","1","1996","6","3011,5"
"09","1","1996","7","3012,4"
"09","1","1996","8","3135,1"
"09","1","1996","9","3150,5"
"09","1","1996","10","3243,4"
"09","1","1996","11","3260,6"
"09","1","1996","12","3269,7"
"09","1","1997","1","100"
"09","1","1997","2","100"
"09","1","1997","3","100"
"09","1","1997","4","100"
"09","1","1997","5","100"
"09","1","1997","6","100"
"09","1","1997","7","100"
"09","1","1997","8","100"
"09","1","1997","9","100"
"09","1","1997","10","100"
"09","1","1997","11","100"
"09","1","1997","12","100"
"09","1","1998","1","4123,8"
"09","1","1998","2","4139,9"
"09","1","1998","3","4405,3"
"09","1","1998","4","4432,2"
"09","1","1998","5","4533,3"
"09","1","1998","6","4668,8"
"09","1","1998","7","4830,8"
"09","1","1998","8","4884,9"
"09","1","1998","9","4919,1"
"09","1","1998","10","5001,2"
"09","1","1998","11","5018,2"
"09","1","1998","12","5018,2"
"09","1","1999","1","5031,2"
"09","1","1999","2","5382,9"
"09","1","1999","3","5383,4"
"09","1","1999","4","5398,5"
"09","1","1999","5","5399"
"09","1","1999","6","5399,9"
"09","1","1999","7","5451,2"
"09","1","1999","8","5458,3"
"09","1","1999","9","5466,5"
"09","1","1999","10","5469,8"
"09","1","1999","11","5471,4"
"09","1","1999","12","4694,3"
"09","1","2000","1","5020,2"
"09","1","2000","2","5142,6"
"09","1","2000","3","5149,2"
"09","1","2000","4","5153,5"
"09","1","2000","5","5155,4"
"09","1","2000","6","5169,1"
"09","1","2000","7","5210,3"
"09","1","2000","8","5245,6"
"09","1","2000","9","5253,7"
"09","1","2000","10","5259,9"
"09","1","2000","11","5266,4"
"09","1","2000","12","5273,5"
"09","1","2001","1","5274,4"
"09","1","2001","2","5326,4"
"10","1","1995","1","2483"
"10","1","1995","2","2667"
"10","1","1995","3","2876,4"
"10","1","1995","4","2878,1"
"10","1","1995","5","2921,8"
"10","1","1995","6","2975,6"
"10","1","1995","7","3032,4"
"10","1","1995","8","3032,4"
"10","1","1995","9","3033,6"
"10","1","1995","10","3145,2"
"10","1","1995","11","3145,2"
"10","1","1995","12","3689,7"
"10","1","1996","1","4154,6"
"10","1","1996","2","4641,1"
"10","1","1996","3","5086,2"
"10","1","1996","4","5661,4"
"10","1","1996","5","8203,9"
"10","1","1996","6","8452,5"
"10","1","1996","7","8484,6"
"10","1","1996","8","8786,3"
"10","1","1996","9","8786,3"
"10","1","1996","10","8787,2"
"10","1","1996","11","8803"
"10","1","1996","12","8803"
"10","1","1997","1","100"
"10","1","1997","2","100"
"10","1","1997","3","100"
"10","1","1997","4","100"
"10","1","1997","5","100"
"10","1","1997","6","100"
"10","1","1997","7","100"
"10","1","1997","8","100"
"10","1","1997","9","100"
"10","1","1997","10","100"
"10","1","1997","11","100"
"10","1","1997","12","100"
"10","1","1998","1","10556,2"
"10","1","1998","2","10928,8"
"10","1","1998","3","11388,9"
"10","1","1998","4","11522,2"
"10","1","1998","5","11544,1"
"10","1","1998","6","11545,3"
"10","1","1998","7","13038,1"
"10","1","1998","8","13404,5"
"10","1","1998","9","13423,3"
"10","1","1998","10","13428,7"
"10","1","1998","11","13428,7"
"10","1","1998","12","13687,9"
"10","1","1999","1","13701,6"
"10","1","1999","2","13822,2"
"10","1","1999","3","13830,5"
"10","1","1999","4","13830,5"
"10","1","1999","5","13830,5"
"10","1","1999","6","13692,2"
"10","1","1999","7","13734,6"
"10","1","1999","8","14014,8"
"10","1","1999","9","14014,8"
"10","1","1999","10","14014,8"
"10","1","1999","11","14014,8"
"10","1","1999","12","11961,7"
"10","1","2000","1","11966,8"
"10","1","2000","2","12727,9"
"10","1","2000","3","13190,4"
"10","1","2000","4","13190,4"
"10","1","2000","5","13196,5"
"10","1","2000","6","13273,7"
"10","1","2000","7","13336"
"10","1","2000","8","13444,6"
"10","1","2000","9","13499,3"
"10","1","2000","10","13840,5"
"10","1","2000","11","13840,5"
"10","1","2000","12","13840,5"
"10","1","2001","1","13860,7"
"10","1","2001","2","13862,3"
"11","1","1995","1","1565"
"11","1","1995","2","1565"
"11","1","1995","3","1565"
"11","1","1995","4","1565,8"
"11","1","1995","5","1623,5"
"11","1","1995","6","1623,5"
"11","1","1995","7","1635,4"
"11","1","1995","8","1785,4"
"11","1","1995","9","1804,5"
"11","1","1995","10","1885,9"
"11","1","1995","11","2377"
"11","1","1995","12","2393,4"
"11","1","1996","1","3105,9"
"11","1","1996","2","3162,7"
"11","1","1996","3","3201"
"11","1","1996","4","3201"
"11","1","1996","5","4056"
"11","1","1996","6","4056"
"11","1","1996","7","4056"
"11","1","1996","8","4311,9"
"11","1","1996","9","4748,3"
"11","1","1996","10","4892,6"
"11","1","1996","11","5105,9"
"11","1","1996","12","5235,6"
"11","1","1997","1","100"
"11","1","1997","2","100"
"11","1","1997","3","100"
"11","1","1997","4","100"
"11","1","1997","5","100"
"11","1","1997","6","100"
"11","1","1997","7","100"
"11","1","1997","8","100"
"11","1","1997","9","100"
"11","1","1997","10","100"
"11","1","1997","11","100"
"11","1","1997","12","100"
"11","1","1998","1","7709,8"
"11","1","1998","2","7709,8"
"11","1","1998","3","9889,4"
"11","1","1998","4","9889,4"
"11","1","1998","5","9889,4"
"11","1","1998","6","9889,4"
"11","1","1998","7","9889,4"
"11","1","1998","8","9889,4"
"11","1","1998","9","10441,2"
"11","1","1998","10","10441,2"
"11","1","1998","11","10441,2"
"11","1","1998","12","10441,2"
"11","1","1999","1","10441,2"
"11","1","1999","2","10441,2"
"11","1","1999","3","11718,2"
"11","1","1999","4","11718,2"
"11","1","1999","5","11718,2"
"11","1","1999","6","11601"
"11","1","1999","7","11601"
"11","1","1999","8","11601"
"11","1","1999","9","11601"
"11","1","1999","10","11601"
"11","1","1999","11","12270,4"
"11","1","1999","12","10605,9"
"11","1","2000","1","10605,9"
"11","1","2000","2","10605,9"
"11","1","2000","3","10605,9"
"11","1","2000","4","10605,9"
"11","1","2000","5","10605,9"
"11","1","2000","6","10605,9"
"11","1","2000","7","10605,9"
"11","1","2000","8","10673,8"
"11","1","2000","9","10680,3"
"11","1","2000","10","10680,3"
"11","1","2000","11","10680,3"
"11","1","2000","12","10680,3"
"11","1","2001","1","10680,3"
"11","1","2001","2","11339,1"
"12","1","1995","1","2091,4"
"12","1","1995","2","2150,4"
"12","1","1995","3","2176,4"
"12","1","1995","4","2305,2"
"12","1","1995","5","2339,6"
"12","1","1995","6","2388,5"
"12","1","1995","7","2397,1"
"12","1","1995","8","2426,1"
"12","1","1995","9","2472,7"
"12","1","1995","10","2440,3"
"12","1","1995","11","2623,8"
"12","1","1995","12","2796,4"
"12","1","1996","1","4080,2"
"12","1","1996","2","4087,1"
"12","1","1996","3","4248,5"
"12","1","1996","4","4426,9"
"12","1","1996","5","5790,4"
"12","1","1996","6","5848,9"
"12","1","1996","7","6146"
"12","1","1996","8","6456,2"
"12","1","1996","9","6456,2"
"12","1","1996","10","6456,2"
"12","1","1996","11","6456,2"
"12","1","1996","12","6456,2"
"12","1","1997","1","100"
"12","1","1997","2","100"
"12","1","1997","3","100"
"12","1","1997","4","100"
"12","1","1997","5","100"
"12","1","1997","6","100"
"12","1","1997","7","100"
"12","1","1997","8","100"
"12","1","1997","9","100"
"12","1","1997","10","100"
"12","1","1997","11","100"
"12","1","1997","12","100"
"12","1","1998","1","7505,6"
"12","1","1998","2","7766"
"12","1","1998","3","7799,4"
"12","1","1998","4","7875,1"
"12","1","1998","5","8246,8"
"12","1","1998","6","8321,8"
"12","1","1998","7","8400"
"12","1","1998","8","8430,2"
"12","1","1998","9","8471,5"
"12","1","1998","10","8472,3"
"12","1","1998","11","8472,3"
"12","1","1998","12","8472,3"
"12","1","1999","1","8507"
"12","1","1999","2","8507"
"12","1","1999","3","8507"
"12","1","1999","4","8507"
"12","1","1999","5","8574,2"
"12","1","1999","6","8542"
"12","1","1999","7","8542"
"12","1","1999","8","8888,8"
"12","1","1999","9","8957,2"
"12","1","1999","10","9019"
"12","1","1999","11","9351,8"
"12","1","1999","12","8355,7"
"12","1","2000","1","8664,7"
"12","1","2000","2","8710,9"
"12","1","2000","3","9060,9"
"12","1","2000","4","9190"
"12","1","2000","5","10027,5"
"12","1","2000","6","10084,4"
"12","1","2000","7","10122,6"
"12","1","2000","8","10196,5"
"12","1","2000","9","10228,1"
"12","1","2000","10","10254,7"
"12","1","2000","11","10257,7"
"12","1","2000","12","10370,5"
"12","1","2001","1","10373,9"
"12","1","2001","2","10373,9"
"13","1","1995","1","1671,4"
"13","1","1995","2","2020,4"
"13","1","1995","3","2189,7"
"13","1","1995","4","2254,7"
"13","1","1995","5","2328,7"
"13","1","1995","6","2328,7"
"13","1","1995","7","2332,4"
"13","1","1995","8","2336,4"
"13","1","1995","9","2379,9"
"13","1","1995","10","2399,9"
"13","1","1995","11","2435,4"
"13","1","1995","12","2559,8"
"13","1","1996","1","3316"
"13","1","1996","2","3357,8"
"13","1","1996","3","3420,9"
"13","1","1996","4","3585,4"
"13","1","1996","5","4217,1"
"13","1","1996","6","4222,6"
"13","1","1996","7","4311,3"
"13","1","1996","8","4580,2"
"13","1","1996","9","4826,2"
"13","1","1996","10","4839,2"
"13","1","1996","11","4778,2"
"13","1","1996","12","4790,1"
"13","1","1997","1","100"
"13","1","1997","2","100"
"13","1","1997","3","100"
"13","1","1997","4","100"
"13","1","1997","5","100"
"13","1","1997","6","100"
"13","1","1997","7","100"
"13","1","1997","8","100"
"13","1","1997","9","100"
"13","1","1997","10","100"
"13","1","1997","11","100"
"13","1","1997","12","100"
"13","1","1998","1","6596"
"13","1","1998","2","6706,8"
"13","1","1998","3","6743,7"
"13","1","1998","4","6968,9"
"13","1","1998","5","7111,8"
"13","1","1998","6","7111,8"
"13","1","1998","7","7236,3"
"13","1","1998","8","7262,4"
"13","1","1998","9","7311,1"
"13","1","1998","10","7433,2"
"13","1","1998","11","7471,9"
"13","1","1998","12","7471,9"
"13","1","1999","1","7486,8"
"13","1","1999","2","7609,6"
"13","1","1999","3","7657,5"
"13","1","1999","4","7657,5"
"13","1","1999","5","7657,5"
"13","1","1999","6","7580,9"
"13","1","1999","7","7654,5"
"13","1","1999","8","7661,4"
"13","1","1999","9","7661,4"
"13","1","1999","10","7771,7"
"13","1","1999","11","7771,7"
"13","1","1999","12","6799,8"
"13","1","2000","1","6864,7"
"13","1","2000","2","6869,1"
"13","1","2000","3","6915,2"
"13","1","2000","4","6935,4"
"13","1","2000","5","6949,6"
"13","1","2000","6","6950,3"
"13","1","2000","7","6970,4"
"13","1","2000","8","7033,9"
"13","1","2000","9","7043,9"
"13","1","2000","10","7078,7"
"13","1","2000","11","7097,6"
"13","1","2000","12","7097,6"
"13","1","2001","1","7294,9"
"13","1","2001","2","7294,9"
"14","1","1995","1","2496,4"
"14","1","1995","2","2499,2"
"14","1","1995","3","2507,2"
"14","1","1995","4","2513,9"
"14","1","1995","5","2550,4"
"14","1","1995","6","2556,8"
"14","1","1995","7","2567,2"
"14","1","1995","8","2591,4"
"14","1","1995","9","2591,9"
"14","1","1995","10","2674,3"
"14","1","1995","11","2819"
"14","1","1995","12","2942,2"
"14","1","1996","1","3597,4"
"14","1","1996","2","3824"
"14","1","1996","3","3868"
"14","1","1996","4","3964,3"
"14","1","1996","5","4935,2"
"14","1","1996","6","5012,2"
"14","1","1996","7","5242,8"
"14","1","1996","8","5522,6"
"14","1","1996","9","5528,1"
"14","1","1996","10","5455,1"
"14","1","1996","11","5460"
"14","1","1996","12","5460"
"14","1","1997","1","100"
"14","1","1997","2","100"
"14","1","1997","3","100"
"14","1","1997","4","100"
"14","1","1997","5","100"
"14","1","1997","6","100"
"14","1","1997","7","100"
"14","1","1997","8","100"
"14","1","1997","9","100"
"14","1","1997","10","100"
"14","1","1997","11","100"
"14","1","1997","12","100"
"14","1","1998","1","6144,6"
"14","1","1998","2","6186,4"
"14","1","1998","3","6373,8"
"14","1","1998","4","6375,1"
"14","1","1998","5","6438,2"
"14","1","1998","6","6621,7"
"14","1","1998","7","6672"
"14","1","1998","8","7128,4"
"14","1","1998","9","7169,7"
"14","1","1998","10","7372,6"
"14","1","1998","11","7444,1"
"14","1","1998","12","7444,1"
"14","1","1999","1","7626,5"
"14","1","1999","2","7705,1"
"14","1","1999","3","7879,2"
"14","1","1999","4","7882,4"
"14","1","1999","5","7917,1"
"14","1","1999","6","8068,4"
"14","1","1999","7","8074"
"14","1","1999","8","8078,8"
"14","1","1999","9","8078,8"
"14","1","1999","10","8218,6"
"14","1","1999","11","8218,7"
"14","1","1999","12","6952,1"
"14","1","2000","1","7139,3"
"14","1","2000","2","7357,4"
"14","1","2000","3","7361,1"
"14","1","2000","4","7546"
"14","1","2000","5","7575,4"
"14","1","2000","6","7595,2"
"14","1","2000","7","7786,6"
"14","1","2000","8","7794,1"
"14","1","2000","9","7805,9"
"14","1","2000","10","7845,1"
"14","1","2000","11","7952,4"
"14","1","2000","12","7977,6"
"14","1","2001","1","8007,9"
"14","1","2001","2","8123,4"
"15","1","1995","1","2025,4"
"15","1","1995","2","2034,1"
"15","1","1995","3","2035,7"
"15","1","1995","4","2021,7"
"15","1","1995","5","2083,5"
"15","1","1995","6","2109,1"
"15","1","1995","7","2118,8"
"15","1","1995","8","2170,3"
"15","1","1995","9","2233,2"
"15","1","1995","10","2233,2"
"15","1","1995","11","2258,2"
"15","1","1995","12","2260,5"
"15","1","1996","1","2747,6"
"15","1","1996","2","3268,8"
"15","1","1996","3","3619,9"
"15","1","1996","4","4034,7"
"15","1","1996","5","4967,1"
"15","1","1996","6","5322,2"
"15","1","1996","7","5322,7"
"15","1","1996","8","5513,1"
"15","1","1996","9","5513,1"
"15","1","1996","10","5513,1"
"15","1","1996","11","5506,5"
"15","1","1996","12","5575,3"
"15","1","1997","1","100"
"15","1","1997","2","100"
"15","1","1997","3","100"
"15","1","1997","4","100"
"15","1","1997","5","100"
"15","1","1997","6","100"
"15","1","1997","7","100"
"15","1","1997","8","100"
"15","1","1997","9","100"
"15","1","1997","10","100"
"15","1","1997","11","100"
"15","1","1997","12","100"
"15","1","1998","1","6043,1"
"15","1","1998","2","6043,1"
"15","1","1998","3","6160,3"
"15","1","1998","4","6174,5"
"15","1","1998","5","6271,4"
"15","1","1998","6","6351,7"
"15","1","1998","7","6351,7"
"15","1","1998","8","6457,1"
"15","1","1998","9","6466,1"
"15","1","1998","10","6503"
"15","1","1998","11","6546,6"
"15","1","1998","12","6572,1"
"15","1","1999","1","6572,1"
"15","1","1999","2","6640,4"
"15","1","1999","3","6640,4"
"15","1","1999","4","6769,9"
"15","1","1999","5","6826,1"
"15","1","1999","6","6926,4"
"15","1","1999","7","6949,2"
"15","1","1999","8","6973,5"
"15","1","1999","9","7002,1"
"15","1","1999","10","7020,3"
"15","1","1999","11","7098,2"
"15","1","1999","12","6134,9"
"15","1","2000","1","6395,7"
"15","1","2000","2","6552,7"
"15","1","2000","3","6561,1"
"15","1","2000","4","6774,3"
"15","1","2000","5","6771,3"
"15","1","2000","6","6841,4"
"15","1","2000","7","6850,5"
"15","1","2000","8","6975,4"
"15","1","2000","9","6980,9"
"15","1","2000","10","6982,6"
"15","1","2000","11","7128,3"
"15","1","2000","12","7128,3"
"15","1","2001","1","7128,3"
"15","1","2001","2","7158,4"
"16","1","1995","1","1957"
"16","1","1995","2","2073,8"
"16","1","1995","3","2112,4"
"16","1","1995","4","2190,5"
"16","1","1995","5","2191"
"16","1","1995","6","2210,2"
"16","1","1995","7","2211,8"
"16","1","1995","8","2214,5"
"16","1","1995","9","2270,7"
"16","1","1995","10","2283,6"
"16","1","1995","11","2514,2"
"16","1","1995","12","2518,5"
"16","1","1996","1","2886,5"
"16","1","1996","2","3135,6"
"16","1","1996","3","3219"
"16","1","1996","4","3243,8"
"16","1","1996","5","4337,6"
"16","1","1996","6","4394"
"16","1","1996","7","4394"
"16","1","1996","8","4602,1"
"16","1","1996","9","4606,7"
"16","1","1996","10","4606,7"
"16","1","1996","11","4606,7"
"16","1","1996","12","4606,7"
"16","1","1997","1","100"
"16","1","1997","2","100"
"16","1","1997","3","100"
"16","1","1997","4","100"
"16","1","1997","5","100"
"16","1","1997","6","100"
"16","1","1997","7","100"
"16","1","1997","8","100"
"16","1","1997","9","100"
"16","1","1997","10","100"
"16","1","1997","11","100"
"16","1","1997","12","100"
"16","1","1998","1","5483,7"
"16","1","1998","2","5483,7"
"16","1","1998","3","5483,7"
"16","1","1998","4","5830,3"
"16","1","1998","5","5991,8"
"16","1","1998","6","6049,9"
"16","1","1998","7","6077,7"
"16","1","1998","8","6077,7"
"16","1","1998","9","6077,7"
"16","1","1998","10","6292,3"
"16","1","1998","11","6338,2"
"16","1","1998","12","6338,2"
"16","1","1999","1","6338,2"
"16","1","1999","2","6338,2"
"16","1","1999","3","6381,9"
"16","1","1999","4","6381,9"
"16","1","1999","5","6390,8"
"16","1","1999","6","6347,3"
"16","1","1999","7","6413,4"
"16","1","1999","8","6435,8"
"16","1","1999","9","6683,6"
"16","1","1999","10","6711,7"
"16","1","1999","11","6829,2"
"16","1","1999","12","6291,1"
"16","1","2000","1","6298,3"
"16","1","2000","2","6303,4"
"16","1","2000","3","6325,7"
"16","1","2000","4","6462,8"
"16","1","2000","5","6670,9"
"16","1","2000","6","7783,4"
"16","1","2000","7","7783,4"
"16","1","2000","8","7783,4"
"16","1","2000","9","8470,4"
"16","1","2000","10","8470,4"
"16","1","2000","11","8470,4"
"16","1","2000","12","8470,4"
"16","1","2001","1","8481,7"
"16","1","2001","2","8481,7"
"17","1","1995","1","5364,4"
"17","1","1995","2","5770"
"17","1","1995","3","5819,6"
"17","1","1995","4","5879"
"17","1","1995","5","6055,9"
"17","1","1995","6","6277,6"
"17","1","1995","7","6555,7"
"17","1","1995","8","6681,6"
"17","1","1995","9","6720,4"
"17","1","1995","10","7898,5"
"17","1","1995","11","8909,5"
"17","1","1995","12","9477,9"
"17","1","1996","1","11888,1"
"17","1","1996","2","12257,8"
"17","1","1996","3","12603,5"
"17","1","1996","4","13242,5"
"17","1","1996","5","13367"
"17","1","1996","6","13818,8"
"17","1","1996","7","14161,5"
"17","1","1996","8","14668"
"17","1","1996","9","14668"
"17","1","1996","10","14668"
"17","1","1996","11","14668"
"17","1","1996","12","15225,4"
"17","1","1997","1","100"
"17","1","1997","2","100"
"17","1","1997","3","100"
"17","1","1997","4","100"
"17","1","1997","5","100"
"17","1","1997","6","100"
"17","1","1997","7","100"
"17","1","1997","8","100"
"17","1","1997","9","100"
"17","1","1997","10","100"
"17","1","1997","11","100"
"17","1","1997","12","100"
"17","1","1998","1","16738,4"
"17","1","1998","2","16738,4"
"17","1","1998","3","17004,5"
"17","1","1998","4","17606,5"
"17","1","1998","5","17606,5"
"17","1","1998","6","17606,5"
"17","1","1998","7","17606,5"
"17","1","1998","8","18668,2"
"17","1","1998","9","18918,4"
"17","1","1998","10","18994,1"
"17","1","1998","11","18994,1"
"17","1","1998","12","19394,9"
"17","1","1999","1","19445,3"
"17","1","1999","2","19847,8"
"17","1","1999","3","20558,1"
"17","1","1999","4","20602,5"
"17","1","1999","5","20602,5"
"17","1","1999","6","20396,5"
"17","1","1999","7","20396,5"
"17","1","1999","8","20396,5"
"17","1","1999","9","20441,4"
"17","1","1999","10","21240,7"
"17","1","1999","11","21240,7"
"17","1","1999","12","18269,5"
"17","1","2000","1","18269,5"
"17","1","2000","2","18269,5"
"17","1","2000","3","18712,2"
"17","1","2000","4","18766,3"
"17","1","2000","5","18766,3"
"17","1","2000","6","18766,3"
"17","1","2000","7","20809,7"
"17","1","2000","8","21127,9"
"17","1","2000","9","21265,9"
"17","1","2000","10","21265,9"
"17","1","2000","11","21270,1"
"17","1","2000","12","21270,1"
"17","1","2001","1","21379,5"
"17","1","2001","2","21451,7"
"18","1","1995","1","3266,1"
"18","1","1995","2","3266,1"
"18","1","1995","3","3266,1"
"18","1","1995","4","4248,9"
"18","1","1995","5","4248,9"
"18","1","1995","6","4248,9"
"18","1","1995","7","4248,9"
"18","1","1995","8","4248,9"
"18","1","1995","9","4248,9"
"18","1","1995","10","4248,9"
"18","1","1995","11","4248,9"
"18","1","1995","12","4248,9"
"18","1","1996","1","5948"
"18","1","1996","2","5948"
"18","1","1996","3","5948"
"18","1","1996","4","5948"
"18","1","1996","5","9219,4"
"18","1","1996","6","9219,4"
"18","1","1996","7","10309,1"
"18","1","1996","8","10675,6"
"18","1","1996","9","11160,3"
"18","1","1996","10","13442,6"
"18","1","1996","11","13442,6"
"18","1","1996","12","15038,2"
"18","1","1997","1","100"
"18","1","1997","2","100"
"18","1","1997","3","100"
"18","1","1997","4","100"
"18","1","1997","5","100"
"18","1","1997","6","100"
"18","1","1997","7","100"
"18","1","1997","8","100"
"18","1","1997","9","100"
"18","1","1997","10","100"
"18","1","1997","11","100"
"18","1","1997","12","100"
"18","1","1998","1","16542"
"18","1","1998","2","16542"
"18","1","1998","3","16542"
"18","1","1998","4","16542"
"18","1","1998","5","16542"
"18","1","1998","6","17339,3"
"18","1","1998","7","17339,3"
"18","1","1998","8","17339,3"
"18","1","1998","9","17339,3"
"18","1","1998","10","17339,3"
"18","1","1998","11","17339,3"
"18","1","1998","12","17339,3"
"18","1","1999","1","17339,3"
"18","1","1999","2","17339,3"
"18","1","1999","3","17339,3"
"18","1","1999","4","17339,3"
"18","1","1999","5","17339,3"
"18","1","1999","6","17165,9"
"18","1","1999","7","18613"
"18","1","1999","8","18613"
"18","1","1999","9","18613"
"18","1","1999","10","18929,4"
"18","1","1999","11","18929,4"
"18","1","1999","12","16375,9"
"18","1","2000","1","16375,9"
"18","1","2000","2","16375,9"
"18","1","2000","3","16375,9"
"18","1","2000","4","16375,9"
"18","1","2000","5","16375,9"
"18","1","2000","6","16375,9"
"18","1","2000","7","16375,9"
"18","1","2000","8","17865,2"
"18","1","2000","9","17865,2"
"18","1","2000","10","19115,7"
"18","1","2000","11","19115,7"
"18","1","2000","12","19115,7"
"18","1","2001","1","19115,7"
"18","1","2001","2","19115,7"
"19","1","1995","1","1721"
"19","1","1995","2","1721"
"19","1","1995","3","1721"
"19","1","1995","4","1730,1"
"19","1","1995","5","1730,1"
"19","1","1995","6","1730,1"
"19","1","1995","7","1730,1"
"19","1","1995","8","1730,1"
"19","1","1995","9","1742,6"
"19","1","1995","10","2079,3"
"19","1","1995","11","2205,1"
"19","1","1995","12","2744"
"19","1","1996","1","2744"
"19","1","1996","2","3018,4"
"19","1","1996","3","3049,8"
"19","1","1996","4","3220"
"19","1","1996","5","3635,4"
"19","1","1996","6","4180,7"
"19","1","1996","7","4180,7"
"19","1","1996","8","4597,8"
"19","1","1996","9","4808,8"
"19","1","1996","10","4861,2"
"19","1","1996","11","4861,2"
"19","1","1996","12","4861,2"
"19","1","1997","1","100"
"19","1","1997","2","100"
"19","1","1997","3","100"
"19","1","1997","4","100"
"19","1","1997","5","100"
"19","1","1997","6","100"
"19","1","1997","7","100"
"19","1","1997","8","100"
"19","1","1997","9","100"
"19","1","1997","10","100"
"19","1","1997","11","100"
"19","1","1997","12","100"
"19","1","1998","1","5368,8"
"19","1","1998","2","5368,8"
"19","1","1998","3","5368,8"
"19","1","1998","4","5368,8"
"19","1","1998","5","5368,8"
"19","1","1998","6","5368,8"
"19","1","1998","7","5368,8"
"19","1","1998","8","5492,8"
"19","1","1998","9","5492,8"
"19","1","1998","10","5492,8"
"19","1","1998","11","5492,8"
"19","1","1998","12","5492,8"
"19","1","1999","1","5492,8"
"19","1","1999","2","5492,8"
"19","1","1999","3","5492,8"
"19","1","1999","4","5492,8"
"19","1","1999","5","5492,8"
"19","1","1999","6","5437,9"
"19","1","1999","7","5437,9"
"19","1","1999","8","5437,9"
"19","1","1999","9","5437,9"
"19","1","1999","10","5437,9"
"19","1","1999","11","5437,9"
"19","1","1999","12","4704"
"19","1","2000","1","4704"
"19","1","2000","2","6358,5"
"19","1","2000","3","6359"
"19","1","2000","4","6359"
"19","1","2000","5","6359"
"19","1","2000","6","6358,5"
"19","1","2000","7","6358,5"
"19","1","2000","8","6358,5"
"19","1","2000","9","6358,5"
"19","1","2000","10","6769,7"
"19","1","2000","11","6769,7"
"19","1","2000","12","6769,7"
"19","1","2001","1","6769,7"
"19","1","2001","2","6769,7"
"20","1","1995","1","1342,9"
"20","1","1995","2","1460,3"
"20","1","1995","3","1508,8"
"20","1","1995","4","1707,5"
"20","1","1995","5","1712,2"
"20","1","1995","6","1718,7"
"20","1","1995","7","1752,8"
"20","1","1995","8","1826,1"
"20","1","1995","9","1826,1"
"20","1","1995","10","1865,4"
"20","1","1995","11","2262,4"
"20","1","1995","12","2512,2"
"20","1","1996","1","3181,2"
"20","1","1996","2","3659,7"
"20","1","1996","3","4105,8"
"20","1","1996","4","4442,9"
"20","1","1996","5","5754,4"
"20","1","1996","6","5754,4"
"20","1","1996","7","5754,4"
"20","1","1996","8","6357,1"
"20","1","1996","9","6418,8"
"20","1","1996","10","6418,8"
"20","1","1996","11","6418,8"
"20","1","1996","12","6418,8"
"20","1","1997","1","100"
"20","1","1997","2","100"
"20","1","1997","3","100"
"20","1","1997","4","100"
"20","1","1997","5","100"
"20","1","1997","6","100"
"20","1","1997","7","100"
"20","1","1997","8","100"
"20","1","1997","9","100"
"20","1","1997","10","100"
"20","1","1997","11","100"
"20","1","1997","12","100"
"20","1","1998","1","7075,8"
"20","1","1998","2","7281"
"20","1","1998","3","7281"
"20","1","1998","4","7281"
"20","1","1998","5","7490,7"
"20","1","1998","6","7490,7"
"20","1","1998","7","7490,7"
"20","1","1998","8","7940,9"
"20","1","1998","9","8173,6"
"20","1","1998","10","8188,3"
"20","1","1998","11","8910,5"
"20","1","1998","12","8910,5"
"20","1","1999","1","8910,5"
"20","1","1999","2","9130,6"
"20","1","1999","3","9130,6"
"20","1","1999","4","9553,3"
"20","1","1999","5","9710"
"20","1","1999","6","9612,9"
"20","1","1999","7","9612,9"
"20","1","1999","8","9612,9"
"20","1","1999","9","9612,9"
"20","1","1999","10","9618,7"
"20","1","1999","11","9619,7"
"20","1","1999","12","7665,1"
"20","1","2000","1","7665,1"
"20","1","2000","2","8124,4"
"20","1","2000","3","8626"
"20","1","2000","4","8626"
"20","1","2000","5","8770"
"20","1","2000","6","8770"
"20","1","2000","7","8770"
"20","1","2000","8","8770"
"20","1","2000","9","8770"
"20","1","2000","10","8770"
"20","1","2000","11","8770"
"20","1","2000","12","8779,8"
"20","1","2001","1","8779,8"
"20","1","2001","2","8904,6"
"22","1","1995","1","1412,9"
"22","1","1995","2","1412,9"
"22","1","1995","3","1576,2"
"22","1","1995","4","1576,2"
"22","1","1995","5","1576,2"
"22","1","1995","6","1576,2"
"22","1","1995","7","1576,2"
"22","1","1995","8","1576,5"
"22","1","1995","9","1576,5"
"22","1","1995","10","1591,9"
"22","1","1995","11","1591,9"
"22","1","1995","12","1637"
"22","1","1996","1","1979,8"
"22","1","1996","2","3045,3"
"22","1","1996","3","3077,9"
"22","1","1996","4","3356,8"
"22","1","1996","5","3430"
"22","1","1996","6","3430"
"22","1","1996","7","3460,9"
"22","1","1996","8","3659,9"
"22","1","1996","9","3682,6"
"22","1","1996","10","3826,2"
"22","1","1996","11","3826,2"
"22","1","1996","12","3826,2"
"22","1","1997","1","100"
"22","1","1997","2","100"
"22","1","1997","3","100"
"22","1","1997","4","100"
"22","1","1997","5","100"
"22","1","1997","6","100"
"22","1","1997","7","100"
"22","1","1997","8","100"
"22","1","1997","9","100"
"22","1","1997","10","100"
"22","1","1997","11","100"
"22","1","1997","12","100"
"22","1","1998","1","4552,9"
"22","1","1998","2","5456,2"
"22","1","1998","3","5475,3"
"22","1","1998","4","5475,3"
"22","1","1998","5","5494,5"
"22","1","1998","6","5536,3"
"22","1","1998","7","5571,7"
"22","1","1998","8","5623,5"
"22","1","1998","9","5658,9"
"22","1","1998","10","5892"
"22","1","1998","11","6142,4"
"22","1","1998","12","6142,4"
"22","1","1999","1","6146,1"
"22","1","1999","2","6146,1"
"22","1","1999","3","6146,1"
"22","1","1999","4","6146,1"
"22","1","1999","5","6186,7"
"22","1","1999","6","6145,9"
"22","1","1999","7","6187,7"
"22","1","1999","8","6208,7"
"22","1","1999","9","6250,9"
"22","1","1999","10","6327,8"
"22","1","1999","11","6327,8"
"22","1","1999","12","5489"
"22","1","2000","1","5627,3"
"22","1","2000","2","5652,8"
"22","1","2000","3","5652,8"
"22","1","2000","4","5652,8"
"22","1","2000","5","5930,9"
"22","1","2000","6","5930,9"
"22","1","2000","7","5930,9"
"22","1","2000","8","5930,9"
"22","1","2000","9","6025"
"22","1","2000","10","6078,7"
"22","1","2000","11","6078,7"
"22","1","2000","12","6869,2"
"22","1","2001","1","7040"
"22","1","2001","2","7040"
"23","1","1995","1","1336,5"
"23","1","1995","2","1374,3"
"23","1","1995","3","1405,9"
"23","1","1995","4","1473,8"
"23","1","1995","5","1473,8"
"23","1","1995","6","1520,4"
"23","1","1995","7","1532,4"
"23","1","1995","8","1572,4"
"23","1","1995","9","1603,8"
"23","1","1995","10","1617,4"
"23","1","1995","11","1663"
"23","1","1995","12","1682,8"
"23","1","1996","1","2207,5"
"23","1","1996","2","2232"
"23","1","1996","3","2264,8"
"23","1","1996","4","2287,7"
"23","1","1996","5","2928,7"
"23","1","1996","6","2964,7"
"23","1","1996","7","2991,4"
"23","1","1996","8","3141,4"
"23","1","1996","9","3195,1"
"23","1","1996","10","3227,1"
"23","1","1996","11","3264,5"
"23","1","1996","12","3300,4"
"23","1","1997","1","100"
"23","1","1997","2","100"
"23","1","1997","3","100"
"23","1","1997","4","100"
"23","1","1997","5","100"
"23","1","1997","6","100"
"23","1","1997","7","100"
"23","1","1997","8","100"
"23","1","1997","9","100"
"23","1","1997","10","100"
"23","1","1997","11","100"
"23","1","1997","12","100"
"23","1","1998","1","3771"
"23","1","1998","2","3900,7"
"23","1","1998","3","3901,5"
"23","1","1998","4","3902,3"
"23","1","1998","5","3951,9"
"23","1","1998","6","3967,3"
"23","1","1998","7","3991,9"
"23","1","1998","8","4039"
"23","1","1998","9","4180"
"23","1","1998","10","4186,7"
"23","1","1998","11","4208,9"
"23","1","1998","12","4362,9"
"23","1","1999","1","4375,6"
"23","1","1999","2","4471,9"
"23","1","1999","3","4474,1"
"23","1","1999","4","4602,1"
"23","1","1999","5","4702,4"
"23","1","1999","6","4698,2"
"23","1","1999","7","4719,3"
"23","1","1999","8","4738,2"
"23","1","1999","9","4856,7"
"23","1","1999","10","4886,8"
"23","1","1999","11","4886,8"
"23","1","1999","12","4359,1"
"23","1","2000","1","4368,8"
"23","1","2000","2","4368,8"
"23","1","2000","3","4657,7"
"23","1","2000","4","4669,4"
"23","1","2000","5","4688,7"
"23","1","2000","6","4697,6"
"23","1","2000","7","4721,4"
"23","1","2000","8","4745,4"
"23","1","2000","9","4769,7"
"23","1","2000","10","4794,3"
"23","1","2000","11","4819"
"23","1","2000","12","4844"
"23","1","2001","1","4856"
"23","1","2001","2","4901,3"
"24","1","1995","1","722,3"
"24","1","1995","2","722,3"
"24","1","1995","3","722,3"
"24","1","1995","4","722,3"
"24","1","1995","5","722,3"
"24","1","1995","6","722,3"
"24","1","1995","7","728,1"
"24","1","1995","8","728,1"
"24","1","1995","9","1290,1"
"24","1","1995","10","1290,1"
"24","1","1995","11","1290,1"
"24","1","1995","12","1290,1"
"24","1","1996","1","1317,6"
"24","1","1996","2","1318,9"
"24","1","1996","3","1318,9"
"24","1","1996","4","7068,6"
"24","1","1996","5","7068,6"
"24","1","1996","6","7144,9"
"24","1","1996","7","7144,9"
"24","1","1996","8","7403,4"
"24","1","1996","9","7281,4"
"24","1","1996","10","7289,4"
"24","1","1996","11","7289,4"
"24","1","1996","12","7299,6"
"24","1","1997","1","100"
"24","1","1997","2","100"
"24","1","1997","3","100"
"24","1","1997","4","100"
"24","1","1997","5","100"
"24","1","1997","6","100"
"24","1","1997","7","100"
"24","1","1997","8","100"
"24","1","1997","9","100"
"24","1","1997","10","100"
"24","1","1997","11","100"
"24","1","1997","12","100"
"24","1","1998","1","9266,8"
"24","1","1998","2","9266,8"
"24","1","1998","3","9266,8"
"24","1","1998","4","9266,8"
"24","1","1998","5","9266,8"
"24","1","1998","6","9281,6"
"24","1","1998","7","9281,6"
"24","1","1998","8","9284,4"
"24","1","1998","9","9284,4"
"24","1","1998","10","9284,4"
"24","1","1998","11","9284,4"
"24","1","1998","12","9284,4"
"24","1","1999","1","9284,4"
"24","1","1999","2","9284,4"
"24","1","1999","3","9284,4"
"24","1","1999","4","9284,4"
"24","1","1999","5","9284,4"
"24","1","1999","6","9272,3"
"24","1","1999","7","9272,3"
"24","1","1999","8","9274,2"
"24","1","1999","9","9274,2"
"24","1","1999","10","9274,2"
"24","1","1999","11","9278,8"
"24","1","1999","12","8883,1"
"24","1","2000","1","8883,1"
"24","1","2000","2","8883,1"
"24","1","2000","3","8886"
"24","1","2000","4","8886"
"24","1","2000","5","8886"
"24","1","2000","6","8893,5"
"24","1","2000","7","8905,7"
"24","1","2000","8","8905,7"
"24","1","2000","9","8949,2"
"24","1","2000","10","8949,2"
"24","1","2000","11","8949,2"
"24","1","2000","12","8949,2"
"24","1","2001","1","8949,2"
"24","1","2001","2","8949,2"
"50","1","1997","1","100"
"50","1","1997","2","100"
"50","1","1997","3","100"
"50","1","1997","4","100"
"50","1","1997","5","100"
"50","1","1997","6","100"
"50","1","1997","7","100"
"50","1","1997","8","100"
"50","1","1997","9","100"
"50","1","1997","10","100"
"50","1","1997","11","100"
"50","1","1997","12","100"
"50","1","1998","1","9245,6"
"50","1","1998","2","9347,3"
"50","1","1998","3","9673,5"
"50","1","1998","4","9853,4"
"50","1","1998","5","10056,4"
"50","1","1998","6","10142,9"
"50","1","1998","7","10470,5"
"50","1","1998","8","10593"
"50","1","1998","9","10719,1"
"50","1","1998","10","10810,2"
"50","1","1998","11","10853,4"
"50","1","1998","12","10907,7"
"50","1","1999","1","11013,5"
"50","1","1999","2","11175,4"
"60","1","1997","1","100"
"60","1","1997","2","100"
"60","1","1997","3","100"
"60","1","1997","4","100"
"60","1","1997","5","100"
"60","1","1997","6","100"
"60","1","1997","7","100"
"60","1","1997","8","100"
"60","1","1997","9","100"
"60","1","1997","10","100"
"60","1","1997","11","100"
"60","1","1997","12","100"
"60","1","1998","1","23287"
"60","1","1998","2","24307,1"
"60","1","1998","3","24786,9"
"60","1","1998","4","25040,6"
"60","1","1998","5","25498"
"60","1","1998","6","26271,7"
"60","1","1998","7","26925,9"
"60","1","1998","8","27690,3"
"60","1","1998","9","28582"
"60","1","1998","10","28582,1"
"60","1","1998","11","28777,3"
"60","1","1998","12","28783,9"
"60","1","1999","1","28783,9"
"60","1","1999","2","29096,8"
"01","1","2002","1","183,32"
"01","1","2002","2","198,22"
"01","1","2002","3","213,23"
"01","1","2002","6","262,53"
"02","1","2002","1","223,4"
"02","1","2002","2","271,2"
"02","1","2002","3","277,5"
"02","1","2002","6","294,71"
"03","1","2002","1","160,95"
"03","1","2002","2","160,95"
"03","1","2002","3","167,35"
"03","1","2002","6","175,55"
"04","1","2002","1","173,91"
"04","1","2002","2","173,91"
"04","1","2002","3","219,5"
"04","1","2002","6","231,73"
"05","1","2002","1","206,85"
"05","1","2002","2","208,28"
"05","1","2002","3","237,74"
"05","1","2002","6","243,53"
"07","1","2002","1","235,07"
"07","1","2002","2","242,81"
"07","1","2002","3","257,43"
"07","1","2002","6","272,88"
"09","1","2002","1","155,97"
"09","1","2002","2","176,84"
"09","1","2002","3","182,8"
"09","1","2002","6","187,31"
"10","1","2002","1","198,92"
"10","1","2002","2","198,92"
"10","1","2002","3","220,7"
"10","1","2002","6","243,45"
"11","1","2002","1","277,28"
"11","1","2002","2","277,28"
"11","1","2002","3","276,65"
"11","1","2002","6","314,12"
"12","1","2002","1","228,88"
"12","1","2002","2","235,29"
"12","1","2002","3","257,12"
"12","1","2002","6","275,12"
"13","1","2002","1","183,04"
"13","1","2002","2","214,61"
"13","1","2002","3","216,43"
"13","1","2002","6","236,02"
"14","1","2002","1","151,96"
"14","1","2002","2","174,67"
"14","1","2002","3","189,3"
"14","1","2002","6","223,18"
"15","1","2002","1","231,94"
"15","1","2002","2","241,21"
"15","1","2002","3","282,15"
"15","1","2002","6","299,89"
"16","1","2002","1","180,08"
"16","1","2002","2","180,53"
"16","1","2002","3","210,72"
"16","1","2002","6","212,72"
"17","1","2002","1","179,58"
"17","1","2002","2","206,18"
"17","1","2002","3","215,87"
"17","1","2002","6","246,27"
"18","1","2002","1","132,19"
"18","1","2002","2","132,19"
"18","1","2002","3","147,52"
"18","1","2002","6","147,52"
"19","1","2002","1","126,68"
"19","1","2002","2","126,76"
"19","1","2002","3","130,49"
"19","1","2002","6","151,76"
"20","1","2002","1","187,75"
"20","1","2002","2","201,18"
"20","1","2002","3","236,47"
"20","1","2002","6","287,91"
"22","1","2002","1","161,99"
"22","1","2002","2","166,06"
"22","1","2002","3","169,69"
"22","1","2002","6","193,24"
"23","1","2002","1","179,57"
"23","1","2002","2","179,76"
"23","1","2002","3","180,06"
"23","1","2002","6","281,24"
"24","1","2002","1","158,32"
"24","1","2002","2","161,02"
"24","1","2002","3","165,43"
"24","1","2002","6","177"
"01","2","2002","1","159,89"
"01","2","2002","2","178,76"
"01","2","2002","3","193,38"
"01","2","2002","4","187,71"
"01","2","2002","5","199,88"
"01","2","2002","6","232,2"
"02","2","2002","1","187,74"
"02","2","2002","2","184,87"
"02","2","2002","3","186,83"
"02","2","2002","4","189,48"
"02","2","2002","5","190,48"
"02","2","2002","6","232,94"
"03","2","2002","1","177,8"
"03","2","2002","2","181,68"
"03","2","2002","3","192,37"
"03","2","2002","4","202,51"
"03","2","2002","5","200,81"
"03","2","2002","6","203,21"
"01","3","2002","5","33289,4"
"01","1","2002","7","283,34"
"01","1","2002","8","291,71"
"01","1","2002","9","307,79"
"01","1","2002","10","313,48"
"01","1","2002","11","311,04"
"01","1","2002","12","315,35"
"02","1","2002","7","320,85"
"02","1","2002","8","349,35"
"02","1","2002","9","355,17"
"02","1","2002","10","351,69"
"02","1","2002","11","350,3"
"02","1","2002","12","351,06"
"03","1","2002","7","175,55"
"03","1","2002","8","207,5"
"03","1","2002","9","218,34"
"03","1","2002","10","218,34"
"03","1","2002","11","218,38"
"03","1","2002","12","218,38"
"04","1","2002","7","231,73"
"04","1","2002","8","231,73"
"04","1","2002","9","231,73"
"04","1","2002","10","231,73"
"04","1","2002","11","231,73"
"04","1","2002","12","231,79"
"05","1","2002","7","243,55"
"05","1","2002","8","261,86"
"05","1","2002","9","276,2"
"05","1","2002","10","282,3"
"05","1","2002","11","283,83"
"05","1","2002","12","284,65"
"07","1","2002","7","277,69"
"07","1","2002","8","279,28"
"07","1","2002","9","284,42"
"07","1","2002","10","313,02"
"07","1","2002","11","309,92"
"07","1","2002","12","313,01"
"09","1","2002","7","187,6"
"09","1","2002","8","190,78"
"09","1","2002","9","193,05"
"09","1","2002","10","193,69"
"09","1","2002","11","193,69"
"09","1","2002","12","193,69"
"10","1","2002","7","260,95"
"10","1","2002","8","265,11"
"10","1","2002","9","269,48"
"10","1","2002","10","296,97"
"10","1","2002","11","296,97"
"10","1","2002","12","296,97"
"11","1","2002","7","314,12"
"11","1","2002","8","326,69"
"11","1","2002","9","326,69"
"11","1","2002","10","372,82"
"11","1","2002","11","372,82"
"11","1","2002","12","372,82"
"12","1","2002","7","291,04"
"12","1","2002","8","296,32"
"12","1","2002","9","301,71"
"12","1","2002","10","303,53"
"12","1","2002","11","307,11"
"12","1","2002","12","307,08"
"13","1","2002","7","239,57"
"13","1","2002","8","242,73"
"13","1","2002","9","249,42"
"13","1","2002","10","263,63"
"13","1","2002","11","267,26"
"13","1","2002","12","275,77"
"14","1","2002","7","235,6"
"14","1","2002","8","239,15"
"14","1","2002","9","251,09"
"14","1","2002","10","257,63"
"14","1","2002","11","254,49"
"14","1","2002","12","257,05"
"15","1","2002","7","355,11"
"15","1","2002","8","363,24"
"15","1","2002","9","374,91"
"15","1","2002","10","376,12"
"15","1","2002","11","367,21"
"15","1","2002","12","369,61"
"16","1","2002","7","217,94"
"16","1","2002","8","232,95"
"16","1","2002","9","259,21"
"16","1","2002","10","277,3"
"16","1","2002","11","277,19"
"16","1","2002","12","277,19"
"17","1","2002","7","264,56"
"17","1","2002","8","276,43"
"17","1","2002","9","288,01"
"17","1","2002","10","292,93"
"17","1","2002","11","295,77"
"17","1","2002","12","297,17"
"18","1","2002","7","147,52"
"18","1","2002","8","154,82"
"18","1","2002","9","161,03"
"18","1","2002","10","161,03"
"18","1","2002","11","188,89"
"18","1","2002","12","188,89"
"19","1","2002","7","153,02"
"19","1","2002","8","154,57"
"19","1","2002","9","157,15"
"19","1","2002","10","157,74"
"19","1","2002","11","157,64"
"19","1","2002","12","158,25"
"20","1","2002","7","322,84"
"20","1","2002","8","327,9"
"20","1","2002","9","336,2"
"20","1","2002","10","324,04"
"20","1","2002","11","315,86"
"20","1","2002","12","311,84"
"22","1","2002","7","203,09"
"22","1","2002","8","206,48"
"22","1","2002","9","217,5"
"22","1","2002","10","219"
"22","1","2002","11","252,04"
"22","1","2002","12","252"
"23","1","2002","7","287,63"
"23","1","2002","8","306,7"
"23","1","2002","9","311,79"
"23","1","2002","10","311,8"
"23","1","2002","11","311,73"
"23","1","2002","12","311,73"
"24","1","2002","7","183,55"
"24","1","2002","8","183,9"
"24","1","2002","9","183,85"
"24","1","2002","10","195,51"
"24","1","2002","11","195,51"
"24","1","2002","12","195,51"
"01","2","2002","7","252,44"
"01","2","2002","8","260,75"
"01","2","2002","9","275,93"
"01","2","2002","10","277,57"
"01","2","2002","11","271,94"
"01","2","2002","12","272,04"
"02","2","2002","7","259,19"
"02","2","2002","8","265,07"
"02","2","2002","9","283,37"
"02","2","2002","10","292,17"
"02","2","2002","11","271,4"
"02","2","2002","12","264,64"
"03","2","2002","7","214,18"
"03","2","2002","8","217,69"
"03","2","2002","9","246,52"
"03","2","2002","10","248,6"
"03","2","2002","11","251,73"
"03","2","2002","12","251,84"
"01","3","2002","6","38917,47"
"01","3","2002","7","38917,47"
"01","3","2002","8","38917,47"
"01","3","2002","9","38917,47"
"01","3","2002","10","38917,47"
"01","3","2002","11","38917,47"
"01","3","2002","12","38917,47"
"25","1","1997","12","100"
"01","1","2003","1","362,73"
"02","1","2003","1","368,01"
"03","1","2003","1","218,71"
"04","1","2003","1","259,07"
"05","1","2003","1","284,52"
"07","1","2003","1","343,99"
"09","1","2003","1","193,69"
"10","1","2003","1","296,97"
"11","1","2003","1","372,82"
"12","1","2003","1","317,17"
"13","1","2003","1","325,21"
"14","1","2003","1","275"
"15","1","2003","1","408,35"
"16","1","2003","1","269,88"
"17","1","2003","1","308,69"
"18","1","2003","1","194,33"
"19","1","2003","1","161,9"
"20","1","2003","1","325,87"
"22","1","2003","1","270,51"
"23","1","2003","1","311,73"
"24","1","2003","1","195,51"
"01","2","2003","1","305,61"
"02","2","2003","1","305,61"
"03","2","2003","1","310,56"
"01","3","2003","1","38917,47"
"50","1","2002","1","193,83"
"50","1","2002","2","208,18"
"50","1","2002","3","227,79"
"50","1","2002","4","233,21"
"50","1","2002","5","237,67"
"50","1","2002","6","260,53"
"50","1","2002","7","281,15"
"50","1","2002","8","291,22"
"50","1","2002","9","302,69"
"50","1","2002","10","306,95"
"50","1","2002","11","304,46"
"50","1","2002","12","306,29"
"50","1","2003","1","332,29"
"30","1","1997","12","100"
"31","1","1997","12","100"
"32","1","1997","12","100"
"34","1","1997","12","100"
"04","2","2003","1","275,02"
"06","1","1995","1","2838,3"
"08","1","1995","1","1875,8"
"21","1","1995","1","2689,7"
"25","1","1995","1","0"
"01","2","1995","1","0"
"02","2","1995","1","0"
"03","2","1995","1","0"
"01","3","1995","1","0"
"06","1","1995","2","2906,4"
"08","1","1995","2","1375,8"
"21","1","1995","2","2689,7"
"25","1","1995","2","0"
"01","2","1995","2","0"
"02","2","1995","2","0"
"03","2","1995","2","0"
"01","3","1995","2","0"
"06","1","1995","3","2906,4"
"08","1","1995","3","1875,8"
"21","1","1995","3","2689,7"
"25","1","1995","3","0"
"01","2","1995","3","0"
"02","2","1995","3","0"
"03","2","1995","3","0"
"01","3","1995","3","0"
"06","1","1995","4","3316,5"
"08","1","1995","4","2160,4"
"21","1","1995","4","2689,7"
"25","1","1995","4","0"
"01","2","1995","4","0"
"02","2","1995","4","0"
"03","2","1995","4","0"
"01","3","1995","4","0"
"06","1","1995","5","3316,5"
"08","1","1995","5","2180,4"
"21","1","1995","5","3031,9"
"25","1","1995","5","0"
"01","2","1995","5","0"
"02","2","1995","5","0"
"03","2","1995","5","0"
"01","3","1995","5","0"
"06","1","1995","6","3346,3"
"08","1","1995","6","2180,4"
"21","1","1995","6","3037,6"
"25","1","1995","6","0"
"01","2","1995","6","0"
"02","2","1995","6","0"
"03","2","1995","6","0"
"01","3","1995","6","0"
"06","1","1995","7","3442"
"08","1","1995","7","2529"
"21","1","1995","7","3037,6"
"25","1","1995","7","0"
"01","2","1995","7","0"
"02","2","1995","7","0"
"03","2","1995","7","0"
"01","3","1995","7","0"
"06","1","1995","8","3442"
"08","1","1995","8","2529"
"21","1","1995","8","3037,6"
"25","1","1995","8","0"
"01","2","1995","8","0"
"02","2","1995","8","0"
"03","2","1995","8","0"
"01","3","1995","8","0"
"06","1","1995","9","3464,7"
"08","1","1995","9","2529"
"21","1","1995","9","3037,6"
"25","1","1995","9","0"
"01","2","1995","9","0"
"02","2","1995","9","0"
"03","2","1995","9","0"
"01","3","1995","9","0"
"06","1","1995","10","3464,7"
"08","1","1995","10","2710,8"
"21","1","1995","10","3037,6"
"25","1","1995","10","0"
"01","2","1995","10","0"
"02","2","1995","10","0"
"03","2","1995","10","0"
"01","3","1995","10","0"
"06","1","1995","11","3493,5"
"08","1","1995","11","2710,8"
"21","1","1995","11","3037,6"
"25","1","1995","11","0"
"01","2","1995","11","0"
"02","2","1995","11","0"
"03","2","1995","11","0"
"01","3","1995","11","0"
"06","1","1995","12","3493,5"
"08","1","1995","12","2710,8"
"21","1","1995","12","3620"
"25","1","1995","12","0"
"01","2","1995","12","0"
"02","2","1995","12","0"
"03","2","1995","12","0"
"01","3","1995","12","0"
"06","1","1996","1","5110,6"
"08","1","1996","1","3990,8"
"21","1","1996","1","3540,8"
"25","1","1996","1","0"
"06","1","1996","2","5110,6"
"08","1","1996","2","3990,8"
"21","1","1996","2","4403,3"
"25","1","1996","2","0"
"06","1","1996","3","5472,9"
"08","1","1996","3","3990,8"
"21","1","1996","3","4705,4"
"25","1","1996","3","0"
"06","1","1996","4","5692,9"
"08","1","1996","4","3990,8"
"21","1","1996","4","6117"
"25","1","1996","4","0"
"06","1","1996","5","0"
"08","1","1996","5","0"
"21","1","1996","5","0"
"25","1","1996","5","0"
"06","1","1996","6","0"
"08","1","1996","6","0"
"21","1","1996","6","0"
"25","1","1996","6","0"
"06","1","1996","7","0"
"08","1","1996","7","0"
"21","1","1996","7","0"
"25","1","1996","7","0"
"06","1","1996","8","0"
"08","1","1996","8","0"
"21","1","1996","8","0"
"25","1","1996","8","0"
"06","1","1996","9","0"
"08","1","1996","9","0"
"21","1","1996","9","0"
"25","1","1996","9","0"
"06","1","1996","10","0"
"08","1","1996","10","0"
"21","1","1996","10","0"
"25","1","1996","10","0"
"06","1","1996","11","0"
"08","1","1996","11","0"
"21","1","1996","11","0"
"25","1","1996","11","0"
"06","1","1996","12","0"
"08","1","1996","12","0"
"21","1","1996","12","0"
"25","1","1996","12","0"
"06","1","1997","1","0"
"08","1","1997","1","0"
"21","1","1997","1","0"
"25","1","1997","1","0"
"06","1","1997","2","0"
"08","1","1997","2","0"
"21","1","1997","2","0"
"25","1","1997","2","0"
"06","1","1997","3","0"
"08","1","1997","3","0"
"21","1","1997","3","0"
"25","1","1997","3","0"
"06","1","1997","4","0"
"08","1","1997","4","0"
"21","1","1997","4","0"
"25","1","1997","4","0"
"06","1","1997","5","0"
"08","1","1997","5","0"
"21","1","1997","5","0"
"25","1","1997","5","0"
"06","1","1997","6","0"
"08","1","1997","6","0"
"21","1","1997","6","0"
"25","1","1997","6","0"
"06","1","1997","7","0"
"08","1","1997","7","0"
"21","1","1997","7","0"
"25","1","1997","7","0"
"06","1","1997","8","0"
"08","1","1997","8","0"
"21","1","1997","8","0"
"25","1","1997","8","0"
"06","1","1997","9","0"
"08","1","1997","9","0"
"21","1","1997","9","0"
"25","1","1997","9","0"
"06","1","1997","10","0"
"08","1","1997","10","0"
"21","1","1997","10","0"
"25","1","1997","10","0"
"06","1","1997","11","0"
"08","1","1997","11","0"
"21","1","1997","11","0"
"25","1","1997","11","0"
"06","1","1997","12","0"
"08","1","1997","12","0"
"21","1","1997","12","0"
"06","1","1998","1","0"
"08","1","1998","1","0"
"21","1","1998","1","0"
"25","1","1998","1","0"
"06","1","1998","2","0"
"08","1","1998","2","0"
"21","1","1998","2","0"
"25","1","1998","2","0"
"06","1","1998","3","0"
"08","1","1998","3","0"
"21","1","1998","3","0"
"25","1","1998","3","0"
"06","1","1998","4","0"
"08","1","1998","4","0"
"21","1","1998","4","0"
"25","1","1998","4","0"
"06","1","1998","5","0"
"08","1","1998","5","0"
"21","1","1998","5","0"
"25","1","1998","5","0"
"06","1","1998","6","0"
"08","1","1998","6","0"
"21","1","1998","6","0"
"25","1","1998","6","0"
"06","1","1998","7","0"
"08","1","1998","7","0"
"21","1","1998","7","0"
"25","1","1998","7","0"
"06","1","1998","8","0"
"08","1","1998","8","0"
"21","1","1998","8","0"
"25","1","1998","8","0"
"06","1","1998","9","0"
"08","1","1998","9","0"
"21","1","1998","9","0"
"25","1","1998","9","0"
"06","1","1998","10","0"
"08","1","1998","10","0"
"21","1","1998","10","0"
"25","1","1998","10","0"
"06","1","1998","11","0"
"08","1","1998","11","0"
"21","1","1998","11","0"
"25","1","1998","11","0"
"06","1","1998","12","0"
"08","1","1998","12","0"
"21","1","1998","12","0"
"25","1","1998","12","0"
"06","1","1999","1","0"
"08","1","1999","1","0"
"21","1","1999","1","0"
"25","1","1999","1","0"
"06","1","1999","2","0"
"08","1","1999","2","0"
"21","1","1999","2","0"
"25","1","1999","2","0"
"06","1","1999","3","0"
"08","1","1999","3","0"
"21","1","1999","3","0"
"25","1","1999","3","0"
"06","1","1999","4","0"
"08","1","1999","4","0"
"21","1","1999","4","0"
"25","1","1999","4","0"
"06","1","1999","5","0"
"08","1","1999","5","0"
"21","1","1999","5","0"
"25","1","1999","5","0"
"06","1","1999","6","0"
"08","1","1999","6","0"
"21","1","1999","6","0"
"25","1","1999","6","0"
"06","1","1999","7","0"
"08","1","1999","7","0"
"21","1","1999","7","0"
"25","1","1999","7","0"
"06","1","1999","8","0"
"08","1","1999","8","0"
"21","1","1999","8","0"
"25","1","1999","8","0"
"06","1","1999","9","0"
"08","1","1999","9","0"
"21","1","1999","9","0"
"25","1","1999","9","0"
"06","1","1999","10","0"
"08","1","1999","10","0"
"21","1","1999","10","0"
"25","1","1999","10","0"
"06","1","1999","11","0"
"08","1","1999","11","0"
"21","1","1999","11","0"
"25","1","1999","11","0"
"06","1","1999","12","0"
"08","1","1999","12","0"
"21","1","1999","12","0"
"25","1","1999","12","0"
"06","1","2000","1","0"
"08","1","2000","1","0"
"21","1","2000","1","0"
"25","1","2000","1","0"
"06","1","2000","2","0"
"08","1","2000","2","0"
"21","1","2000","2","0"
"25","1","2000","2","0"
"06","1","2000","3","0"
"08","1","2000","3","0"
"21","1","2000","3","0"
"25","1","2000","3","0"
"06","1","2000","4","0"
"08","1","2000","4","0"
"21","1","2000","4","0"
"25","1","2000","4","0"
"06","1","2000","5","0"
"08","1","2000","5","0"
"21","1","2000","5","0"
"25","1","2000","5","0"
"06","1","2000","6","0"
"08","1","2000","6","0"
"21","1","2000","6","0"
"25","1","2000","6","0"
"06","1","2000","7","0"
"08","1","2000","7","0"
"21","1","2000","7","0"
"25","1","2000","7","0"
"06","1","2000","8","0"
"08","1","2000","8","0"
"21","1","2000","8","0"
"25","1","2000","8","0"
"06","1","2000","9","0"
"08","1","2000","9","0"
"21","1","2000","9","0"
"25","1","2000","9","0"
"06","1","2000","10","0"
"08","1","2000","10","0"
"21","1","2000","10","0"
"25","1","2000","10","0"
"06","1","2000","11","0"
"08","1","2000","11","0"
"21","1","2000","11","0"
"25","1","2000","11","0"
"06","1","2000","12","0"
"08","1","2000","12","0"
"21","1","2000","12","0"
"25","1","2000","12","0"
"00","1","2001","1","0"
"00","1","2001","2","0"
"00","1","2001","3","0"
"00","1","2001","4","0"
"00","1","2001","5","0"
"00","1","2001","6","0"
"00","1","2001","7","0"
"00","1","2001","8","0"
"00","1","2001","9","0"
"00","1","2001","10","0"
"00","1","2001","11","0"
"00","1","2001","12","0"
"00","1","2002","1","0"
"00","1","2002","2","0"
"00","1","2002","3","0"
"00","1","2002","4","0"
"00","1","2002","5","0"
"00","1","2002","6","0"
"00","1","2002","7","0"
"00","1","2002","8","0"
"00","1","2002","9","0"
"00","1","2002","10","0"
"00","1","2002","11","0"
"00","1","2002","12","0"
"00","1","2003","1","0"
"00","1","2003","2","0"
"00","1","2003","3","0"
"00","1","2003","4","0"
"00","1","2003","5","0"
"00","1","2003","6","0"
"00","1","2003","7","0"
"00","1","2003","8","0"
"00","1","2003","9","0"
"00","1","2003","10","0"
"00","1","2003","11","0"
"00","1","2003","12","0"
"00","1","2004","1","0"
"00","1","2004","2","0"
"00","1","2004","3","0"
"00","1","2004","4","0"
"00","1","2004","5","0"
"00","1","2004","6","0"
"00","1","2004","7","0"
"00","1","2004","8","0"
"00","1","2004","9","0"
"00","1","2004","10","0"
"00","1","2004","11","0"
"00","1","2004","12","0"
"00","1","2005","1","0"
"00","1","2005","2","0"
"00","1","2005","3","0"
"00","1","2005","4","0"
"00","1","2005","5","0"
"00","1","2005","6","0"
"00","1","2005","7","0"
"00","1","2005","8","0"
"00","1","2005","9","0"
"00","1","2005","10","0"
"00","1","2005","11","0"
"00","1","2005","12","0"
"00","1","2006","1","0"
"00","1","2006","2","0"
"00","1","2006","3","0"
"00","1","2006","4","0"
"00","1","2006","5","0"
"00","1","2006","6","0"
"00","1","2006","7","0"
"00","1","2006","8","0"
"00","1","2006","9","0"
"00","1","2006","10","0"
"00","1","2006","11","0"
"00","1","2006","12","0"
"00","1","2007","1","0"
"00","1","2007","2","0"
"00","1","2007","3","0"
"00","1","2007","4","0"
"00","1","2007","5","0"
"00","1","2007","6","0"
"00","1","2007","7","0"
"00","1","2007","8","0"
"00","1","2007","9","0"
"00","1","2007","10","0"
"00","1","2007","11","0"
"00","1","2007","12","0"
"00","2","2001","1","0"
"00","2","2001","2","0"
"00","2","2001","3","0"
"00","2","2001","4","0"
"00","2","2001","5","0"
"00","2","2001","6","0"
"00","2","2001","7","0"
"00","2","2001","8","0"
"00","2","2001","9","0"
"00","2","2001","10","0"
"00","2","2001","11","0"
"00","2","2001","12","0"
"00","2","2002","1","0"
"00","2","2002","2","0"
"00","2","2002","3","0"
"00","2","2002","4","0"
"00","2","2002","5","0"
"00","2","2002","6","0"
"00","2","2002","7","0"
"00","2","2002","8","0"
"00","2","2002","9","0"
"00","2","2002","10","0"
"00","2","2002","11","0"
"00","2","2002","12","0"
"00","2","2003","1","0"
"00","2","2003","2","0"
"00","2","2003","3","0"
"00","2","2003","4","0"
"00","2","2003","5","0"
"00","2","2003","6","0"
"00","2","2003","7","0"
"00","2","2003","8","0"
"00","2","2003","9","0"
"00","2","2003","10","0"
"00","2","2003","11","0"
"00","2","2003","12","0"
"00","2","2004","1","0"
"00","2","2004","2","0"
"00","2","2004","3","0"
"00","2","2004","4","0"
"00","2","2004","5","0"
"00","2","2004","6","0"
"00","2","2004","7","0"
"00","2","2004","8","0"
"00","2","2004","9","0"
"00","2","2004","10","0"
"00","2","2004","11","0"
"00","2","2004","12","0"
"00","2","2005","1","0"
"00","2","2005","2","0"
"00","2","2005","3","0"
"00","2","2005","4","0"
"00","2","2005","5","0"
"00","2","2005","6","0"
"00","2","2005","7","0"
"00","2","2005","8","0"
"00","2","2005","9","0"
"00","2","2005","10","0"
"00","2","2005","11","0"
"00","2","2005","12","0"
"00","2","2006","1","0"
"00","2","2006","2","0"
"00","2","2006","3","0"
"00","2","2006","4","0"
"00","2","2006","5","0"
"00","2","2006","6","0"
"00","2","2006","7","0"
"00","2","2006","8","0"
"00","2","2006","9","0"
"00","2","2006","10","0"
"00","2","2006","11","0"
"00","2","2006","12","0"
"00","2","2007","1","0"
"00","2","2007","2","0"
"00","2","2007","3","0"
"00","2","2007","4","0"
"00","2","2007","5","0"
"00","2","2007","6","0"
"00","2","2007","7","0"
"00","2","2007","8","0"
"00","2","2007","9","0"
"00","2","2007","10","0"
"00","2","2007","11","0"
"00","2","2007","12","0"
"00","3","2001","1","0"
"00","3","2001","2","0"
"00","3","2001","3","0"
"00","3","2001","4","0"
"00","3","2001","5","0"
"00","3","2001","6","0"
"00","3","2001","7","0"
"00","3","2001","8","0"
"00","3","2001","9","0"
"00","3","2001","10","0"
"00","3","2001","11","0"
"00","3","2001","12","0"
"00","3","2002","1","0"
"00","3","2002","2","0"
"00","3","2002","3","0"
"00","3","2002","4","0"
"00","3","2002","5","0"
"00","3","2002","6","0"
"00","3","2002","7","0"
"00","3","2002","8","0"
"00","3","2002","9","0"
"00","3","2002","10","0"
"00","3","2002","11","0"
"00","3","2002","12","0"
"00","3","2003","1","0"
"00","3","2003","2","0"
"00","3","2003","3","0"
"00","3","2003","4","0"
"00","3","2003","5","0"
"00","3","2003","6","0"
"00","3","2003","7","0"
"00","3","2003","8","0"
"00","3","2003","9","0"
"00","3","2003","10","0"
"00","3","2003","11","0"
"00","3","2003","12","0"
"00","3","2004","1","0"
"00","3","2004","2","0"
"00","3","2004","3","0"
"00","3","2004","4","0"
"00","3","2004","5","0"
"00","3","2004","6","0"
"00","3","2004","7","0"
"00","3","2004","8","0"
"00","3","2004","9","0"
"00","3","2004","10","0"
"00","3","2004","11","0"
"00","3","2004","12","0"
"00","3","2005","1","0"
"00","3","2005","2","0"
"00","3","2005","3","0"
"00","3","2005","4","0"
"00","3","2005","5","0"
"00","3","2005","6","0"
"00","3","2005","7","0"
"00","3","2005","8","0"
"00","3","2005","9","0"
"00","3","2005","10","0"
"00","3","2005","11","0"
"00","3","2005","12","0"
"00","3","2006","1","0"
"00","3","2006","2","0"
"00","3","2006","3","0"
"00","3","2006","4","0"
"00","3","2006","5","0"
"00","3","2006","6","0"
"00","3","2006","7","0"
"00","3","2006","8","0"
"00","3","2006","9","0"
"00","3","2006","10","0"
"00","3","2006","11","0"
"00","3","2006","12","0"
"00","3","2007","1","0"
"00","3","2007","2","0"
"00","3","2007","3","0"
"00","3","2007","4","0"
"00","3","2007","5","0"
"00","3","2007","6","0"
"00","3","2007","7","0"
"00","3","2007","8","0"
"00","3","2007","9","0"
"00","3","2007","10","0"
"00","3","2007","11","0"
"00","3","2007","12","0"
"01","1","2003","2","0"
"01","1","2003","3","0"
"01","1","2003","4","0"
"01","1","2003","5","0"
"01","1","2003","6","0"
"01","1","2003","7","0"
"01","1","2003","8","0"
"01","1","2003","9","0"
"01","1","2003","10","0"
"01","1","2003","11","0"
"01","1","2003","12","0"
"01","1","2004","1","0"
"01","1","2004","2","0"
"01","1","2004","3","0"
"01","1","2004","4","0"
"01","1","2004","5","0"
"01","1","2004","6","0"
"01","1","2004","7","0"
"01","1","2004","8","0"
"01","1","2004","9","0"
"01","1","2004","10","0"
"01","1","2004","11","0"
"01","1","2004","12","0"
"01","1","2005","1","0"
"01","1","2005","2","0"
"01","1","2005","3","0"
"01","1","2005","4","0"
"01","1","2005","5","0"
"01","1","2005","6","0"
"01","1","2005","7","0"
"01","1","2005","8","0"
"01","1","2005","9","0"
"01","1","2005","10","0"
"01","1","2005","11","0"
"01","1","2005","12","0"
"01","1","2006","1","0"
"01","1","2006","2","0"
"01","1","2006","3","0"
"01","1","2006","4","0"
"01","1","2006","5","0"
"01","1","2006","6","0"
"01","1","2006","7","0"
"01","1","2006","8","0"
"01","1","2006","9","0"
"01","1","2006","10","0"
"01","1","2006","11","0"
"01","1","2006","12","0"
"01","1","2007","1","0"
"01","1","2007","2","0"
"01","1","2007","3","0"
"01","1","2007","4","0"
"01","1","2007","5","0"
"01","1","2007","6","0"
"01","1","2007","7","0"
"01","1","2007","8","0"
"01","1","2007","9","0"
"01","1","2007","10","0"
"01","1","2007","11","0"
"01","1","2007","12","0"
"02","1","2003","2","0"
"02","1","2003","3","0"
"02","1","2003","4","0"
"02","1","2003","5","0"
"02","1","2003","6","0"
"02","1","2003","7","0"
"02","1","2003","8","0"
"02","1","2003","9","0"
"02","1","2003","10","0"
"02","1","2003","11","0"
"02","1","2003","12","0"
"02","1","2004","1","0"
"02","1","2004","2","0"
"02","1","2004","3","0"
"02","1","2004","4","0"
"02","1","2004","5","0"
"02","1","2004","6","0"
"02","1","2004","7","0"
"02","1","2004","8","0"
"02","1","2004","9","0"
"02","1","2004","10","0"
"02","1","2004","11","0"
"02","1","2004","12","0"
"02","1","2005","1","0"
"02","1","2005","2","0"
"02","1","2005","3","0"
"02","1","2005","4","0"
"02","1","2005","5","0"
"02","1","2005","6","0"
"02","1","2005","7","0"
"02","1","2005","8","0"
"02","1","2005","9","0"
"02","1","2005","10","0"
"02","1","2005","11","0"
"02","1","2005","12","0"
"02","1","2006","1","0"
"02","1","2006","2","0"
"02","1","2006","3","0"
"02","1","2006","4","0"
"02","1","2006","5","0"
"02","1","2006","6","0"
"02","1","2006","7","0"
"02","1","2006","8","0"
"02","1","2006","9","0"
"02","1","2006","10","0"
"02","1","2006","11","0"
"02","1","2006","12","0"
"02","1","2007","1","0"
"02","1","2007","2","0"
"02","1","2007","3","0"
"02","1","2007","4","0"
"02","1","2007","5","0"
"02","1","2007","6","0"
"02","1","2007","7","0"
"02","1","2007","8","0"
"02","1","2007","9","0"
"02","1","2007","10","0"
"02","1","2007","11","0"
"02","1","2007","12","0"
"03","1","2003","2","0"
"03","1","2003","3","0"
"03","1","2003","4","0"
"03","1","2003","5","0"
"03","1","2003","6","0"
"03","1","2003","7","0"
"03","1","2003","8","0"
"03","1","2003","9","0"
"03","1","2003","10","0"
"03","1","2003","11","0"
"03","1","2003","12","0"
"03","1","2004","1","0"
"03","1","2004","2","0"
"03","1","2004","3","0"
"03","1","2004","4","0"
"03","1","2004","5","0"
"03","1","2004","6","0"
"03","1","2004","7","0"
"03","1","2004","8","0"
"03","1","2004","9","0"
"03","1","2004","10","0"
"03","1","2004","11","0"
"03","1","2004","12","0"
"03","1","2005","1","0"
"03","1","2005","2","0"
"03","1","2005","3","0"
"03","1","2005","4","0"
"03","1","2005","5","0"
"03","1","2005","6","0"
"03","1","2005","7","0"
"03","1","2005","8","0"
"03","1","2005","9","0"
"03","1","2005","10","0"
"03","1","2005","11","0"
"03","1","2005","12","0"
"03","1","2006","1","0"
"03","1","2006","2","0"
"03","1","2006","3","0"
"03","1","2006","4","0"
"03","1","2006","5","0"
"03","1","2006","6","0"
"03","1","2006","7","0"
"03","1","2006","8","0"
"03","1","2006","9","0"
"03","1","2006","10","0"
"03","1","2006","11","0"
"03","1","2006","12","0"
"03","1","2007","1","0"
"03","1","2007","2","0"
"03","1","2007","3","0"
"03","1","2007","4","0"
"03","1","2007","5","0"
"03","1","2007","6","0"
"03","1","2007","7","0"
"03","1","2007","8","0"
"03","1","2007","9","0"
"03","1","2007","10","0"
"03","1","2007","11","0"
"03","1","2007","12","0"
"04","1","2003","2","0"
"04","1","2003","3","0"
"04","1","2003","4","0"
"04","1","2003","5","0"
"04","1","2003","6","0"
"04","1","2003","7","0"
"04","1","2003","8","0"
"04","1","2003","9","0"
"04","1","2003","10","0"
"04","1","2003","11","0"
"04","1","2003","12","0"
"04","1","2004","1","0"
"04","1","2004","2","0"
"04","1","2004","3","0"
"04","1","2004","4","0"
"04","1","2004","5","0"
"04","1","2004","6","0"
"04","1","2004","7","0"
"04","1","2004","8","0"
"04","1","2004","9","0"
"04","1","2004","10","0"
"04","1","2004","11","0"
"04","1","2004","12","0"
"04","1","2005","1","0"
"04","1","2005","2","0"
"04","1","2005","3","0"
"04","1","2005","4","0"
"04","1","2005","5","0"
"04","1","2005","6","0"
"04","1","2005","7","0"
"04","1","2005","8","0"
"04","1","2005","9","0"
"04","1","2005","10","0"
"04","1","2005","11","0"
"04","1","2005","12","0"
"04","1","2006","1","0"
"04","1","2006","2","0"
"04","1","2006","3","0"
"04","1","2006","4","0"
"04","1","2006","5","0"
"04","1","2006","6","0"
"04","1","2006","7","0"
"04","1","2006","8","0"
"04","1","2006","9","0"
"04","1","2006","10","0"
"04","1","2006","11","0"
"04","1","2006","12","0"
"04","1","2007","1","0"
"04","1","2007","2","0"
"04","1","2007","3","0"
"04","1","2007","4","0"
"04","1","2007","5","0"
"04","1","2007","6","0"
"04","1","2007","7","0"
"04","1","2007","8","0"
"04","1","2007","9","0"
"04","1","2007","10","0"
"04","1","2007","11","0"
"04","1","2007","12","0"
"05","1","2003","2","0"
"05","1","2003","3","0"
"05","1","2003","4","0"
"05","1","2003","5","0"
"05","1","2003","6","0"
"05","1","2003","7","0"
"05","1","2003","8","0"
"05","1","2003","9","0"
"05","1","2003","10","0"
"05","1","2003","11","0"
"05","1","2003","12","0"
"05","1","2004","1","0"
"05","1","2004","2","0"
"05","1","2004","3","0"
"05","1","2004","4","0"
"05","1","2004","5","0"
"05","1","2004","6","0"
"05","1","2004","7","0"
"05","1","2004","8","0"
"05","1","2004","9","0"
"05","1","2004","10","0"
"05","1","2004","11","0"
"05","1","2004","12","0"
"05","1","2005","1","0"
"05","1","2005","2","0"
"05","1","2005","3","0"
"05","1","2005","4","0"
"05","1","2005","5","0"
"05","1","2005","6","0"
"05","1","2005","7","0"
"05","1","2005","8","0"
"05","1","2005","9","0"
"05","1","2005","10","0"
"05","1","2005","11","0"
"05","1","2005","12","0"
"05","1","2006","1","0"
"05","1","2006","2","0"
"05","1","2006","3","0"
"05","1","2006","4","0"
"05","1","2006","5","0"
"05","1","2006","6","0"
"05","1","2006","7","0"
"05","1","2006","8","0"
"05","1","2006","9","0"
"05","1","2006","10","0"
"05","1","2006","11","0"
"05","1","2006","12","0"
"05","1","2007","1","0"
"05","1","2007","2","0"
"05","1","2007","3","0"
"05","1","2007","4","0"
"05","1","2007","5","0"
"05","1","2007","6","0"
"05","1","2007","7","0"
"05","1","2007","8","0"
"05","1","2007","9","0"
"05","1","2007","10","0"
"05","1","2007","11","0"
"05","1","2007","12","0"
"06","1","2001","1","0"
"06","1","2001","2","0"
"06","1","2001","3","0"
"06","1","2001","4","0"
"06","1","2001","5","0"
"06","1","2001","6","0"
"06","1","2001","7","0"
"06","1","2001","8","0"
"06","1","2001","9","0"
"06","1","2001","10","0"
"06","1","2001","11","0"
"06","1","2001","12","0"
"06","1","2002","1","0"
"06","1","2002","2","0"
"06","1","2002","3","0"
"06","1","2002","4","0"
"06","1","2002","5","0"
"06","1","2002","6","0"
"06","1","2002","7","0"
"06","1","2002","8","0"
"06","1","2002","9","0"
"06","1","2002","10","0"
"06","1","2002","11","0"
"06","1","2002","12","0"
"06","1","2003","1","0"
"06","1","2003","2","0"
"06","1","2003","3","0"
"06","1","2003","4","0"
"06","1","2003","5","0"
"06","1","2003","6","0"
"06","1","2003","7","0"
"06","1","2003","8","0"
"06","1","2003","9","0"
"06","1","2003","10","0"
"06","1","2003","11","0"
"06","1","2003","12","0"
"06","1","2004","1","0"
"06","1","2004","2","0"
"06","1","2004","3","0"
"06","1","2004","4","0"
"06","1","2004","5","0"
"06","1","2004","6","0"
"06","1","2004","7","0"
"06","1","2004","8","0"
"06","1","2004","9","0"
"06","1","2004","10","0"
"06","1","2004","11","0"
"06","1","2004","12","0"
"06","1","2005","1","0"
"06","1","2005","2","0"
"06","1","2005","3","0"
"06","1","2005","4","0"
"06","1","2005","5","0"
"06","1","2005","6","0"
"06","1","2005","7","0"
"06","1","2005","8","0"
"06","1","2005","9","0"
"06","1","2005","10","0"
"06","1","2005","11","0"
"06","1","2005","12","0"
"06","1","2006","1","0"
"06","1","2006","2","0"
"06","1","2006","3","0"
"06","1","2006","4","0"
"06","1","2006","5","0"
"06","1","2006","6","0"
"06","1","2006","7","0"
"06","1","2006","8","0"
"06","1","2006","9","0"
"06","1","2006","10","0"
"06","1","2006","11","0"
"06","1","2006","12","0"
"06","1","2007","1","0"
"06","1","2007","2","0"
"06","1","2007","3","0"
"06","1","2007","4","0"
"06","1","2007","5","0"
"06","1","2007","6","0"
"06","1","2007","7","0"
"06","1","2007","8","0"
"06","1","2007","9","0"
"06","1","2007","10","0"
"06","1","2007","11","0"
"06","1","2007","12","0"
"07","1","2003","2","0"
"07","1","2003","3","0"
"07","1","2003","4","0"
"07","1","2003","5","0"
"07","1","2003","6","0"
"07","1","2003","7","0"
"07","1","2003","8","0"
"07","1","2003","9","0"
"07","1","2003","10","0"
"07","1","2003","11","0"
"07","1","2003","12","0"
"07","1","2004","1","0"
"07","1","2004","2","0"
"07","1","2004","3","0"
"07","1","2004","4","0"
"07","1","2004","5","0"
"07","1","2004","6","0"
"07","1","2004","7","0"
"07","1","2004","8","0"
"07","1","2004","9","0"
"07","1","2004","10","0"
"07","1","2004","11","0"
"07","1","2004","12","0"
"07","1","2005","1","0"
"07","1","2005","2","0"
"07","1","2005","3","0"
"07","1","2005","4","0"
"07","1","2005","5","0"
"07","1","2005","6","0"
"07","1","2005","7","0"
"07","1","2005","8","0"
"07","1","2005","9","0"
"07","1","2005","10","0"
"07","1","2005","11","0"
"07","1","2005","12","0"
"07","1","2006","1","0"
"07","1","2006","2","0"
"07","1","2006","3","0"
"07","1","2006","4","0"
"07","1","2006","5","0"
"07","1","2006","6","0"
"07","1","2006","7","0"
"07","1","2006","8","0"
"07","1","2006","9","0"
"07","1","2006","10","0"
"07","1","2006","11","0"
"07","1","2006","12","0"
"07","1","2007","1","0"
"07","1","2007","2","0"
"07","1","2007","3","0"
"07","1","2007","4","0"
"07","1","2007","5","0"
"07","1","2007","6","0"
"07","1","2007","7","0"
"07","1","2007","8","0"
"07","1","2007","9","0"
"07","1","2007","10","0"
"07","1","2007","11","0"
"07","1","2007","12","0"
"08","1","2001","1","0"
"08","1","2001","2","0"
"08","1","2001","3","0"
"08","1","2001","4","0"
"08","1","2001","5","0"
"08","1","2001","6","0"
"08","1","2001","7","0"
"08","1","2001","8","0"
"08","1","2001","9","0"
"08","1","2001","10","0"
"08","1","2001","11","0"
"08","1","2001","12","0"
"08","1","2002","1","0"
"08","1","2002","2","0"
"08","1","2002","3","0"
"08","1","2002","4","0"
"08","1","2002","5","0"
"08","1","2002","6","0"
"08","1","2002","7","0"
"08","1","2002","8","0"
"08","1","2002","9","0"
"08","1","2002","10","0"
"08","1","2002","11","0"
"08","1","2002","12","0"
"08","1","2003","1","0"
"08","1","2003","2","0"
"08","1","2003","3","0"
"08","1","2003","4","0"
"08","1","2003","5","0"
"08","1","2003","6","0"
"08","1","2003","7","0"
"08","1","2003","8","0"
"08","1","2003","9","0"
"08","1","2003","10","0"
"08","1","2003","11","0"
"08","1","2003","12","0"
"08","1","2004","1","0"
"08","1","2004","2","0"
"08","1","2004","3","0"
"08","1","2004","4","0"
"08","1","2004","5","0"
"08","1","2004","6","0"
"08","1","2004","7","0"
"08","1","2004","8","0"
"08","1","2004","9","0"
"08","1","2004","10","0"
"08","1","2004","11","0"
"08","1","2004","12","0"
"08","1","2005","1","0"
"08","1","2005","2","0"
"08","1","2005","3","0"
"08","1","2005","4","0"
"08","1","2005","5","0"
"08","1","2005","6","0"
"08","1","2005","7","0"
"08","1","2005","8","0"
"08","1","2005","9","0"
"08","1","2005","10","0"
"08","1","2005","11","0"
"08","1","2005","12","0"
"08","1","2006","1","0"
"08","1","2006","2","0"
"08","1","2006","3","0"
"08","1","2006","4","0"
"08","1","2006","5","0"
"08","1","2006","6","0"
"08","1","2006","7","0"
"08","1","2006","8","0"
"08","1","2006","9","0"
"08","1","2006","10","0"
"08","1","2006","11","0"
"08","1","2006","12","0"
"08","1","2007","1","0"
"08","1","2007","2","0"
"08","1","2007","3","0"
"08","1","2007","4","0"
"08","1","2007","5","0"
"08","1","2007","6","0"
"08","1","2007","7","0"
"08","1","2007","8","0"
"08","1","2007","9","0"
"08","1","2007","10","0"
"08","1","2007","11","0"
"08","1","2007","12","0"
"09","1","2003","2","0"
"09","1","2003","3","0"
"09","1","2003","4","0"
"09","1","2003","5","0"
"09","1","2003","6","0"
"09","1","2003","7","0"
"09","1","2003","8","0"
"09","1","2003","9","0"
"09","1","2003","10","0"
"09","1","2003","11","0"
"09","1","2003","12","0"
"09","1","2004","1","0"
"09","1","2004","2","0"
"09","1","2004","3","0"
"09","1","2004","4","0"
"09","1","2004","5","0"
"09","1","2004","6","0"
"09","1","2004","7","0"
"09","1","2004","8","0"
"09","1","2004","9","0"
"09","1","2004","10","0"
"09","1","2004","11","0"
"09","1","2004","12","0"
"09","1","2005","1","0"
"09","1","2005","2","0"
"09","1","2005","3","0"
"09","1","2005","4","0"
"09","1","2005","5","0"
"09","1","2005","6","0"
"09","1","2005","7","0"
"09","1","2005","8","0"
"09","1","2005","9","0"
"09","1","2005","10","0"
"09","1","2005","11","0"
"09","1","2005","12","0"
"09","1","2006","1","0"
"09","1","2006","2","0"
"09","1","2006","3","0"
"09","1","2006","4","0"
"09","1","2006","5","0"
"09","1","2006","6","0"
"09","1","2006","7","0"
"09","1","2006","8","0"
"09","1","2006","9","0"
"09","1","2006","10","0"
"09","1","2006","11","0"
"09","1","2006","12","0"
"09","1","2007","1","0"
"09","1","2007","2","0"
"09","1","2007","3","0"
"09","1","2007","4","0"
"09","1","2007","5","0"
"09","1","2007","6","0"
"09","1","2007","7","0"
"09","1","2007","8","0"
"09","1","2007","9","0"
"09","1","2007","10","0"
"09","1","2007","11","0"
"09","1","2007","12","0"
"10","1","2003","2","0"
"10","1","2003","3","0"
"10","1","2003","4","0"
"10","1","2003","5","0"
"10","1","2003","6","0"
"10","1","2003","7","0"
"10","1","2003","8","0"
"10","1","2003","9","0"
"10","1","2003","10","0"
"10","1","2003","11","0"
"10","1","2003","12","0"
"10","1","2004","1","0"
"10","1","2004","2","0"
"10","1","2004","3","0"
"10","1","2004","4","0"
"10","1","2004","5","0"
"10","1","2004","6","0"
"10","1","2004","7","0"
"10","1","2004","8","0"
"10","1","2004","9","0"
"10","1","2004","10","0"
"10","1","2004","11","0"
"10","1","2004","12","0"
"10","1","2005","1","0"
"10","1","2005","2","0"
"10","1","2005","3","0"
"10","1","2005","4","0"
"10","1","2005","5","0"
"10","1","2005","6","0"
"10","1","2005","7","0"
"10","1","2005","8","0"
"10","1","2005","9","0"
"10","1","2005","10","0"
"10","1","2005","11","0"
"10","1","2005","12","0"
"10","1","2006","1","0"
"10","1","2006","2","0"
"10","1","2006","3","0"
"10","1","2006","4","0"
"10","1","2006","5","0"
"10","1","2006","6","0"
"10","1","2006","7","0"
"10","1","2006","8","0"
"10","1","2006","9","0"
"10","1","2006","10","0"
"10","1","2006","11","0"
"10","1","2006","12","0"
"10","1","2007","1","0"
"10","1","2007","2","0"
"10","1","2007","3","0"
"10","1","2007","4","0"
"10","1","2007","5","0"
"10","1","2007","6","0"
"10","1","2007","7","0"
"10","1","2007","8","0"
"10","1","2007","9","0"
"10","1","2007","10","0"
"10","1","2007","11","0"
"10","1","2007","12","0"
"11","1","2003","2","0"
"11","1","2003","3","0"
"11","1","2003","4","0"
"11","1","2003","5","0"
"11","1","2003","6","0"
"11","1","2003","7","0"
"11","1","2003","8","0"
"11","1","2003","9","0"
"11","1","2003","10","0"
"11","1","2003","11","0"
"11","1","2003","12","0"
"11","1","2004","1","0"
"11","1","2004","2","0"
"11","1","2004","3","0"
"11","1","2004","4","0"
"11","1","2004","5","0"
"11","1","2004","6","0"
"11","1","2004","7","0"
"11","1","2004","8","0"
"11","1","2004","9","0"
"11","1","2004","10","0"
"11","1","2004","11","0"
"11","1","2004","12","0"
"11","1","2005","1","0"
"11","1","2005","2","0"
"11","1","2005","3","0"
"11","1","2005","4","0"
"11","1","2005","5","0"
"11","1","2005","6","0"
"11","1","2005","7","0"
"11","1","2005","8","0"
"11","1","2005","9","0"
"11","1","2005","10","0"
"11","1","2005","11","0"
"11","1","2005","12","0"
"11","1","2006","1","0"
"11","1","2006","2","0"
"11","1","2006","3","0"
"11","1","2006","4","0"
"11","1","2006","5","0"
"11","1","2006","6","0"
"11","1","2006","7","0"
"11","1","2006","8","0"
"11","1","2006","9","0"
"11","1","2006","10","0"
"11","1","2006","11","0"
"11","1","2006","12","0"
"11","1","2007","1","0"
"11","1","2007","2","0"
"11","1","2007","3","0"
"11","1","2007","4","0"
"11","1","2007","5","0"
"11","1","2007","6","0"
"11","1","2007","7","0"
"11","1","2007","8","0"
"11","1","2007","9","0"
"11","1","2007","10","0"
"11","1","2007","11","0"
"11","1","2007","12","0"
"12","1","2003","2","0"
"12","1","2003","3","0"
"12","1","2003","4","0"
"12","1","2003","5","0"
"12","1","2003","6","0"
"12","1","2003","7","0"
"12","1","2003","8","0"
"12","1","2003","9","0"
"12","1","2003","10","0"
"12","1","2003","11","0"
"12","1","2003","12","0"
"12","1","2004","1","0"
"12","1","2004","2","0"
"12","1","2004","3","0"
"12","1","2004","4","0"
"12","1","2004","5","0"
"12","1","2004","6","0"
"12","1","2004","7","0"
"12","1","2004","8","0"
"12","1","2004","9","0"
"12","1","2004","10","0"
"12","1","2004","11","0"
"12","1","2004","12","0"
"12","1","2005","1","0"
"12","1","2005","2","0"
"12","1","2005","3","0"
"12","1","2005","4","0"
"12","1","2005","5","0"
"12","1","2005","6","0"
"12","1","2005","7","0"
"12","1","2005","8","0"
"12","1","2005","9","0"
"12","1","2005","10","0"
"12","1","2005","11","0"
"12","1","2005","12","0"
"12","1","2006","1","0"
"12","1","2006","2","0"
"12","1","2006","3","0"
"12","1","2006","4","0"
"12","1","2006","5","0"
"12","1","2006","6","0"
"12","1","2006","7","0"
"12","1","2006","8","0"
"12","1","2006","9","0"
"12","1","2006","10","0"
"12","1","2006","11","0"
"12","1","2006","12","0"
"12","1","2007","1","0"
"12","1","2007","2","0"
"12","1","2007","3","0"
"12","1","2007","4","0"
"12","1","2007","5","0"
"12","1","2007","6","0"
"12","1","2007","7","0"
"12","1","2007","8","0"
"12","1","2007","9","0"
"12","1","2007","10","0"
"12","1","2007","11","0"
"12","1","2007","12","0"
"13","1","2003","2","0"
"13","1","2003","3","0"
"13","1","2003","4","0"
"13","1","2003","5","0"
"13","1","2003","6","0"
"13","1","2003","7","0"
"13","1","2003","8","0"
"13","1","2003","9","0"
"13","1","2003","10","0"
"13","1","2003","11","0"
"13","1","2003","12","0"
"13","1","2004","1","0"
"13","1","2004","2","0"
"13","1","2004","3","0"
"13","1","2004","4","0"
"13","1","2004","5","0"
"13","1","2004","6","0"
"13","1","2004","7","0"
"13","1","2004","8","0"
"13","1","2004","9","0"
"13","1","2004","10","0"
"13","1","2004","11","0"
"13","1","2004","12","0"
"13","1","2005","1","0"
"13","1","2005","2","0"
"13","1","2005","3","0"
"13","1","2005","4","0"
"13","1","2005","5","0"
"13","1","2005","6","0"
"13","1","2005","7","0"
"13","1","2005","8","0"
"13","1","2005","9","0"
"13","1","2005","10","0"
"13","1","2005","11","0"
"13","1","2005","12","0"
"13","1","2006","1","0"
"13","1","2006","2","0"
"13","1","2006","3","0"
"13","1","2006","4","0"
"13","1","2006","5","0"
"13","1","2006","6","0"
"13","1","2006","7","0"
"13","1","2006","8","0"
"13","1","2006","9","0"
"13","1","2006","10","0"
"13","1","2006","11","0"
"13","1","2006","12","0"
"13","1","2007","1","0"
"13","1","2007","2","0"
"13","1","2007","3","0"
"13","1","2007","4","0"
"13","1","2007","5","0"
"13","1","2007","6","0"
"13","1","2007","7","0"
"13","1","2007","8","0"
"13","1","2007","9","0"
"13","1","2007","10","0"
"13","1","2007","11","0"
"13","1","2007","12","0"
"14","1","2003","2","0"
"14","1","2003","3","0"
"14","1","2003","4","0"
"14","1","2003","5","0"
"14","1","2003","6","0"
"14","1","2003","7","0"
"14","1","2003","8","0"
"14","1","2003","9","0"
"14","1","2003","10","0"
"14","1","2003","11","0"
"14","1","2003","12","0"
"14","1","2004","1","0"
"14","1","2004","2","0"
"14","1","2004","3","0"
"14","1","2004","4","0"
"14","1","2004","5","0"
"14","1","2004","6","0"
"14","1","2004","7","0"
"14","1","2004","8","0"
"14","1","2004","9","0"
"14","1","2004","10","0"
"14","1","2004","11","0"
"14","1","2004","12","0"
"14","1","2005","1","0"
"14","1","2005","2","0"
"14","1","2005","3","0"
"14","1","2005","4","0"
"14","1","2005","5","0"
"14","1","2005","6","0"
"14","1","2005","7","0"
"14","1","2005","8","0"
"14","1","2005","9","0"
"14","1","2005","10","0"
"14","1","2005","11","0"
"14","1","2005","12","0"
"14","1","2006","1","0"
"14","1","2006","2","0"
"14","1","2006","3","0"
"14","1","2006","4","0"
"14","1","2006","5","0"
"14","1","2006","6","0"
"14","1","2006","7","0"
"14","1","2006","8","0"
"14","1","2006","9","0"
"14","1","2006","10","0"
"14","1","2006","11","0"
"14","1","2006","12","0"
"14","1","2007","1","0"
"14","1","2007","2","0"
"14","1","2007","3","0"
"14","1","2007","4","0"
"14","1","2007","5","0"
"14","1","2007","6","0"
"14","1","2007","7","0"
"14","1","2007","8","0"
"14","1","2007","9","0"
"14","1","2007","10","0"
"14","1","2007","11","0"
"14","1","2007","12","0"
"15","1","2003","2","0"
"15","1","2003","3","0"
"15","1","2003","4","0"
"15","1","2003","5","0"
"15","1","2003","6","0"
"15","1","2003","7","0"
"15","1","2003","8","0"
"15","1","2003","9","0"
"15","1","2003","10","0"
"15","1","2003","11","0"
"15","1","2003","12","0"
"15","1","2004","1","0"
"15","1","2004","2","0"
"15","1","2004","3","0"
"15","1","2004","4","0"
"15","1","2004","5","0"
"15","1","2004","6","0"
"15","1","2004","7","0"
"15","1","2004","8","0"
"15","1","2004","9","0"
"15","1","2004","10","0"
"15","1","2004","11","0"
"15","1","2004","12","0"
"15","1","2005","1","0"
"15","1","2005","2","0"
"15","1","2005","3","0"
"15","1","2005","4","0"
"15","1","2005","5","0"
"15","1","2005","6","0"
"15","1","2005","7","0"
"15","1","2005","8","0"
"15","1","2005","9","0"
"15","1","2005","10","0"
"15","1","2005","11","0"
"15","1","2005","12","0"
"15","1","2006","1","0"
"15","1","2006","2","0"
"15","1","2006","3","0"
"15","1","2006","4","0"
"15","1","2006","5","0"
"15","1","2006","6","0"
"15","1","2006","7","0"
"15","1","2006","8","0"
"15","1","2006","9","0"
"15","1","2006","10","0"
"15","1","2006","11","0"
"15","1","2006","12","0"
"15","1","2007","1","0"
"15","1","2007","2","0"
"15","1","2007","3","0"
"15","1","2007","4","0"
"15","1","2007","5","0"
"15","1","2007","6","0"
"15","1","2007","7","0"
"15","1","2007","8","0"
"15","1","2007","9","0"
"15","1","2007","10","0"
"15","1","2007","11","0"
"15","1","2007","12","0"
"16","1","2003","2","0"
"16","1","2003","3","0"
"16","1","2003","4","0"
"16","1","2003","5","0"
"16","1","2003","6","0"
"16","1","2003","7","0"
"16","1","2003","8","0"
"16","1","2003","9","0"
"16","1","2003","10","0"
"16","1","2003","11","0"
"16","1","2003","12","0"
"16","1","2004","1","0"
"16","1","2004","2","0"
"16","1","2004","3","0"
"16","1","2004","4","0"
"16","1","2004","5","0"
"16","1","2004","6","0"
"16","1","2004","7","0"
"16","1","2004","8","0"
"16","1","2004","9","0"
"16","1","2004","10","0"
"16","1","2004","11","0"
"16","1","2004","12","0"
"16","1","2005","1","0"
"16","1","2005","2","0"
"16","1","2005","3","0"
"16","1","2005","4","0"
"16","1","2005","5","0"
"16","1","2005","6","0"
"16","1","2005","7","0"
"16","1","2005","8","0"
"16","1","2005","9","0"
"16","1","2005","10","0"
"16","1","2005","11","0"
"16","1","2005","12","0"
"16","1","2006","1","0"
"16","1","2006","2","0"
"16","1","2006","3","0"
"16","1","2006","4","0"
"16","1","2006","5","0"
"16","1","2006","6","0"
"16","1","2006","7","0"
"16","1","2006","8","0"
"16","1","2006","9","0"
"16","1","2006","10","0"
"16","1","2006","11","0"
"16","1","2006","12","0"
"16","1","2007","1","0"
"16","1","2007","2","0"
"16","1","2007","3","0"
"16","1","2007","4","0"
"16","1","2007","5","0"
"16","1","2007","6","0"
"16","1","2007","7","0"
"16","1","2007","8","0"
"16","1","2007","9","0"
"16","1","2007","10","0"
"16","1","2007","11","0"
"16","1","2007","12","0"
"17","1","2003","2","0"
"17","1","2003","3","0"
"17","1","2003","4","0"
"17","1","2003","5","0"
"17","1","2003","6","0"
"17","1","2003","7","0"
"17","1","2003","8","0"
"17","1","2003","9","0"
"17","1","2003","10","0"
"17","1","2003","11","0"
"17","1","2003","12","0"
"17","1","2004","1","0"
"17","1","2004","2","0"
"17","1","2004","3","0"
"17","1","2004","4","0"
"17","1","2004","5","0"
"17","1","2004","6","0"
"17","1","2004","7","0"
"17","1","2004","8","0"
"17","1","2004","9","0"
"17","1","2004","10","0"
"17","1","2004","11","0"
"17","1","2004","12","0"
"17","1","2005","1","0"
"17","1","2005","2","0"
"17","1","2005","3","0"
"17","1","2005","4","0"
"17","1","2005","5","0"
"17","1","2005","6","0"
"17","1","2005","7","0"
"17","1","2005","8","0"
"17","1","2005","9","0"
"17","1","2005","10","0"
"17","1","2005","11","0"
"17","1","2005","12","0"
"17","1","2006","1","0"
"17","1","2006","2","0"
"17","1","2006","3","0"
"17","1","2006","4","0"
"17","1","2006","5","0"
"17","1","2006","6","0"
"17","1","2006","7","0"
"17","1","2006","8","0"
"17","1","2006","9","0"
"17","1","2006","10","0"
"17","1","2006","11","0"
"17","1","2006","12","0"
"17","1","2007","1","0"
"17","1","2007","2","0"
"17","1","2007","3","0"
"17","1","2007","4","0"
"17","1","2007","5","0"
"17","1","2007","6","0"
"17","1","2007","7","0"
"17","1","2007","8","0"
"17","1","2007","9","0"
"17","1","2007","10","0"
"17","1","2007","11","0"
"17","1","2007","12","0"
"18","1","2003","2","0"
"18","1","2003","3","0"
"18","1","2003","4","0"
"18","1","2003","5","0"
"18","1","2003","6","0"
"18","1","2003","7","0"
"18","1","2003","8","0"
"18","1","2003","9","0"
"18","1","2003","10","0"
"18","1","2003","11","0"
"18","1","2003","12","0"
"18","1","2004","1","0"
"18","1","2004","2","0"
"18","1","2004","3","0"
"18","1","2004","4","0"
"18","1","2004","5","0"
"18","1","2004","6","0"
"18","1","2004","7","0"
"18","1","2004","8","0"
"18","1","2004","9","0"
"18","1","2004","10","0"
"18","1","2004","11","0"
"18","1","2004","12","0"
"18","1","2005","1","0"
"18","1","2005","2","0"
"18","1","2005","3","0"
"18","1","2005","4","0"
"18","1","2005","5","0"
"18","1","2005","6","0"
"18","1","2005","7","0"
"18","1","2005","8","0"
"18","1","2005","9","0"
"18","1","2005","10","0"
"18","1","2005","11","0"
"18","1","2005","12","0"
"18","1","2006","1","0"
"18","1","2006","2","0"
"18","1","2006","3","0"
"18","1","2006","4","0"
"18","1","2006","5","0"
"18","1","2006","6","0"
"18","1","2006","7","0"
"18","1","2006","8","0"
"18","1","2006","9","0"
"18","1","2006","10","0"
"18","1","2006","11","0"
"18","1","2006","12","0"
"18","1","2007","1","0"
"18","1","2007","2","0"
"18","1","2007","3","0"
"18","1","2007","4","0"
"18","1","2007","5","0"
"18","1","2007","6","0"
"18","1","2007","7","0"
"18","1","2007","8","0"
"18","1","2007","9","0"
"18","1","2007","10","0"
"18","1","2007","11","0"
"18","1","2007","12","0"
"19","1","2003","2","0"
"19","1","2003","3","0"
"19","1","2003","4","0"
"19","1","2003","5","0"
"19","1","2003","6","0"
"19","1","2003","7","0"
"19","1","2003","8","0"
"19","1","2003","9","0"
"19","1","2003","10","0"
"19","1","2003","11","0"
"19","1","2003","12","0"
"19","1","2004","1","0"
"19","1","2004","2","0"
"19","1","2004","3","0"
"19","1","2004","4","0"
"19","1","2004","5","0"
"19","1","2004","6","0"
"19","1","2004","7","0"
"19","1","2004","8","0"
"19","1","2004","9","0"
"19","1","2004","10","0"
"19","1","2004","11","0"
"19","1","2004","12","0"
"19","1","2005","1","0"
"19","1","2005","2","0"
"19","1","2005","3","0"
"19","1","2005","4","0"
"19","1","2005","5","0"
"19","1","2005","6","0"
"19","1","2005","7","0"
"19","1","2005","8","0"
"19","1","2005","9","0"
"19","1","2005","10","0"
"19","1","2005","11","0"
"19","1","2005","12","0"
"19","1","2006","1","0"
"19","1","2006","2","0"
"19","1","2006","3","0"
"19","1","2006","4","0"
"19","1","2006","5","0"
"19","1","2006","6","0"
"19","1","2006","7","0"
"19","1","2006","8","0"
"19","1","2006","9","0"
"19","1","2006","10","0"
"19","1","2006","11","0"
"19","1","2006","12","0"
"19","1","2007","1","0"
"19","1","2007","2","0"
"19","1","2007","3","0"
"19","1","2007","4","0"
"19","1","2007","5","0"
"19","1","2007","6","0"
"19","1","2007","7","0"
"19","1","2007","8","0"
"19","1","2007","9","0"
"19","1","2007","10","0"
"19","1","2007","11","0"
"19","1","2007","12","0"
"20","1","2003","2","0"
"20","1","2003","3","0"
"20","1","2003","4","0"
"20","1","2003","5","0"
"20","1","2003","6","0"
"20","1","2003","7","0"
"20","1","2003","8","0"
"20","1","2003","9","0"
"20","1","2003","10","0"
"20","1","2003","11","0"
"20","1","2003","12","0"
"20","1","2004","1","0"
"20","1","2004","2","0"
"20","1","2004","3","0"
"20","1","2004","4","0"
"20","1","2004","5","0"
"20","1","2004","6","0"
"20","1","2004","7","0"
"20","1","2004","8","0"
"20","1","2004","9","0"
"20","1","2004","10","0"
"20","1","2004","11","0"
"20","1","2004","12","0"
"20","1","2005","1","0"
"20","1","2005","2","0"
"20","1","2005","3","0"
"20","1","2005","4","0"
"20","1","2005","5","0"
"20","1","2005","6","0"
"20","1","2005","7","0"
"20","1","2005","8","0"
"20","1","2005","9","0"
"20","1","2005","10","0"
"20","1","2005","11","0"
"20","1","2005","12","0"
"20","1","2006","1","0"
"20","1","2006","2","0"
"20","1","2006","3","0"
"20","1","2006","4","0"
"20","1","2006","5","0"
"20","1","2006","6","0"
"20","1","2006","7","0"
"20","1","2006","8","0"
"20","1","2006","9","0"
"20","1","2006","10","0"
"20","1","2006","11","0"
"20","1","2006","12","0"
"20","1","2007","1","0"
"20","1","2007","2","0"
"20","1","2007","3","0"
"20","1","2007","4","0"
"20","1","2007","5","0"
"20","1","2007","6","0"
"20","1","2007","7","0"
"20","1","2007","8","0"
"20","1","2007","9","0"
"20","1","2007","10","0"
"20","1","2007","11","0"
"20","1","2007","12","0"
"21","1","2001","1","0"
"21","1","2001","2","0"
"21","1","2001","3","0"
"21","1","2001","4","0"
"21","1","2001","5","0"
"21","1","2001","6","0"
"21","1","2001","7","0"
"21","1","2001","8","0"
"21","1","2001","9","0"
"21","1","2001","10","0"
"21","1","2001","11","0"
"21","1","2001","12","0"
"21","1","2002","1","0"
"21","1","2002","2","0"
"21","1","2002","3","0"
"21","1","2002","4","0"
"21","1","2002","5","0"
"21","1","2002","6","0"
"21","1","2002","7","0"
"21","1","2002","8","0"
"21","1","2002","9","0"
"21","1","2002","10","0"
"21","1","2002","11","0"
"21","1","2002","12","0"
"21","1","2003","1","0"
"21","1","2003","2","0"
"21","1","2003","3","0"
"21","1","2003","4","0"
"21","1","2003","5","0"
"21","1","2003","6","0"
"21","1","2003","7","0"
"21","1","2003","8","0"
"21","1","2003","9","0"
"21","1","2003","10","0"
"21","1","2003","11","0"
"21","1","2003","12","0"
"21","1","2004","1","0"
"21","1","2004","2","0"
"21","1","2004","3","0"
"21","1","2004","4","0"
"21","1","2004","5","0"
"21","1","2004","6","0"
"21","1","2004","7","0"
"21","1","2004","8","0"
"21","1","2004","9","0"
"21","1","2004","10","0"
"21","1","2004","11","0"
"21","1","2004","12","0"
"21","1","2005","1","0"
"21","1","2005","2","0"
"21","1","2005","3","0"
"21","1","2005","4","0"
"21","1","2005","5","0"
"21","1","2005","6","0"
"21","1","2005","7","0"
"21","1","2005","8","0"
"21","1","2005","9","0"
"21","1","2005","10","0"
"21","1","2005","11","0"
"21","1","2005","12","0"
"21","1","2006","1","0"
"21","1","2006","2","0"
"21","1","2006","3","0"
"21","1","2006","4","0"
"21","1","2006","5","0"
"21","1","2006","6","0"
"21","1","2006","7","0"
"21","1","2006","8","0"
"21","1","2006","9","0"
"21","1","2006","10","0"
"21","1","2006","11","0"
"21","1","2006","12","0"
"21","1","2007","1","0"
"21","1","2007","2","0"
"21","1","2007","3","0"
"21","1","2007","4","0"
"21","1","2007","5","0"
"21","1","2007","6","0"
"21","1","2007","7","0"
"21","1","2007","8","0"
"21","1","2007","9","0"
"21","1","2007","10","0"
"21","1","2007","11","0"
"21","1","2007","12","0"
"22","1","2003","2","0"
"22","1","2003","3","0"
"22","1","2003","4","0"
"22","1","2003","5","0"
"22","1","2003","6","0"
"22","1","2003","7","0"
"22","1","2003","8","0"
"22","1","2003","9","0"
"22","1","2003","10","0"
"22","1","2003","11","0"
"22","1","2003","12","0"
"22","1","2004","1","0"
"22","1","2004","2","0"
"22","1","2004","3","0"
"22","1","2004","4","0"
"22","1","2004","5","0"
"22","1","2004","6","0"
"22","1","2004","7","0"
"22","1","2004","8","0"
"22","1","2004","9","0"
"22","1","2004","10","0"
"22","1","2004","11","0"
"22","1","2004","12","0"
"22","1","2005","1","0"
"22","1","2005","2","0"
"22","1","2005","3","0"
"22","1","2005","4","0"
"22","1","2005","5","0"
"22","1","2005","6","0"
"22","1","2005","7","0"
"22","1","2005","8","0"
"22","1","2005","9","0"
"22","1","2005","10","0"
"22","1","2005","11","0"
"22","1","2005","12","0"
"22","1","2006","1","0"
"22","1","2006","2","0"
"22","1","2006","3","0"
"22","1","2006","4","0"
"22","1","2006","5","0"
"22","1","2006","6","0"
"22","1","2006","7","0"
"22","1","2006","8","0"
"22","1","2006","9","0"
"22","1","2006","10","0"
"22","1","2006","11","0"
"22","1","2006","12","0"
"22","1","2007","1","0"
"22","1","2007","2","0"
"22","1","2007","3","0"
"22","1","2007","4","0"
"22","1","2007","5","0"
"22","1","2007","6","0"
"22","1","2007","7","0"
"22","1","2007","8","0"
"22","1","2007","9","0"
"22","1","2007","10","0"
"22","1","2007","11","0"
"22","1","2007","12","0"
"23","1","2003","2","0"
"23","1","2003","3","0"
"23","1","2003","4","0"
"23","1","2003","5","0"
"23","1","2003","6","0"
"23","1","2003","7","0"
"23","1","2003","8","0"
"23","1","2003","9","0"
"23","1","2003","10","0"
"23","1","2003","11","0"
"23","1","2003","12","0"
"23","1","2004","1","0"
"23","1","2004","2","0"
"23","1","2004","3","0"
"23","1","2004","4","0"
"23","1","2004","5","0"
"23","1","2004","6","0"
"23","1","2004","7","0"
"23","1","2004","8","0"
"23","1","2004","9","0"
"23","1","2004","10","0"
"23","1","2004","11","0"
"23","1","2004","12","0"
"23","1","2005","1","0"
"23","1","2005","2","0"
"23","1","2005","3","0"
"23","1","2005","4","0"
"23","1","2005","5","0"
"23","1","2005","6","0"
"23","1","2005","7","0"
"23","1","2005","8","0"
"23","1","2005","9","0"
"23","1","2005","10","0"
"23","1","2005","11","0"
"23","1","2005","12","0"
"23","1","2006","1","0"
"23","1","2006","2","0"
"23","1","2006","3","0"
"23","1","2006","4","0"
"23","1","2006","5","0"
"23","1","2006","6","0"
"23","1","2006","7","0"
"23","1","2006","8","0"
"23","1","2006","9","0"
"23","1","2006","10","0"
"23","1","2006","11","0"
"23","1","2006","12","0"
"23","1","2007","1","0"
"23","1","2007","2","0"
"23","1","2007","3","0"
"23","1","2007","4","0"
"23","1","2007","5","0"
"23","1","2007","6","0"
"23","1","2007","7","0"
"23","1","2007","8","0"
"23","1","2007","9","0"
"23","1","2007","10","0"
"23","1","2007","11","0"
"23","1","2007","12","0"
"24","1","2003","2","0"
"24","1","2003","3","0"
"24","1","2003","4","0"
"24","1","2003","5","0"
"24","1","2003","6","0"
"24","1","2003","7","0"
"24","1","2003","8","0"
"24","1","2003","9","0"
"24","1","2003","10","0"
"24","1","2003","11","0"
"24","1","2003","12","0"
"24","1","2004","1","0"
"24","1","2004","2","0"
"24","1","2004","3","0"
"24","1","2004","4","0"
"24","1","2004","5","0"
"24","1","2004","6","0"
"24","1","2004","7","0"
"24","1","2004","8","0"
"24","1","2004","9","0"
"24","1","2004","10","0"
"24","1","2004","11","0"
"24","1","2004","12","0"
"24","1","2005","1","0"
"24","1","2005","2","0"
"24","1","2005","3","0"
"24","1","2005","4","0"
"24","1","2005","5","0"
"24","1","2005","6","0"
"24","1","2005","7","0"
"24","1","2005","8","0"
"24","1","2005","9","0"
"24","1","2005","10","0"
"24","1","2005","11","0"
"24","1","2005","12","0"
"24","1","2006","1","0"
"24","1","2006","2","0"
"24","1","2006","3","0"
"24","1","2006","4","0"
"24","1","2006","5","0"
"24","1","2006","6","0"
"24","1","2006","7","0"
"24","1","2006","8","0"
"24","1","2006","9","0"
"24","1","2006","10","0"
"24","1","2006","11","0"
"24","1","2006","12","0"
"24","1","2007","1","0"
"24","1","2007","2","0"
"24","1","2007","3","0"
"24","1","2007","4","0"
"24","1","2007","5","0"
"24","1","2007","6","0"
"24","1","2007","7","0"
"24","1","2007","8","0"
"24","1","2007","9","0"
"24","1","2007","10","0"
"24","1","2007","11","0"
"24","1","2007","12","0"
"25","1","2001","1","0"
"25","1","2001","2","0"
"25","1","2001","3","0"
"25","1","2001","4","0"
"25","1","2001","5","0"
"25","1","2001","6","0"
"25","1","2001","7","0"
"25","1","2001","8","0"
"25","1","2001","9","0"
"25","1","2001","10","0"
"25","1","2001","11","0"
"25","1","2001","12","0"
"25","1","2002","1","0"
"25","1","2002","2","0"
"25","1","2002","3","0"
"25","1","2002","4","0"
"25","1","2002","5","0"
"25","1","2002","6","0"
"25","1","2002","7","0"
"25","1","2002","8","0"
"25","1","2002","9","0"
"25","1","2002","10","0"
"25","1","2002","11","0"
"25","1","2002","12","0"
"25","1","2003","1","0"
"25","1","2003","2","0"
"25","1","2003","3","0"
"25","1","2003","4","0"
"25","1","2003","5","0"
"25","1","2003","6","0"
"25","1","2003","7","0"
"25","1","2003","8","0"
"25","1","2003","9","0"
"25","1","2003","10","0"
"25","1","2003","11","0"
"25","1","2003","12","0"
"25","1","2004","1","0"
"25","1","2004","2","0"
"25","1","2004","3","0"
"25","1","2004","4","0"
"25","1","2004","5","0"
"25","1","2004","6","0"
"25","1","2004","7","0"
"25","1","2004","8","0"
"25","1","2004","9","0"
"25","1","2004","10","0"
"25","1","2004","11","0"
"25","1","2004","12","0"
"25","1","2005","1","0"
"25","1","2005","2","0"
"25","1","2005","3","0"
"25","1","2005","4","0"
"25","1","2005","5","0"
"25","1","2005","6","0"
"25","1","2005","7","0"
"25","1","2005","8","0"
"25","1","2005","9","0"
"25","1","2005","10","0"
"25","1","2005","11","0"
"25","1","2005","12","0"
"25","1","2006","1","0"
"25","1","2006","2","0"
"25","1","2006","3","0"
"25","1","2006","4","0"
"25","1","2006","5","0"
"25","1","2006","6","0"
"25","1","2006","7","0"
"25","1","2006","8","0"
"25","1","2006","9","0"
"25","1","2006","10","0"
"25","1","2006","11","0"
"25","1","2006","12","0"
"25","1","2007","1","0"
"25","1","2007","2","0"
"25","1","2007","3","0"
"25","1","2007","4","0"
"25","1","2007","5","0"
"25","1","2007","6","0"
"25","1","2007","7","0"
"25","1","2007","8","0"
"25","1","2007","9","0"
"25","1","2007","10","0"
"25","1","2007","11","0"
"25","1","2007","12","0"
"01","2","2003","2","0"
"01","2","2003","3","0"
"01","2","2003","4","0"
"01","2","2003","5","0"
"01","2","2003","6","0"
"01","2","2003","7","0"
"01","2","2003","8","0"
"01","2","2003","9","0"
"01","2","2003","10","0"
"01","2","2003","11","0"
"01","2","2003","12","0"
"01","2","2004","1","0"
"01","2","2004","2","0"
"01","2","2004","3","0"
"01","2","2004","4","0"
"01","2","2004","5","0"
"01","2","2004","6","0"
"01","2","2004","7","0"
"01","2","2004","8","0"
"01","2","2004","9","0"
"01","2","2004","10","0"
"01","2","2004","11","0"
"01","2","2004","12","0"
"01","2","2005","1","0"
"01","2","2005","2","0"
"01","2","2005","3","0"
"01","2","2005","4","0"
"01","2","2005","5","0"
"01","2","2005","6","0"
"01","2","2005","7","0"
"01","2","2005","8","0"
"01","2","2005","9","0"
"01","2","2005","10","0"
"01","2","2005","11","0"
"01","2","2005","12","0"
"01","2","2006","1","0"
"01","2","2006","2","0"
"01","2","2006","3","0"
"01","2","2006","4","0"
"01","2","2006","5","0"
"01","2","2006","6","0"
"01","2","2006","7","0"
"01","2","2006","8","0"
"01","2","2006","9","0"
"01","2","2006","10","0"
"01","2","2006","11","0"
"01","2","2006","12","0"
"01","2","2007","1","0"
"01","2","2007","2","0"
"01","2","2007","3","0"
"01","2","2007","4","0"
"01","2","2007","5","0"
"01","2","2007","6","0"
"01","2","2007","7","0"
"01","2","2007","8","0"
"01","2","2007","9","0"
"01","2","2007","10","0"
"01","2","2007","11","0"
"01","2","2007","12","0"
"02","2","2003","2","0"
"02","2","2003","3","0"
"02","2","2003","4","0"
"02","2","2003","5","0"
"02","2","2003","6","0"
"02","2","2003","7","0"
"02","2","2003","8","0"
"02","2","2003","9","0"
"02","2","2003","10","0"
"02","2","2003","11","0"
"02","2","2003","12","0"
"02","2","2004","1","0"
"02","2","2004","2","0"
"02","2","2004","3","0"
"02","2","2004","4","0"
"02","2","2004","5","0"
"02","2","2004","6","0"
"02","2","2004","7","0"
"02","2","2004","8","0"
"02","2","2004","9","0"
"02","2","2004","10","0"
"02","2","2004","11","0"
"02","2","2004","12","0"
"02","2","2005","1","0"
"02","2","2005","2","0"
"02","2","2005","3","0"
"02","2","2005","4","0"
"02","2","2005","5","0"
"02","2","2005","6","0"
"02","2","2005","7","0"
"02","2","2005","8","0"
"02","2","2005","9","0"
"02","2","2005","10","0"
"02","2","2005","11","0"
"02","2","2005","12","0"
"02","2","2006","1","0"
"02","2","2006","2","0"
"02","2","2006","3","0"
"02","2","2006","4","0"
"02","2","2006","5","0"
"02","2","2006","6","0"
"02","2","2006","7","0"
"02","2","2006","8","0"
"02","2","2006","9","0"
"02","2","2006","10","0"
"02","2","2006","11","0"
"02","2","2006","12","0"
"02","2","2007","1","0"
"02","2","2007","2","0"
"02","2","2007","3","0"
"02","2","2007","4","0"
"02","2","2007","5","0"
"02","2","2007","6","0"
"02","2","2007","7","0"
"02","2","2007","8","0"
"02","2","2007","9","0"
"02","2","2007","10","0"
"02","2","2007","11","0"
"02","2","2007","12","0"
"03","2","2003","2","0"
"03","2","2003","3","0"
"03","2","2003","4","0"
"03","2","2003","5","0"
"03","2","2003","6","0"
"03","2","2003","7","0"
"03","2","2003","8","0"
"03","2","2003","9","0"
"03","2","2003","10","0"
"03","2","2003","11","0"
"03","2","2003","12","0"
"03","2","2004","1","0"
"03","2","2004","2","0"
"03","2","2004","3","0"
"03","2","2004","4","0"
"03","2","2004","5","0"
"03","2","2004","6","0"
"03","2","2004","7","0"
"03","2","2004","8","0"
"03","2","2004","9","0"
"03","2","2004","10","0"
"03","2","2004","11","0"
"03","2","2004","12","0"
"03","2","2005","1","0"
"03","2","2005","2","0"
"03","2","2005","3","0"
"03","2","2005","4","0"
"03","2","2005","5","0"
"03","2","2005","6","0"
"03","2","2005","7","0"
"03","2","2005","8","0"
"03","2","2005","9","0"
"03","2","2005","10","0"
"03","2","2005","11","0"
"03","2","2005","12","0"
"03","2","2006","1","0"
"03","2","2006","2","0"
"03","2","2006","3","0"
"03","2","2006","4","0"
"03","2","2006","5","0"
"03","2","2006","6","0"
"03","2","2006","7","0"
"03","2","2006","8","0"
"03","2","2006","9","0"
"03","2","2006","10","0"
"03","2","2006","11","0"
"03","2","2006","12","0"
"03","2","2007","1","0"
"03","2","2007","2","0"
"03","2","2007","3","0"
"03","2","2007","4","0"
"03","2","2007","5","0"
"03","2","2007","6","0"
"03","2","2007","7","0"
"03","2","2007","8","0"
"03","2","2007","9","0"
"03","2","2007","10","0"
"03","2","2007","11","0"
"03","2","2007","12","0"
"01","3","2003","2","0"
"01","3","2003","3","0"
"01","3","2003","4","0"
"01","3","2003","5","0"
"01","3","2003","6","0"
"01","3","2003","7","0"
"01","3","2003","8","0"
"01","3","2003","9","0"
"01","3","2003","10","0"
"01","3","2003","11","0"
"01","3","2003","12","0"
"01","3","2004","1","0"
"01","3","2004","2","0"
"01","3","2004","3","0"
"01","3","2004","4","0"
"01","3","2004","5","0"
"01","3","2004","6","0"
"01","3","2004","7","0"
"01","3","2004","8","0"
"01","3","2004","9","0"
"01","3","2004","10","0"
"01","3","2004","11","0"
"01","3","2004","12","0"
"01","3","2005","1","0"
"01","3","2005","2","0"
"01","3","2005","3","0"
"01","3","2005","4","0"
"01","3","2005","5","0"
"01","3","2005","6","0"
"01","3","2005","7","0"
"01","3","2005","8","0"
"01","3","2005","9","0"
"01","3","2005","10","0"
"01","3","2005","11","0"
"01","3","2005","12","0"
"01","3","2006","1","0"
"01","3","2006","2","0"
"01","3","2006","3","0"
"01","3","2006","4","0"
"01","3","2006","5","0"
"01","3","2006","6","0"
"01","3","2006","7","0"
"01","3","2006","8","0"
"01","3","2006","9","0"
"01","3","2006","10","0"
"01","3","2006","11","0"
"01","3","2006","12","0"
"01","3","2007","1","0"
"01","3","2007","2","0"
"01","3","2007","3","0"
"01","3","2007","4","0"
"01","3","2007","5","0"
"01","3","2007","6","0"
"01","3","2007","7","0"
"01","3","2007","8","0"
"01","3","2007","9","0"
"01","3","2007","10","0"
"01","3","2007","11","0"
"01","3","2007","12","0"
"00","1","1995","1","0"
"00","1","1995","2","0"
"00","1","1995","3","0"
"00","1","1995","4","0"
"00","1","1995","5","0"
"00","1","1995","6","0"
"00","1","1995","7","0"
"00","1","1995","8","0"
"00","1","1995","9","0"
"00","1","1995","10","0"
"00","1","1995","11","0"
"00","1","1995","12","0"
"00","1","1996","1","0"
"00","1","1996","2","0"
"00","1","1996","3","0"
"00","1","1996","4","0"
"00","1","1996","5","0"
"00","1","1996","6","0"
"00","1","1996","7","0"
"00","1","1996","8","0"
"00","1","1996","9","0"
"00","1","1996","10","0"
"00","1","1996","11","0"
"00","1","1996","12","0"
"00","1","1997","1","0"
"00","1","1997","2","0"
"00","1","1997","3","0"
"00","1","1997","4","0"
"00","1","1997","5","0"
"00","1","1997","6","0"
"00","1","1997","7","0"
"00","1","1997","8","0"
"00","1","1997","9","0"
"00","1","1997","10","0"
"00","1","1997","11","0"
"00","1","1997","12","0"
"00","1","1998","1","0"
"00","1","1998","2","0"
"00","1","1998","3","0"
"00","1","1998","4","0"
"00","1","1998","5","0"
"00","1","1998","6","0"
"00","1","1998","7","0"
"00","1","1998","8","0"
"00","1","1998","9","0"
"00","1","1998","10","0"
"00","1","1998","11","0"
"00","1","1998","12","0"
"00","1","1999","1","0"
"00","1","1999","2","0"
"00","1","1999","3","0"
"00","1","1999","4","0"
"00","1","1999","5","0"
"00","1","1999","6","0"
"00","1","1999","7","0"
"00","1","1999","8","0"
"00","1","1999","9","0"
"00","1","1999","10","0"
"00","1","1999","11","0"
"00","1","1999","12","0"
"00","1","2000","1","0"
"00","1","2000","2","0"
"00","1","2000","3","0"
"00","1","2000","4","0"
"00","1","2000","5","0"
"00","1","2000","6","0"
"00","1","2000","7","0"
"00","1","2000","8","0"
"00","1","2000","9","0"
"00","1","2000","10","0"
"00","1","2000","11","0"
"00","1","2000","12","0"
"00","2","1995","1","0"
"00","2","1995","2","0"
"00","2","1995","3","0"
"00","2","1995","4","0"
"00","2","1995","5","0"
"00","2","1995","6","0"
"00","2","1995","7","0"
"00","2","1995","8","0"
"00","2","1995","9","0"
"00","2","1995","10","0"
"00","2","1995","11","0"
"00","2","1995","12","0"
"00","2","1996","1","0"
"00","2","1996","2","0"
"00","2","1996","3","0"
"00","2","1996","4","0"
"00","2","1996","5","0"
"00","2","1996","6","0"
"00","2","1996","7","0"
"00","2","1996","8","0"
"00","2","1996","9","0"
"00","2","1996","10","0"
"00","2","1996","11","0"
"00","2","1996","12","0"
"00","2","1997","1","0"
"00","2","1997","2","0"
"00","2","1997","3","0"
"00","2","1997","4","0"
"00","2","1997","5","0"
"00","2","1997","6","0"
"00","2","1997","7","0"
"00","2","1997","8","0"
"00","2","1997","9","0"
"00","2","1997","10","0"
"00","2","1997","11","0"
"00","2","1997","12","0"
"00","2","1998","1","0"
"00","2","1998","2","0"
"00","2","1998","3","0"
"00","2","1998","4","0"
"00","2","1998","5","0"
"00","2","1998","6","0"
"00","2","1998","7","0"
"00","2","1998","8","0"
"00","2","1998","9","0"
"00","2","1998","10","0"
"00","2","1998","11","0"
"00","2","1998","12","0"
"00","2","1999","1","0"
"00","2","1999","2","0"
"00","2","1999","3","0"
"00","2","1999","4","0"
"00","2","1999","5","0"
"00","2","1999","6","0"
"00","2","1999","7","0"
"00","2","1999","8","0"
"00","2","1999","9","0"
"00","2","1999","10","0"
"00","2","1999","11","0"
"00","2","1999","12","0"
"00","2","2000","1","0"
"00","2","2000","2","0"
"00","2","2000","3","0"
"00","2","2000","4","0"
"00","2","2000","5","0"
"00","2","2000","6","0"
"00","2","2000","7","0"
"00","2","2000","8","0"
"00","2","2000","9","0"
"00","2","2000","10","0"
"00","2","2000","11","0"
"00","2","2000","12","0"
"00","3","1995","1","0"
"00","3","1995","2","0"
"00","3","1995","3","0"
"00","3","1995","4","0"
"00","3","1995","5","0"
"00","3","1995","6","0"
"00","3","1995","7","0"
"00","3","1995","8","0"
"00","3","1995","9","0"
"00","3","1995","10","0"
"00","3","1995","11","0"
"00","3","1995","12","0"
"00","3","1996","1","0"
"00","3","1996","2","0"
"00","3","1996","3","0"
"00","3","1996","4","0"
"00","3","1996","5","0"
"00","3","1996","6","0"
"00","3","1996","7","0"
"00","3","1996","8","0"
"00","3","1996","9","0"
"00","3","1996","10","0"
"00","3","1996","11","0"
"00","3","1996","12","0"
"00","3","1997","1","0"
"00","3","1997","2","0"
"00","3","1997","3","0"
"00","3","1997","4","0"
"00","3","1997","5","0"
"00","3","1997","6","0"
"00","3","1997","7","0"
"00","3","1997","8","0"
"00","3","1997","9","0"
"00","3","1997","10","0"
"00","3","1997","11","0"
"00","3","1997","12","0"
"00","3","1998","1","0"
"00","3","1998","2","0"
"00","3","1998","3","0"
"00","3","1998","4","0"
"00","3","1998","5","0"
"00","3","1998","6","0"
"00","3","1998","7","0"
"00","3","1998","8","0"
"00","3","1998","9","0"
"00","3","1998","10","0"
"00","3","1998","11","0"
"00","3","1998","12","0"
"00","3","1999","1","0"
"00","3","1999","2","0"
"00","3","1999","3","0"
"00","3","1999","4","0"
"00","3","1999","5","0"
"00","3","1999","6","0"
"00","3","1999","7","0"
"00","3","1999","8","0"
"00","3","1999","9","0"
"00","3","1999","10","0"
"00","3","1999","11","0"
"00","3","1999","12","0"
"00","3","2000","1","0"
"00","3","2000","2","0"
"00","3","2000","3","0"
"00","3","2000","4","0"
"00","3","2000","5","0"
"00","3","2000","6","0"
"00","3","2000","7","0"
"00","3","2000","8","0"
"00","3","2000","9","0"
"00","3","2000","10","0"
"00","3","2000","11","0"
"00","3","2000","12","0"
"50","1","2001","1","0"
"50","1","2001","2","0"
"50","1","2001","3","0"
"50","1","2001","4","0"
"50","1","2001","5","0"
"50","1","2001","6","0"
"50","1","2001","7","0"
"50","1","2001","8","0"
"50","1","2001","9","0"
"50","1","2001","10","0"
"50","1","2001","11","0"
"50","1","2001","12","0"
"50","1","2003","2","0"
"50","1","2003","3","0"
"50","1","2003","4","0"
"50","1","2003","5","0"
"50","1","2003","6","0"
"50","1","2003","7","0"
"50","1","2003","8","0"
"50","1","2003","9","0"
"50","1","2003","10","0"
"50","1","2003","11","0"
"50","1","2003","12","0"
"50","1","2004","1","0"
"50","1","2004","2","0"
"50","1","2004","3","0"
"50","1","2004","4","0"
"50","1","2004","5","0"
"50","1","2004","6","0"
"50","1","2004","7","0"
"50","1","2004","8","0"
"50","1","2004","9","0"
"50","1","2004","10","0"
"50","1","2004","11","0"
"50","1","2004","12","0"
"50","1","2005","1","0"
"50","1","2005","2","0"
"50","1","2005","3","0"
"50","1","2005","4","0"
"50","1","2005","5","0"
"50","1","2005","6","0"
"50","1","2005","7","0"
"50","1","2005","8","0"
"50","1","2005","9","0"
"50","1","2005","10","0"
"50","1","2005","11","0"
"50","1","2005","12","0"
"50","1","2006","1","0"
"50","1","2006","2","0"
"50","1","2006","3","0"
"50","1","2006","4","0"
"50","1","2006","5","0"
"50","1","2006","6","0"
"50","1","2006","7","0"
"50","1","2006","8","0"
"50","1","2006","9","0"
"50","1","2006","10","0"
"50","1","2006","11","0"
"50","1","2006","12","0"
"50","1","2007","1","0"
"50","1","2007","2","0"
"50","1","2007","3","0"
"50","1","2007","4","0"
"50","1","2007","5","0"
"50","1","2007","6","0"
"50","1","2007","7","0"
"50","1","2007","8","0"
"50","1","2007","9","0"
"50","1","2007","10","0"
"50","1","2007","11","0"
"50","1","2007","12","0"
"50","1","1995","1","0"
"50","1","1995","2","0"
"50","1","1995","3","0"
"50","1","1995","4","0"
"50","1","1995","5","0"
"50","1","1995","6","0"
"50","1","1995","7","0"
"50","1","1995","8","0"
"50","1","1995","9","0"
"50","1","1995","10","0"
"50","1","1995","11","0"
"50","1","1995","12","0"
"50","1","1996","1","0"
"50","1","1996","2","0"
"50","1","1996","3","0"
"50","1","1996","4","0"
"50","1","1996","5","0"
"50","1","1996","6","0"
"50","1","1996","7","0"
"50","1","1996","8","0"
"50","1","1996","9","0"
"50","1","1996","10","0"
"50","1","1996","11","0"
"50","1","1996","12","0"
"50","1","1999","3","0"
"50","1","1999","4","0"
"50","1","1999","5","0"
"50","1","1999","6","0"
"50","1","1999","7","0"
"50","1","1999","8","0"
"50","1","1999","9","0"
"50","1","1999","10","0"
"50","1","1999","11","0"
"50","1","1999","12","0"
"50","1","2000","1","0"
"50","1","2000","2","0"
"50","1","2000","3","0"
"50","1","2000","4","0"
"50","1","2000","5","0"
"50","1","2000","6","0"
"50","1","2000","7","0"
"50","1","2000","8","0"
"50","1","2000","9","0"
"50","1","2000","10","0"
"50","1","2000","11","0"
"50","1","2000","12","0"
"60","1","2001","1","0"
"60","1","2001","2","0"
"60","1","2001","3","0"
"60","1","2001","4","0"
"60","1","2001","5","0"
"60","1","2001","6","0"
"60","1","2001","7","0"
"60","1","2001","8","0"
"60","1","2001","9","0"
"60","1","2001","10","0"
"60","1","2001","11","0"
"60","1","2001","12","0"
"60","1","2002","1","0"
"60","1","2002","2","0"
"60","1","2002","3","0"
"60","1","2002","4","0"
"60","1","2002","5","0"
"60","1","2002","6","0"
"60","1","2002","7","0"
"60","1","2002","8","0"
"60","1","2002","9","0"
"60","1","2002","10","0"
"60","1","2002","11","0"
"60","1","2002","12","0"
"60","1","2003","1","0"
"60","1","2003","2","0"
"60","1","2003","3","0"
"60","1","2003","4","0"
"60","1","2003","5","0"
"60","1","2003","6","0"
"60","1","2003","7","0"
"60","1","2003","8","0"
"60","1","2003","9","0"
"60","1","2003","10","0"
"60","1","2003","11","0"
"60","1","2003","12","0"
"60","1","2004","1","0"
"60","1","2004","2","0"
"60","1","2004","3","0"
"60","1","2004","4","0"
"60","1","2004","5","0"
"60","1","2004","6","0"
"60","1","2004","7","0"
"60","1","2004","8","0"
"60","1","2004","9","0"
"60","1","2004","10","0"
"60","1","2004","11","0"
"60","1","2004","12","0"
"60","1","2005","1","0"
"60","1","2005","2","0"
"60","1","2005","3","0"
"60","1","2005","4","0"
"60","1","2005","5","0"
"60","1","2005","6","0"
"60","1","2005","7","0"
"60","1","2005","8","0"
"60","1","2005","9","0"
"60","1","2005","10","0"
"60","1","2005","11","0"
"60","1","2005","12","0"
"60","1","2006","1","0"
"60","1","2006","2","0"
"60","1","2006","3","0"
"60","1","2006","4","0"
"60","1","2006","5","0"
"60","1","2006","6","0"
"60","1","2006","7","0"
"60","1","2006","8","0"
"60","1","2006","9","0"
"60","1","2006","10","0"
"60","1","2006","11","0"
"60","1","2006","12","0"
"60","1","2007","1","0"
"60","1","2007","2","0"
"60","1","2007","3","0"
"60","1","2007","4","0"
"60","1","2007","5","0"
"60","1","2007","6","0"
"60","1","2007","7","0"
"60","1","2007","8","0"
"60","1","2007","9","0"
"60","1","2007","10","0"
"60","1","2007","11","0"
"60","1","2007","12","0"
"60","1","1995","1","0"
"60","1","1995","2","0"
"60","1","1995","3","0"
"60","1","1995","4","0"
"60","1","1995","5","0"
"60","1","1995","6","0"
"60","1","1995","7","0"
"60","1","1995","8","0"
"60","1","1995","9","0"
"60","1","1995","10","0"
"60","1","1995","11","0"
"60","1","1995","12","0"
"60","1","1996","1","0"
"60","1","1996","2","0"
"60","1","1996","3","0"
"60","1","1996","4","0"
"60","1","1996","5","0"
"60","1","1996","6","0"
"60","1","1996","7","0"
"60","1","1996","8","0"
"60","1","1996","9","0"
"60","1","1996","10","0"
"60","1","1996","11","0"
"60","1","1996","12","0"
"60","1","1999","3","0"
"60","1","1999","4","0"
"60","1","1999","5","0"
"60","1","1999","6","0"
"60","1","1999","7","0"
"60","1","1999","8","0"
"60","1","1999","9","0"
"60","1","1999","10","0"
"60","1","1999","11","0"
"60","1","1999","12","0"
"60","1","2000","1","0"
"60","1","2000","2","0"
"60","1","2000","3","0"
"60","1","2000","4","0"
"60","1","2000","5","0"
"60","1","2000","6","0"
"60","1","2000","7","0"
"60","1","2000","8","0"
"60","1","2000","9","0"
"60","1","2000","10","0"
"60","1","2000","11","0"
"60","1","2000","12","0"
"30","1","2001","1","0"
"30","1","2001","2","0"
"30","1","2001","3","0"
"30","1","2001","4","0"
"30","1","2001","5","0"
"30","1","2001","6","0"
"30","1","2001","7","0"
"30","1","2001","8","0"
"30","1","2001","9","0"
"30","1","2001","10","0"
"30","1","2001","11","0"
"30","1","2001","12","0"
"30","1","2002","1","0"
"30","1","2002","2","0"
"30","1","2002","3","0"
"30","1","2002","4","0"
"30","1","2002","5","0"
"30","1","2002","6","0"
"30","1","2002","7","0"
"30","1","2002","8","0"
"30","1","2002","9","0"
"30","1","2002","10","0"
"30","1","2002","11","0"
"30","1","2002","12","0"
"30","1","2003","1","0"
"30","1","2003","2","0"
"30","1","2003","3","0"
"30","1","2003","4","0"
"30","1","2003","5","0"
"30","1","2003","6","0"
"30","1","2003","7","0"
"30","1","2003","8","0"
"30","1","2003","9","0"
"30","1","2003","10","0"
"30","1","2003","11","0"
"30","1","2003","12","0"
"30","1","2004","1","0"
"30","1","2004","2","0"
"30","1","2004","3","0"
"30","1","2004","4","0"
"30","1","2004","5","0"
"30","1","2004","6","0"
"30","1","2004","7","0"
"30","1","2004","8","0"
"30","1","2004","9","0"
"30","1","2004","10","0"
"30","1","2004","11","0"
"30","1","2004","12","0"
"30","1","2005","1","0"
"30","1","2005","2","0"
"30","1","2005","3","0"
"30","1","2005","4","0"
"30","1","2005","5","0"
"30","1","2005","6","0"
"30","1","2005","7","0"
"30","1","2005","8","0"
"30","1","2005","9","0"
"30","1","2005","10","0"
"30","1","2005","11","0"
"30","1","2005","12","0"
"30","1","2006","1","0"
"30","1","2006","2","0"
"30","1","2006","3","0"
"30","1","2006","4","0"
"30","1","2006","5","0"
"30","1","2006","6","0"
"30","1","2006","7","0"
"30","1","2006","8","0"
"30","1","2006","9","0"
"30","1","2006","10","0"
"30","1","2006","11","0"
"30","1","2006","12","0"
"30","1","2007","1","0"
"30","1","2007","2","0"
"30","1","2007","3","0"
"30","1","2007","4","0"
"30","1","2007","5","0"
"30","1","2007","6","0"
"30","1","2007","7","0"
"30","1","2007","8","0"
"30","1","2007","9","0"
"30","1","2007","10","0"
"30","1","2007","11","0"
"30","1","2007","12","0"
"30","1","1995","1","0"
"30","1","1995","2","0"
"30","1","1995","3","0"
"30","1","1995","4","0"
"30","1","1995","5","0"
"30","1","1995","6","0"
"30","1","1995","7","0"
"30","1","1995","8","0"
"30","1","1995","9","0"
"30","1","1995","10","0"
"30","1","1995","11","0"
"30","1","1995","12","0"
"30","1","1996","1","0"
"30","1","1996","2","0"
"30","1","1996","3","0"
"30","1","1996","4","0"
"30","1","1996","5","0"
"30","1","1996","6","0"
"30","1","1996","7","0"
"30","1","1996","8","0"
"30","1","1996","9","0"
"30","1","1996","10","0"
"30","1","1996","11","0"
"30","1","1996","12","0"
"30","1","1997","1","0"
"30","1","1997","2","0"
"30","1","1997","3","0"
"30","1","1997","4","0"
"30","1","1997","5","0"
"30","1","1997","6","0"
"30","1","1997","7","0"
"30","1","1997","8","0"
"30","1","1997","9","0"
"30","1","1997","10","0"
"30","1","1997","11","0"
"30","1","1998","1","0"
"30","1","1998","2","0"
"30","1","1998","3","0"
"30","1","1998","4","0"
"30","1","1998","5","0"
"30","1","1998","6","0"
"30","1","1998","7","0"
"30","1","1998","8","0"
"30","1","1998","9","0"
"30","1","1998","10","0"
"30","1","1998","11","0"
"30","1","1998","12","0"
"30","1","1999","1","0"
"30","1","1999","2","0"
"30","1","1999","3","0"
"30","1","1999","4","0"
"30","1","1999","5","0"
"30","1","1999","6","0"
"30","1","1999","7","0"
"30","1","1999","8","0"
"30","1","1999","9","0"
"30","1","1999","10","0"
"30","1","1999","11","0"
"30","1","1999","12","0"
"30","1","2000","1","0"
"30","1","2000","2","0"
"30","1","2000","3","0"
"30","1","2000","4","0"
"30","1","2000","5","0"
"30","1","2000","6","0"
"30","1","2000","7","0"
"30","1","2000","8","0"
"30","1","2000","9","0"
"30","1","2000","10","0"
"30","1","2000","11","0"
"30","1","2000","12","0"
"31","1","2001","1","0"
"31","1","2001","2","0"
"31","1","2001","3","0"
"31","1","2001","4","0"
"31","1","2001","5","0"
"31","1","2001","6","0"
"31","1","2001","7","0"
"31","1","2001","8","0"
"31","1","2001","9","0"
"31","1","2001","10","0"
"31","1","2001","11","0"
"31","1","2001","12","0"
"31","1","2002","1","0"
"31","1","2002","2","0"
"31","1","2002","3","0"
"31","1","2002","4","0"
"31","1","2002","5","0"
"31","1","2002","6","0"
"31","1","2002","7","0"
"31","1","2002","8","0"
"31","1","2002","9","0"
"31","1","2002","10","0"
"31","1","2002","11","0"
"31","1","2002","12","0"
"31","1","2003","1","0"
"31","1","2003","2","0"
"31","1","2003","3","0"
"31","1","2003","4","0"
"31","1","2003","5","0"
"31","1","2003","6","0"
"31","1","2003","7","0"
"31","1","2003","8","0"
"31","1","2003","9","0"
"31","1","2003","10","0"
"31","1","2003","11","0"
"31","1","2003","12","0"
"31","1","2004","1","0"
"31","1","2004","2","0"
"31","1","2004","3","0"
"31","1","2004","4","0"
"31","1","2004","5","0"
"31","1","2004","6","0"
"31","1","2004","7","0"
"31","1","2004","8","0"
"31","1","2004","9","0"
"31","1","2004","10","0"
"31","1","2004","11","0"
"31","1","2004","12","0"
"31","1","2005","1","0"
"31","1","2005","2","0"
"31","1","2005","3","0"
"31","1","2005","4","0"
"31","1","2005","5","0"
"31","1","2005","6","0"
"31","1","2005","7","0"
"31","1","2005","8","0"
"31","1","2005","9","0"
"31","1","2005","10","0"
"31","1","2005","11","0"
"31","1","2005","12","0"
"31","1","2006","1","0"
"31","1","2006","2","0"
"31","1","2006","3","0"
"31","1","2006","4","0"
"31","1","2006","5","0"
"31","1","2006","6","0"
"31","1","2006","7","0"
"31","1","2006","8","0"
"31","1","2006","9","0"
"31","1","2006","10","0"
"31","1","2006","11","0"
"31","1","2006","12","0"
"31","1","2007","1","0"
"31","1","2007","2","0"
"31","1","2007","3","0"
"31","1","2007","4","0"
"31","1","2007","5","0"
"31","1","2007","6","0"
"31","1","2007","7","0"
"31","1","2007","8","0"
"31","1","2007","9","0"
"31","1","2007","10","0"
"31","1","2007","11","0"
"31","1","2007","12","0"
"31","1","1995","1","0"
"31","1","1995","2","0"
"31","1","1995","3","0"
"31","1","1995","4","0"
"31","1","1995","5","0"
"31","1","1995","6","0"
"31","1","1995","7","0"
"31","1","1995","8","0"
"31","1","1995","9","0"
"31","1","1995","10","0"
"31","1","1995","11","0"
"31","1","1995","12","0"
"31","1","1996","1","0"
"31","1","1996","2","0"
"31","1","1996","3","0"
"31","1","1996","4","0"
"31","1","1996","5","0"
"31","1","1996","6","0"
"31","1","1996","7","0"
"31","1","1996","8","0"
"31","1","1996","9","0"
"31","1","1996","10","0"
"31","1","1996","11","0"
"31","1","1996","12","0"
"31","1","1997","1","0"
"31","1","1997","2","0"
"31","1","1997","3","0"
"31","1","1997","4","0"
"31","1","1997","5","0"
"31","1","1997","6","0"
"31","1","1997","7","0"
"31","1","1997","8","0"
"31","1","1997","9","0"
"31","1","1997","10","0"
"31","1","1997","11","0"
"31","1","1998","1","0"
"31","1","1998","2","0"
"31","1","1998","3","0"
"31","1","1998","4","0"
"31","1","1998","5","0"
"31","1","1998","6","0"
"31","1","1998","7","0"
"31","1","1998","8","0"
"31","1","1998","9","0"
"31","1","1998","10","0"
"31","1","1998","11","0"
"31","1","1998","12","0"
"31","1","1999","1","0"
"31","1","1999","2","0"
"31","1","1999","3","0"
"31","1","1999","4","0"
"31","1","1999","5","0"
"31","1","1999","6","0"
"31","1","1999","7","0"
"31","1","1999","8","0"
"31","1","1999","9","0"
"31","1","1999","10","0"
"31","1","1999","11","0"
"31","1","1999","12","0"
"31","1","2000","1","0"
"31","1","2000","2","0"
"31","1","2000","3","0"
"31","1","2000","4","0"
"31","1","2000","5","0"
"31","1","2000","6","0"
"31","1","2000","7","0"
"31","1","2000","8","0"
"31","1","2000","9","0"
"31","1","2000","10","0"
"31","1","2000","11","0"
"31","1","2000","12","0"
"32","1","2001","1","0"
"32","1","2001","2","0"
"32","1","2001","3","0"
"32","1","2001","4","0"
"32","1","2001","5","0"
"32","1","2001","6","0"
"32","1","2001","7","0"
"32","1","2001","8","0"
"32","1","2001","9","0"
"32","1","2001","10","0"
"32","1","2001","11","0"
"32","1","2001","12","0"
"32","1","2002","1","0"
"32","1","2002","2","0"
"32","1","2002","3","0"
"32","1","2002","4","0"
"32","1","2002","5","0"
"32","1","2002","6","0"
"32","1","2002","7","0"
"32","1","2002","8","0"
"32","1","2002","9","0"
"32","1","2002","10","0"
"32","1","2002","11","0"
"32","1","2002","12","0"
"32","1","2003","1","0"
"32","1","2003","2","0"
"32","1","2003","3","0"
"32","1","2003","4","0"
"32","1","2003","5","0"
"32","1","2003","6","0"
"32","1","2003","7","0"
"32","1","2003","8","0"
"32","1","2003","9","0"
"32","1","2003","10","0"
"32","1","2003","11","0"
"32","1","2003","12","0"
"32","1","2004","1","0"
"32","1","2004","2","0"
"32","1","2004","3","0"
"32","1","2004","4","0"
"32","1","2004","5","0"
"32","1","2004","6","0"
"32","1","2004","7","0"
"32","1","2004","8","0"
"32","1","2004","9","0"
"32","1","2004","10","0"
"32","1","2004","11","0"
"32","1","2004","12","0"
"32","1","2005","1","0"
"32","1","2005","2","0"
"32","1","2005","3","0"
"32","1","2005","4","0"
"32","1","2005","5","0"
"32","1","2005","6","0"
"32","1","2005","7","0"
"32","1","2005","8","0"
"32","1","2005","9","0"
"32","1","2005","10","0"
"32","1","2005","11","0"
"32","1","2005","12","0"
"32","1","2006","1","0"
"32","1","2006","2","0"
"32","1","2006","3","0"
"32","1","2006","4","0"
"32","1","2006","5","0"
"32","1","2006","6","0"
"32","1","2006","7","0"
"32","1","2006","8","0"
"32","1","2006","9","0"
"32","1","2006","10","0"
"32","1","2006","11","0"
"32","1","2006","12","0"
"32","1","2007","1","0"
"32","1","2007","2","0"
"32","1","2007","3","0"
"32","1","2007","4","0"
"32","1","2007","5","0"
"32","1","2007","6","0"
"32","1","2007","7","0"
"32","1","2007","8","0"
"32","1","2007","9","0"
"32","1","2007","10","0"
"32","1","2007","11","0"
"32","1","2007","12","0"
"32","1","1995","1","0"
"32","1","1995","2","0"
"32","1","1995","3","0"
"32","1","1995","4","0"
"32","1","1995","5","0"
"32","1","1995","6","0"
"32","1","1995","7","0"
"32","1","1995","8","0"
"32","1","1995","9","0"
"32","1","1995","10","0"
"32","1","1995","11","0"
"32","1","1995","12","0"
"32","1","1996","1","0"
"32","1","1996","2","0"
"32","1","1996","3","0"
"32","1","1996","4","0"
"32","1","1996","5","0"
"32","1","1996","6","0"
"32","1","1996","7","0"
"32","1","1996","8","0"
"32","1","1996","9","0"
"32","1","1996","10","0"
"32","1","1996","11","0"
"32","1","1996","12","0"
"32","1","1997","1","0"
"32","1","1997","2","0"
"32","1","1997","3","0"
"32","1","1997","4","0"
"32","1","1997","5","0"
"32","1","1997","6","0"
"32","1","1997","7","0"
"32","1","1997","8","0"
"32","1","1997","9","0"
"32","1","1997","10","0"
"32","1","1997","11","0"
"32","1","1998","1","0"
"32","1","1998","2","0"
"32","1","1998","3","0"
"32","1","1998","4","0"
"32","1","1998","5","0"
"32","1","1998","6","0"
"32","1","1998","7","0"
"32","1","1998","8","0"
"32","1","1998","9","0"
"32","1","1998","10","0"
"32","1","1998","11","0"
"32","1","1998","12","0"
"32","1","1999","1","0"
"32","1","1999","2","0"
"32","1","1999","3","0"
"32","1","1999","4","0"
"32","1","1999","5","0"
"32","1","1999","6","0"
"32","1","1999","7","0"
"32","1","1999","8","0"
"32","1","1999","9","0"
"32","1","1999","10","0"
"32","1","1999","11","0"
"32","1","1999","12","0"
"32","1","2000","1","0"
"32","1","2000","2","0"
"32","1","2000","3","0"
"32","1","2000","4","0"
"32","1","2000","5","0"
"32","1","2000","6","0"
"32","1","2000","7","0"
"32","1","2000","8","0"
"32","1","2000","9","0"
"32","1","2000","10","0"
"32","1","2000","11","0"
"32","1","2000","12","0"
"34","1","2001","1","0"
"34","1","2001","2","0"
"34","1","2001","3","0"
"34","1","2001","4","0"
"34","1","2001","5","0"
"34","1","2001","6","0"
"34","1","2001","7","0"
"34","1","2001","8","0"
"34","1","2001","9","0"
"34","1","2001","10","0"
"34","1","2001","11","0"
"34","1","2001","12","0"
"34","1","2002","1","0"
"34","1","2002","2","0"
"34","1","2002","3","0"
"34","1","2002","4","0"
"34","1","2002","5","0"
"34","1","2002","6","0"
"34","1","2002","7","0"
"34","1","2002","8","0"
"34","1","2002","9","0"
"34","1","2002","10","0"
"34","1","2002","11","0"
"34","1","2002","12","0"
"34","1","2003","1","0"
"34","1","2003","2","0"
"34","1","2003","3","0"
"34","1","2003","4","0"
"34","1","2003","5","0"
"34","1","2003","6","0"
"34","1","2003","7","0"
"34","1","2003","8","0"
"34","1","2003","9","0"
"34","1","2003","10","0"
"34","1","2003","11","0"
"34","1","2003","12","0"
"34","1","2004","1","0"
"34","1","2004","2","0"
"34","1","2004","3","0"
"34","1","2004","4","0"
"34","1","2004","5","0"
"34","1","2004","6","0"
"34","1","2004","7","0"
"34","1","2004","8","0"
"34","1","2004","9","0"
"34","1","2004","10","0"
"34","1","2004","11","0"
"34","1","2004","12","0"
"34","1","2005","1","0"
"34","1","2005","2","0"
"34","1","2005","3","0"
"34","1","2005","4","0"
"34","1","2005","5","0"
"34","1","2005","6","0"
"34","1","2005","7","0"
"34","1","2005","8","0"
"34","1","2005","9","0"
"34","1","2005","10","0"
"34","1","2005","11","0"
"34","1","2005","12","0"
"34","1","2006","1","0"
"34","1","2006","2","0"
"34","1","2006","3","0"
"34","1","2006","4","0"
"34","1","2006","5","0"
"34","1","2006","6","0"
"34","1","2006","7","0"
"34","1","2006","8","0"
"34","1","2006","9","0"
"34","1","2006","10","0"
"34","1","2006","11","0"
"34","1","2006","12","0"
"34","1","2007","1","0"
"34","1","2007","2","0"
"34","1","2007","3","0"
"34","1","2007","4","0"
"34","1","2007","5","0"
"34","1","2007","6","0"
"34","1","2007","7","0"
"34","1","2007","8","0"
"34","1","2007","9","0"
"34","1","2007","10","0"
"34","1","2007","11","0"
"34","1","2007","12","0"
"34","1","1995","1","0"
"34","1","1995","2","0"
"34","1","1995","3","0"
"34","1","1995","4","0"
"34","1","1995","5","0"
"34","1","1995","6","0"
"34","1","1995","7","0"
"34","1","1995","8","0"
"34","1","1995","9","0"
"34","1","1995","10","0"
"34","1","1995","11","0"
"34","1","1995","12","0"
"34","1","1996","1","0"
"34","1","1996","2","0"
"34","1","1996","3","0"
"34","1","1996","4","0"
"34","1","1996","5","0"
"34","1","1996","6","0"
"34","1","1996","7","0"
"34","1","1996","8","0"
"34","1","1996","9","0"
"34","1","1996","10","0"
"34","1","1996","11","0"
"34","1","1996","12","0"
"34","1","1997","1","0"
"34","1","1997","2","0"
"34","1","1997","3","0"
"34","1","1997","4","0"
"34","1","1997","5","0"
"34","1","1997","6","0"
"34","1","1997","7","0"
"34","1","1997","8","0"
"34","1","1997","9","0"
"34","1","1997","10","0"
"34","1","1997","11","0"
"34","1","1998","1","0"
"34","1","1998","2","0"
"34","1","1998","3","0"
"34","1","1998","4","0"
"34","1","1998","5","0"
"34","1","1998","6","0"
"34","1","1998","7","0"
"34","1","1998","8","0"
"34","1","1998","9","0"
"34","1","1998","10","0"
"34","1","1998","11","0"
"34","1","1998","12","0"
"34","1","1999","1","0"
"34","1","1999","2","0"
"34","1","1999","3","0"
"34","1","1999","4","0"
"34","1","1999","5","0"
"34","1","1999","6","0"
"34","1","1999","7","0"
"34","1","1999","8","0"
"34","1","1999","9","0"
"34","1","1999","10","0"
"34","1","1999","11","0"
"34","1","1999","12","0"
"34","1","2000","1","0"
"34","1","2000","2","0"
"34","1","2000","3","0"
"34","1","2000","4","0"
"34","1","2000","5","0"
"34","1","2000","6","0"
"34","1","2000","7","0"
"34","1","2000","8","0"
"34","1","2000","9","0"
"34","1","2000","10","0"
"34","1","2000","11","0"
"34","1","2000","12","0"
"02","3","2001","1","0"
"02","3","2001","2","0"
"02","3","2001","3","0"
"02","3","2001","4","0"
"02","3","2001","5","0"
"02","3","2001","6","0"
"02","3","2001","7","0"
"02","3","2001","8","0"
"02","3","2001","9","0"
"02","3","2001","10","0"
"02","3","2001","11","0"
"02","3","2001","12","0"
"02","3","2002","1","0"
"02","3","2002","2","0"
"02","3","2002","3","0"
"02","3","2002","4","0"
"02","3","2002","5","0"
"02","3","2002","6","0"
"02","3","2002","7","0"
"02","3","2002","8","0"
"02","3","2002","9","0"
"02","3","2002","10","0"
"02","3","2002","11","0"
"02","3","2002","12","0"
"02","3","2003","1","0"
"02","3","2003","2","0"
"02","3","2003","3","0"
"02","3","2003","4","0"
"02","3","2003","5","0"
"02","3","2003","6","0"
"02","3","2003","7","0"
"02","3","2003","8","0"
"02","3","2003","9","0"
"02","3","2003","10","0"
"02","3","2003","11","0"
"02","3","2003","12","0"
"02","3","2004","1","0"
"02","3","2004","2","0"
"02","3","2004","3","0"
"02","3","2004","4","0"
"02","3","2004","5","0"
"02","3","2004","6","0"
"02","3","2004","7","0"
"02","3","2004","8","0"
"02","3","2004","9","0"
"02","3","2004","10","0"
"02","3","2004","11","0"
"02","3","2004","12","0"
"02","3","2005","1","0"
"02","3","2005","2","0"
"02","3","2005","3","0"
"02","3","2005","4","0"
"02","3","2005","5","0"
"02","3","2005","6","0"
"02","3","2005","7","0"
"02","3","2005","8","0"
"02","3","2005","9","0"
"02","3","2005","10","0"
"02","3","2005","11","0"
"02","3","2005","12","0"
"02","3","2006","1","0"
"02","3","2006","2","0"
"02","3","2006","3","0"
"02","3","2006","4","0"
"02","3","2006","5","0"
"02","3","2006","6","0"
"02","3","2006","7","0"
"02","3","2006","8","0"
"02","3","2006","9","0"
"02","3","2006","10","0"
"02","3","2006","11","0"
"02","3","2006","12","0"
"02","3","2007","1","0"
"02","3","2007","2","0"
"02","3","2007","3","0"
"02","3","2007","4","0"
"02","3","2007","5","0"
"02","3","2007","6","0"
"02","3","2007","7","0"
"02","3","2007","8","0"
"02","3","2007","9","0"
"02","3","2007","10","0"
"02","3","2007","11","0"
"02","3","2007","12","0"
"02","3","1995","1","0"
"02","3","1995","2","0"
"02","3","1995","3","0"
"02","3","1995","4","0"
"02","3","1995","5","0"
"02","3","1995","6","0"
"02","3","1995","7","0"
"02","3","1995","8","0"
"02","3","1995","9","0"
"02","3","1995","10","0"
"02","3","1995","11","0"
"02","3","1995","12","0"
"02","3","1996","1","0"
"02","3","1996","2","0"
"02","3","1996","3","0"
"02","3","1996","4","0"
"02","3","1996","5","0"
"02","3","1996","6","0"
"02","3","1996","7","0"
"02","3","1996","8","0"
"02","3","1996","9","0"
"02","3","1996","10","0"
"02","3","1996","11","0"
"02","3","1996","12","0"
"02","3","1997","1","0"
"02","3","1997","2","0"
"02","3","1997","3","0"
"02","3","1997","4","0"
"02","3","1997","5","0"
"02","3","1997","6","0"
"02","3","1997","7","0"
"02","3","1997","8","0"
"02","3","1997","9","0"
"02","3","1997","10","0"
"02","3","1997","11","0"
"02","3","1997","12","0"
"02","3","1998","1","0"
"02","3","1998","2","0"
"02","3","1998","3","0"
"02","3","1998","4","0"
"02","3","1998","5","0"
"02","3","1998","6","0"
"02","3","1998","7","0"
"02","3","1998","8","0"
"02","3","1998","9","0"
"02","3","1998","10","0"
"02","3","1998","11","0"
"02","3","1998","12","0"
"02","3","1999","1","0"
"02","3","1999","2","0"
"02","3","1999","3","0"
"02","3","1999","4","0"
"02","3","1999","5","0"
"02","3","1999","6","0"
"02","3","1999","7","0"
"02","3","1999","8","0"
"02","3","1999","9","0"
"02","3","1999","10","0"
"02","3","1999","11","0"
"02","3","1999","12","0"
"02","3","2000","1","0"
"02","3","2000","2","0"
"02","3","2000","3","0"
"02","3","2000","4","0"
"02","3","2000","5","0"
"02","3","2000","6","0"
"02","3","2000","7","0"
"02","3","2000","8","0"
"02","3","2000","9","0"
"02","3","2000","10","0"
"02","3","2000","11","0"
"02","3","2000","12","0"
"04","2","2001","1","0"
"04","2","2001","2","0"
"04","2","2001","3","0"
"04","2","2001","4","0"
"04","2","2001","5","0"
"04","2","2001","6","0"
"04","2","2001","7","0"
"04","2","2001","8","0"
"04","2","2001","9","0"
"04","2","2001","10","0"
"04","2","2001","11","0"
"04","2","2001","12","0"
"04","2","2002","1","0"
"04","2","2002","2","0"
"04","2","2002","3","0"
"04","2","2002","4","0"
"04","2","2002","5","0"
"04","2","2002","6","0"
"04","2","2002","7","0"
"04","2","2002","8","0"
"04","2","2002","9","0"
"04","2","2002","10","0"
"04","2","2002","11","0"
"04","2","2002","12","0"
"04","2","2003","2","0"
"04","2","2003","3","0"
"04","2","2003","4","0"
"04","2","2003","5","0"
"04","2","2003","6","0"
"04","2","2003","7","0"
"04","2","2003","8","0"
"04","2","2003","9","0"
"04","2","2003","10","0"
"04","2","2003","11","0"
"04","2","2003","12","0"
"04","2","2004","1","0"
"04","2","2004","2","0"
"04","2","2004","3","0"
"04","2","2004","4","0"
"04","2","2004","5","0"
"04","2","2004","6","0"
"04","2","2004","7","0"
"04","2","2004","8","0"
"04","2","2004","9","0"
"04","2","2004","10","0"
"04","2","2004","11","0"
"04","2","2004","12","0"
"04","2","2005","1","0"
"04","2","2005","2","0"
"04","2","2005","3","0"
"04","2","2005","4","0"
"04","2","2005","5","0"
"04","2","2005","6","0"
"04","2","2005","7","0"
"04","2","2005","8","0"
"04","2","2005","9","0"
"04","2","2005","10","0"
"04","2","2005","11","0"
"04","2","2005","12","0"
"04","2","2006","1","0"
"04","2","2006","2","0"
"04","2","2006","3","0"
"04","2","2006","4","0"
"04","2","2006","5","0"
"04","2","2006","6","0"
"04","2","2006","7","0"
"04","2","2006","8","0"
"04","2","2006","9","0"
"04","2","2006","10","0"
"04","2","2006","11","0"
"04","2","2006","12","0"
"04","2","2007","1","0"
"04","2","2007","2","0"
"04","2","2007","3","0"
"04","2","2007","4","0"
"04","2","2007","5","0"
"04","2","2007","6","0"
"04","2","2007","7","0"
"04","2","2007","8","0"
"04","2","2007","9","0"
"04","2","2007","10","0"
"04","2","2007","11","0"
"04","2","2007","12","0"
"04","2","1995","1","0"
"04","2","1995","2","0"
"04","2","1995","3","0"
"04","2","1995","4","0"
"04","2","1995","5","0"
"04","2","1995","6","0"
"04","2","1995","7","0"
"04","2","1995","8","0"
"04","2","1995","9","0"
"04","2","1995","10","0"
"04","2","1995","11","0"
"04","2","1995","12","0"
"04","2","1996","1","0"
"04","2","1996","2","0"
"04","2","1996","3","0"
"04","2","1996","4","0"
"04","2","1996","5","0"
"04","2","1996","6","0"
"04","2","1996","7","0"
"04","2","1996","8","0"
"04","2","1996","9","0"
"04","2","1996","10","0"
"04","2","1996","11","0"
"04","2","1996","12","0"
"04","2","1997","1","0"
"04","2","1997","2","0"
"04","2","1997","3","0"
"04","2","1997","4","0"
"04","2","1997","5","0"
"04","2","1997","6","0"
"04","2","1997","7","0"
"04","2","1997","8","0"
"04","2","1997","9","0"
"04","2","1997","10","0"
"04","2","1997","11","0"
"04","2","1997","12","0"
"04","2","1998","1","0"
"04","2","1998","2","0"
"04","2","1998","3","0"
"04","2","1998","4","0"
"04","2","1998","5","0"
"04","2","1998","6","0"
"04","2","1998","7","0"
"04","2","1998","8","0"
"04","2","1998","9","0"
"04","2","1998","10","0"
"04","2","1998","11","0"
"04","2","1998","12","0"
"04","2","1999","1","0"
"04","2","1999","2","0"
"04","2","1999","3","0"
"04","2","1999","4","0"
"04","2","1999","5","0"
"04","2","1999","6","0"
"04","2","1999","7","0"
"04","2","1999","8","0"
"04","2","1999","9","0"
"04","2","1999","10","0"
"04","2","1999","11","0"
"04","2","1999","12","0"
"04","2","2000","1","0"
"04","2","2000","2","0"
"04","2","2000","3","0"
"04","2","2000","4","0"
"04","2","2000","5","0"
"04","2","2000","6","0"
"04","2","2000","7","0"
"04","2","2000","8","0"
"04","2","2000","9","0"
"04","2","2000","10","0"
"04","2","2000","11","0"
"04","2","2000","12","0"
"01","1","1990","1","0"
"02","1","1990","1","0"
"03","1","1990","1","0"
"04","1","1990","1","0"
"05","1","1990","1","0"
"06","1","1990","1","0"
"07","1","1990","1","0"
"08","1","1990","1","0"
"09","1","1990","1","0"
"10","1","1990","1","0"
"11","1","1990","1","0"
"12","1","1990","1","0"
"13","1","1990","1","0"
"14","1","1990","1","0"
"15","1","1990","1","0"
"16","1","1990","1","0"
"17","1","1990","1","0"
"18","1","1990","1","0"
"19","1","1990","1","0"
"20","1","1990","1","0"
"21","1","1990","1","0"
"22","1","1990","1","0"
"23","1","1990","1","0"
"24","1","1990","1","0"
"25","1","1990","1","0"
"01","2","1990","1","0"
"02","2","1990","1","0"
"03","2","1990","1","0"
"01","3","1990","1","0"
"01","1","1990","2","0"
"02","1","1990","2","0"
"03","1","1990","2","0"
"04","1","1990","2","0"
"05","1","1990","2","0"
"06","1","1990","2","0"
"07","1","1990","2","0"
"08","1","1990","2","0"
"09","1","1990","2","0"
"10","1","1990","2","0"
"11","1","1990","2","0"
"12","1","1990","2","0"
"13","1","1990","2","0"
"14","1","1990","2","0"
"15","1","1990","2","0"
"16","1","1990","2","0"
"17","1","1990","2","0"
"18","1","1990","2","0"
"19","1","1990","2","0"
"20","1","1990","2","0"
"21","1","1990","2","0"
"22","1","1990","2","0"
"23","1","1990","2","0"
"24","1","1990","2","0"
"25","1","1990","2","0"
"01","2","1990","2","0"
"02","2","1990","2","0"
"03","2","1990","2","0"
"01","3","1990","2","0"
"01","1","1990","3","0"
"02","1","1990","3","0"
"03","1","1990","3","0"
"04","1","1990","3","0"
"05","1","1990","3","0"
"06","1","1990","3","0"
"07","1","1990","3","0"
"08","1","1990","3","0"
"09","1","1990","3","0"
"10","1","1990","3","0"
"11","1","1990","3","0"
"12","1","1990","3","0"
"13","1","1990","3","0"
"14","1","1990","3","0"
"15","1","1990","3","0"
"16","1","1990","3","0"
"17","1","1990","3","0"
"18","1","1990","3","0"
"19","1","1990","3","0"
"20","1","1990","3","0"
"21","1","1990","3","0"
"22","1","1990","3","0"
"23","1","1990","3","0"
"24","1","1990","3","0"
"25","1","1990","3","0"
"01","2","1990","3","0"
"02","2","1990","3","0"
"03","2","1990","3","0"
"01","3","1990","3","0"
"01","1","1990","4","0"
"02","1","1990","4","0"
"03","1","1990","4","0"
"04","1","1990","4","0"
"05","1","1990","4","0"
"06","1","1990","4","0"
"07","1","1990","4","0"
"08","1","1990","4","0"
"09","1","1990","4","0"
"10","1","1990","4","0"
"11","1","1990","4","0"
"12","1","1990","4","0"
"13","1","1990","4","0"
"14","1","1990","4","0"
"15","1","1990","4","0"
"16","1","1990","4","0"
"17","1","1990","4","0"
"18","1","1990","4","0"
"19","1","1990","4","0"
"20","1","1990","4","0"
"21","1","1990","4","0"
"22","1","1990","4","0"
"23","1","1990","4","0"
"24","1","1990","4","0"
"25","1","1990","4","0"
"01","2","1990","4","0"
"02","2","1990","4","0"
"03","2","1990","4","0"
"01","3","1990","4","0"
"01","1","1990","5","0"
"02","1","1990","5","0"
"03","1","1990","5","0"
"04","1","1990","5","0"
"05","1","1990","5","0"
"06","1","1990","5","0"
"07","1","1990","5","0"
"08","1","1990","5","0"
"09","1","1990","5","0"
"10","1","1990","5","0"
"11","1","1990","5","0"
"12","1","1990","5","0"
"13","1","1990","5","0"
"14","1","1990","5","0"
"15","1","1990","5","0"
"16","1","1990","5","0"
"17","1","1990","5","0"
"18","1","1990","5","0"
"19","1","1990","5","0"
"20","1","1990","5","0"
"21","1","1990","5","0"
"22","1","1990","5","0"
"23","1","1990","5","0"
"24","1","1990","5","0"
"25","1","1990","5","0"
"01","2","1990","5","0"
"02","2","1990","5","0"
"03","2","1990","5","0"
"01","3","1990","5","0"
"01","1","1990","6","0"
"02","1","1990","6","0"
"03","1","1990","6","0"
"04","1","1990","6","0"
"05","1","1990","6","0"
"06","1","1990","6","0"
"07","1","1990","6","0"
"08","1","1990","6","0"
"09","1","1990","6","0"
"10","1","1990","6","0"
"11","1","1990","6","0"
"12","1","1990","6","0"
"13","1","1990","6","0"
"14","1","1990","6","0"
"15","1","1990","6","0"
"16","1","1990","6","0"
"17","1","1990","6","0"
"18","1","1990","6","0"
"19","1","1990","6","0"
"20","1","1990","6","0"
"21","1","1990","6","0"
"22","1","1990","6","0"
"23","1","1990","6","0"
"24","1","1990","6","0"
"25","1","1990","6","0"
"01","2","1990","6","0"
"02","2","1990","6","0"
"03","2","1990","6","0"
"01","3","1990","6","0"
"01","1","1990","7","0"
"02","1","1990","7","0"
"03","1","1990","7","0"
"04","1","1990","7","0"
"05","1","1990","7","0"
"06","1","1990","7","0"
"07","1","1990","7","0"
"08","1","1990","7","0"
"09","1","1990","7","0"
"10","1","1990","7","0"
"11","1","1990","7","0"
"12","1","1990","7","0"
"13","1","1990","7","0"
"14","1","1990","7","0"
"15","1","1990","7","0"
"16","1","1990","7","0"
"17","1","1990","7","0"
"18","1","1990","7","0"
"19","1","1990","7","0"
"20","1","1990","7","0"
"21","1","1990","7","0"
"22","1","1990","7","0"
"23","1","1990","7","0"
"24","1","1990","7","0"
"25","1","1990","7","0"
"01","2","1990","7","0"
"02","2","1990","7","0"
"03","2","1990","7","0"
"01","3","1990","7","0"
"01","1","1990","8","0"
"02","1","1990","8","0"
"03","1","1990","8","0"
"04","1","1990","8","0"
"05","1","1990","8","0"
"06","1","1990","8","0"
"07","1","1990","8","0"
"08","1","1990","8","0"
"09","1","1990","8","0"
"10","1","1990","8","0"
"11","1","1990","8","0"
"12","1","1990","8","0"
"13","1","1990","8","0"
"14","1","1990","8","0"
"15","1","1990","8","0"
"16","1","1990","8","0"
"17","1","1990","8","0"
"18","1","1990","8","0"
"19","1","1990","8","0"
"20","1","1990","8","0"
"21","1","1990","8","0"
"22","1","1990","8","0"
"23","1","1990","8","0"
"24","1","1990","8","0"
"25","1","1990","8","0"
"01","2","1990","8","0"
"02","2","1990","8","0"
"03","2","1990","8","0"
"01","3","1990","8","0"
"01","1","1990","9","0"
"02","1","1990","9","0"
"03","1","1990","9","0"
"04","1","1990","9","0"
"05","1","1990","9","0"
"06","1","1990","9","0"
"07","1","1990","9","0"
"08","1","1990","9","0"
"09","1","1990","9","0"
"10","1","1990","9","0"
"11","1","1990","9","0"
"12","1","1990","9","0"
"13","1","1990","9","0"
"14","1","1990","9","0"
"15","1","1990","9","0"
"16","1","1990","9","0"
"17","1","1990","9","0"
"18","1","1990","9","0"
"19","1","1990","9","0"
"20","1","1990","9","0"
"21","1","1990","9","0"
"22","1","1990","9","0"
"23","1","1990","9","0"
"24","1","1990","9","0"
"25","1","1990","9","0"
"01","2","1990","9","0"
"02","2","1990","9","0"
"03","2","1990","9","0"
"01","3","1990","9","0"
"01","1","1990","10","0"
"02","1","1990","10","0"
"03","1","1990","10","0"
"04","1","1990","10","0"
"05","1","1990","10","0"
"06","1","1990","10","0"
"07","1","1990","10","0"
"08","1","1990","10","0"
"09","1","1990","10","0"
"10","1","1990","10","0"
"11","1","1990","10","0"
"12","1","1990","10","0"
"13","1","1990","10","0"
"14","1","1990","10","0"
"15","1","1990","10","0"
"16","1","1990","10","0"
"17","1","1990","10","0"
"18","1","1990","10","0"
"19","1","1990","10","0"
"20","1","1990","10","0"
"21","1","1990","10","0"
"22","1","1990","10","0"
"23","1","1990","10","0"
"24","1","1990","10","0"
"25","1","1990","10","0"
"01","2","1990","10","0"
"02","2","1990","10","0"
"03","2","1990","10","0"
"01","3","1990","10","0"
"01","1","1990","11","0"
"02","1","1990","11","0"
"03","1","1990","11","0"
"04","1","1990","11","0"
"05","1","1990","11","0"
"06","1","1990","11","0"
"07","1","1990","11","0"
"08","1","1990","11","0"
"09","1","1990","11","0"
"10","1","1990","11","0"
"11","1","1990","11","0"
"12","1","1990","11","0"
"13","1","1990","11","0"
"14","1","1990","11","0"
"15","1","1990","11","0"
"16","1","1990","11","0"
"17","1","1990","11","0"
"18","1","1990","11","0"
"19","1","1990","11","0"
"20","1","1990","11","0"
"21","1","1990","11","0"
"22","1","1990","11","0"
"23","1","1990","11","0"
"24","1","1990","11","0"
"25","1","1990","11","0"
"01","2","1990","11","0"
"02","2","1990","11","0"
"03","2","1990","11","0"
"01","3","1990","11","0"
"01","1","1990","12","0"
"02","1","1990","12","0"
"03","1","1990","12","0"
"04","1","1990","12","0"
"05","1","1990","12","0"
"06","1","1990","12","0"
"07","1","1990","12","0"
"08","1","1990","12","0"
"09","1","1990","12","0"
"10","1","1990","12","0"
"11","1","1990","12","0"
"12","1","1990","12","0"
"13","1","1990","12","0"
"14","1","1990","12","0"
"15","1","1990","12","0"
"16","1","1990","12","0"
"17","1","1990","12","0"
"18","1","1990","12","0"
"19","1","1990","12","0"
"20","1","1990","12","0"
"21","1","1990","12","0"
"22","1","1990","12","0"
"23","1","1990","12","0"
"24","1","1990","12","0"
"25","1","1990","12","0"
"01","2","1990","12","0"
"02","2","1990","12","0"
"03","2","1990","12","0"
"01","3","1990","12","0"
"01","1","1991","1","0"
"02","1","1991","1","0"
"03","1","1991","1","0"
"04","1","1991","1","0"
"05","1","1991","1","0"
"06","1","1991","1","0"
"07","1","1991","1","0"
"08","1","1991","1","0"
"09","1","1991","1","0"
"10","1","1991","1","0"
"11","1","1991","1","0"
"12","1","1991","1","0"
"13","1","1991","1","0"
"14","1","1991","1","0"
"15","1","1991","1","0"
"16","1","1991","1","0"
"17","1","1991","1","0"
"18","1","1991","1","0"
"19","1","1991","1","0"
"20","1","1991","1","0"
"21","1","1991","1","0"
"22","1","1991","1","0"
"23","1","1991","1","0"
"24","1","1991","1","0"
"25","1","1991","1","0"
"01","2","1991","1","0"
"02","2","1991","1","0"
"03","2","1991","1","0"
"01","3","1991","1","0"
"01","1","1991","2","0"
"02","1","1991","2","0"
"03","1","1991","2","0"
"04","1","1991","2","0"
"05","1","1991","2","0"
"06","1","1991","2","0"
"07","1","1991","2","0"
"08","1","1991","2","0"
"09","1","1991","2","0"
"10","1","1991","2","0"
"11","1","1991","2","0"
"12","1","1991","2","0"
"13","1","1991","2","0"
"14","1","1991","2","0"
"15","1","1991","2","0"
"16","1","1991","2","0"
"17","1","1991","2","0"
"18","1","1991","2","0"
"19","1","1991","2","0"
"20","1","1991","2","0"
"21","1","1991","2","0"
"22","1","1991","2","0"
"23","1","1991","2","0"
"24","1","1991","2","0"
"25","1","1991","2","0"
"01","2","1991","2","0"
"02","2","1991","2","0"
"03","2","1991","2","0"
"01","3","1991","2","0"
"01","1","1991","3","0"
"02","1","1991","3","0"
"03","1","1991","3","0"
"04","1","1991","3","0"
"05","1","1991","3","0"
"06","1","1991","3","0"
"07","1","1991","3","0"
"08","1","1991","3","0"
"09","1","1991","3","0"
"10","1","1991","3","0"
"11","1","1991","3","0"
"12","1","1991","3","0"
"13","1","1991","3","0"
"14","1","1991","3","0"
"15","1","1991","3","0"
"16","1","1991","3","0"
"17","1","1991","3","0"
"18","1","1991","3","0"
"19","1","1991","3","0"
"20","1","1991","3","0"
"21","1","1991","3","0"
"22","1","1991","3","0"
"23","1","1991","3","0"
"24","1","1991","3","0"
"25","1","1991","3","0"
"01","2","1991","3","0"
"02","2","1991","3","0"
"03","2","1991","3","0"
"01","3","1991","3","0"
"01","1","1991","4","0"
"02","1","1991","4","0"
"03","1","1991","4","0"
"04","1","1991","4","0"
"05","1","1991","4","0"
"06","1","1991","4","0"
"07","1","1991","4","0"
"08","1","1991","4","0"
"09","1","1991","4","0"
"10","1","1991","4","0"
"11","1","1991","4","0"
"12","1","1991","4","0"
"13","1","1991","4","0"
"14","1","1991","4","0"
"15","1","1991","4","0"
"16","1","1991","4","0"
"17","1","1991","4","0"
"18","1","1991","4","0"
"19","1","1991","4","0"
"20","1","1991","4","0"
"21","1","1991","4","0"
"22","1","1991","4","0"
"23","1","1991","4","0"
"24","1","1991","4","0"
"25","1","1991","4","0"
"01","2","1991","4","0"
"02","2","1991","4","0"
"03","2","1991","4","0"
"01","3","1991","4","0"
"01","1","1991","5","0"
"02","1","1991","5","0"
"03","1","1991","5","0"
"04","1","1991","5","0"
"05","1","1991","5","0"
"06","1","1991","5","0"
"07","1","1991","5","0"
"08","1","1991","5","0"
"09","1","1991","5","0"
"10","1","1991","5","0"
"11","1","1991","5","0"
"12","1","1991","5","0"
"13","1","1991","5","0"
"14","1","1991","5","0"
"15","1","1991","5","0"
"16","1","1991","5","0"
"17","1","1991","5","0"
"18","1","1991","5","0"
"19","1","1991","5","0"
"20","1","1991","5","0"
"21","1","1991","5","0"
"22","1","1991","5","0"
"23","1","1991","5","0"
"24","1","1991","5","0"
"25","1","1991","5","0"
"01","2","1991","5","0"
"02","2","1991","5","0"
"03","2","1991","5","0"
"01","3","1991","5","0"
"01","1","1991","6","0"
"02","1","1991","6","0"
"03","1","1991","6","0"
"04","1","1991","6","0"
"05","1","1991","6","0"
"06","1","1991","6","0"
"07","1","1991","6","0"
"08","1","1991","6","0"
"09","1","1991","6","0"
"10","1","1991","6","0"
"11","1","1991","6","0"
"12","1","1991","6","0"
"13","1","1991","6","0"
"14","1","1991","6","0"
"15","1","1991","6","0"
"16","1","1991","6","0"
"17","1","1991","6","0"
"18","1","1991","6","0"
"19","1","1991","6","0"
"20","1","1991","6","0"
"21","1","1991","6","0"
"22","1","1991","6","0"
"23","1","1991","6","0"
"24","1","1991","6","0"
"25","1","1991","6","0"
"01","2","1991","6","0"
"02","2","1991","6","0"
"03","2","1991","6","0"
"01","3","1991","6","0"
"01","1","1991","7","0"
"02","1","1991","7","0"
"03","1","1991","7","0"
"04","1","1991","7","0"
"05","1","1991","7","0"
"06","1","1991","7","0"
"07","1","1991","7","0"
"08","1","1991","7","0"
"09","1","1991","7","0"
"10","1","1991","7","0"
"11","1","1991","7","0"
"12","1","1991","7","0"
"13","1","1991","7","0"
"14","1","1991","7","0"
"15","1","1991","7","0"
"16","1","1991","7","0"
"17","1","1991","7","0"
"18","1","1991","7","0"
"19","1","1991","7","0"
"20","1","1991","7","0"
"21","1","1991","7","0"
"22","1","1991","7","0"
"23","1","1991","7","0"
"24","1","1991","7","0"
"25","1","1991","7","0"
"01","2","1991","7","0"
"02","2","1991","7","0"
"03","2","1991","7","0"
"01","3","1991","7","0"
"01","1","1991","8","0"
"02","1","1991","8","0"
"03","1","1991","8","0"
"04","1","1991","8","0"
"05","1","1991","8","0"
"06","1","1991","8","0"
"07","1","1991","8","0"
"08","1","1991","8","0"
"09","1","1991","8","0"
"10","1","1991","8","0"
"11","1","1991","8","0"
"12","1","1991","8","0"
"13","1","1991","8","0"
"14","1","1991","8","0"
"15","1","1991","8","0"
"16","1","1991","8","0"
"17","1","1991","8","0"
"18","1","1991","8","0"
"19","1","1991","8","0"
"20","1","1991","8","0"
"21","1","1991","8","0"
"22","1","1991","8","0"
"23","1","1991","8","0"
"24","1","1991","8","0"
"25","1","1991","8","0"
"01","2","1991","8","0"
"02","2","1991","8","0"
"03","2","1991","8","0"
"01","3","1991","8","0"
"01","1","1991","9","0"
"02","1","1991","9","0"
"03","1","1991","9","0"
"04","1","1991","9","0"
"05","1","1991","9","0"
"06","1","1991","9","0"
"07","1","1991","9","0"
"08","1","1991","9","0"
"09","1","1991","9","0"
"10","1","1991","9","0"
"11","1","1991","9","0"
"12","1","1991","9","0"
"13","1","1991","9","0"
"14","1","1991","9","0"
"15","1","1991","9","0"
"16","1","1991","9","0"
"17","1","1991","9","0"
"18","1","1991","9","0"
"19","1","1991","9","0"
"20","1","1991","9","0"
"21","1","1991","9","0"
"22","1","1991","9","0"
"23","1","1991","9","0"
"24","1","1991","9","0"
"25","1","1991","9","0"
"01","2","1991","9","0"
"02","2","1991","9","0"
"03","2","1991","9","0"
"01","3","1991","9","0"
"01","1","1991","10","0"
"02","1","1991","10","0"
"03","1","1991","10","0"
"04","1","1991","10","0"
"05","1","1991","10","0"
"06","1","1991","10","0"
"07","1","1991","10","0"
"08","1","1991","10","0"
"09","1","1991","10","0"
"10","1","1991","10","0"
"11","1","1991","10","0"
"12","1","1991","10","0"
"13","1","1991","10","0"
"14","1","1991","10","0"
"15","1","1991","10","0"
"16","1","1991","10","0"
"17","1","1991","10","0"
"18","1","1991","10","0"
"19","1","1991","10","0"
"20","1","1991","10","0"
"21","1","1991","10","0"
"22","1","1991","10","0"
"23","1","1991","10","0"
"24","1","1991","10","0"
"25","1","1991","10","0"
"01","2","1991","10","0"
"02","2","1991","10","0"
"03","2","1991","10","0"
"01","3","1991","10","0"
"01","1","1991","11","0"
"02","1","1991","11","0"
"03","1","1991","11","0"
"04","1","1991","11","0"
"05","1","1991","11","0"
"06","1","1991","11","0"
"07","1","1991","11","0"
"08","1","1991","11","0"
"09","1","1991","11","0"
"10","1","1991","11","0"
"11","1","1991","11","0"
"12","1","1991","11","0"
"13","1","1991","11","0"
"14","1","1991","11","0"
"15","1","1991","11","0"
"16","1","1991","11","0"
"17","1","1991","11","0"
"18","1","1991","11","0"
"19","1","1991","11","0"
"20","1","1991","11","0"
"21","1","1991","11","0"
"22","1","1991","11","0"
"23","1","1991","11","0"
"24","1","1991","11","0"
"25","1","1991","11","0"
"01","2","1991","11","0"
"02","2","1991","11","0"
"03","2","1991","11","0"
"01","3","1991","11","0"
"01","1","1991","12","0"
"02","1","1991","12","0"
"03","1","1991","12","0"
"04","1","1991","12","0"
"05","1","1991","12","0"
"06","1","1991","12","0"
"07","1","1991","12","0"
"08","1","1991","12","0"
"09","1","1991","12","0"
"10","1","1991","12","0"
"11","1","1991","12","0"
"12","1","1991","12","0"
"13","1","1991","12","0"
"14","1","1991","12","0"
"15","1","1991","12","0"
"16","1","1991","12","0"
"17","1","1991","12","0"
"18","1","1991","12","0"
"19","1","1991","12","0"
"20","1","1991","12","0"
"21","1","1991","12","0"
"22","1","1991","12","0"
"23","1","1991","12","0"
"24","1","1991","12","0"
"25","1","1991","12","0"
"01","2","1991","12","0"
"02","2","1991","12","0"
"03","2","1991","12","0"
"01","3","1991","12","0"
"01","1","1992","1","0"
"02","1","1992","1","0"
"03","1","1992","1","0"
"04","1","1992","1","0"
"05","1","1992","1","0"
"06","1","1992","1","0"
"07","1","1992","1","0"
"08","1","1992","1","0"
"09","1","1992","1","0"
"10","1","1992","1","0"
"11","1","1992","1","0"
"12","1","1992","1","0"
"13","1","1992","1","0"
"14","1","1992","1","0"
"15","1","1992","1","0"
"16","1","1992","1","0"
"17","1","1992","1","0"
"18","1","1992","1","0"
"19","1","1992","1","0"
"20","1","1992","1","0"
"21","1","1992","1","0"
"22","1","1992","1","0"
"23","1","1992","1","0"
"24","1","1992","1","0"
"25","1","1992","1","0"
"01","2","1992","1","0"
"02","2","1992","1","0"
"03","2","1992","1","0"
"01","3","1992","1","0"
"01","1","1992","2","0"
"02","1","1992","2","0"
"03","1","1992","2","0"
"04","1","1992","2","0"
"05","1","1992","2","0"
"06","1","1992","2","0"
"07","1","1992","2","0"
"08","1","1992","2","0"
"09","1","1992","2","0"
"10","1","1992","2","0"
"11","1","1992","2","0"
"12","1","1992","2","0"
"13","1","1992","2","0"
"14","1","1992","2","0"
"15","1","1992","2","0"
"16","1","1992","2","0"
"17","1","1992","2","0"
"18","1","1992","2","0"
"19","1","1992","2","0"
"20","1","1992","2","0"
"21","1","1992","2","0"
"22","1","1992","2","0"
"23","1","1992","2","0"
"24","1","1992","2","0"
"25","1","1992","2","0"
"01","2","1992","2","0"
"02","2","1992","2","0"
"03","2","1992","2","0"
"01","3","1992","2","0"
"01","1","1992","3","0"
"02","1","1992","3","0"
"03","1","1992","3","0"
"04","1","1992","3","0"
"05","1","1992","3","0"
"06","1","1992","3","0"
"07","1","1992","3","0"
"08","1","1992","3","0"
"09","1","1992","3","0"
"10","1","1992","3","0"
"11","1","1992","3","0"
"12","1","1992","3","0"
"13","1","1992","3","0"
"14","1","1992","3","0"
"15","1","1992","3","0"
"16","1","1992","3","0"
"17","1","1992","3","0"
"18","1","1992","3","0"
"19","1","1992","3","0"
"20","1","1992","3","0"
"21","1","1992","3","0"
"22","1","1992","3","0"
"23","1","1992","3","0"
"24","1","1992","3","0"
"25","1","1992","3","0"
"01","2","1992","3","0"
"02","2","1992","3","0"
"03","2","1992","3","0"
"01","3","1992","3","0"
"01","1","1992","4","0"
"02","1","1992","4","0"
"03","1","1992","4","0"
"04","1","1992","4","0"
"05","1","1992","4","0"
"06","1","1992","4","0"
"07","1","1992","4","0"
"08","1","1992","4","0"
"09","1","1992","4","0"
"10","1","1992","4","0"
"11","1","1992","4","0"
"12","1","1992","4","0"
"13","1","1992","4","0"
"14","1","1992","4","0"
"15","1","1992","4","0"
"16","1","1992","4","0"
"17","1","1992","4","0"
"18","1","1992","4","0"
"19","1","1992","4","0"
"20","1","1992","4","0"
"21","1","1992","4","0"
"22","1","1992","4","0"
"23","1","1992","4","0"
"24","1","1992","4","0"
"25","1","1992","4","0"
"01","2","1992","4","0"
"02","2","1992","4","0"
"03","2","1992","4","0"
"01","3","1992","4","0"
"01","1","1992","5","0"
"02","1","1992","5","0"
"03","1","1992","5","0"
"04","1","1992","5","0"
"05","1","1992","5","0"
"06","1","1992","5","0"
"07","1","1992","5","0"
"08","1","1992","5","0"
"09","1","1992","5","0"
"10","1","1992","5","0"
"11","1","1992","5","0"
"12","1","1992","5","0"
"13","1","1992","5","0"
"14","1","1992","5","0"
"15","1","1992","5","0"
"16","1","1992","5","0"
"17","1","1992","5","0"
"18","1","1992","5","0"
"19","1","1992","5","0"
"20","1","1992","5","0"
"21","1","1992","5","0"
"22","1","1992","5","0"
"23","1","1992","5","0"
"24","1","1992","5","0"
"25","1","1992","5","0"
"01","2","1992","5","0"
"02","2","1992","5","0"
"03","2","1992","5","0"
"01","3","1992","5","0"
"01","1","1992","6","0"
"02","1","1992","6","0"
"03","1","1992","6","0"
"04","1","1992","6","0"
"05","1","1992","6","0"
"06","1","1992","6","0"
"07","1","1992","6","0"
"08","1","1992","6","0"
"09","1","1992","6","0"
"10","1","1992","6","0"
"11","1","1992","6","0"
"12","1","1992","6","0"
"13","1","1992","6","0"
"14","1","1992","6","0"
"15","1","1992","6","0"
"16","1","1992","6","0"
"17","1","1992","6","0"
"18","1","1992","6","0"
"19","1","1992","6","0"
"20","1","1992","6","0"
"21","1","1992","6","0"
"22","1","1992","6","0"
"23","1","1992","6","0"
"24","1","1992","6","0"
"25","1","1992","6","0"
"01","2","1992","6","0"
"02","2","1992","6","0"
"03","2","1992","6","0"
"01","3","1992","6","0"
"01","1","1992","7","0"
"02","1","1992","7","0"
"03","1","1992","7","0"
"04","1","1992","7","0"
"05","1","1992","7","0"
"06","1","1992","7","0"
"07","1","1992","7","0"
"08","1","1992","7","0"
"09","1","1992","7","0"
"10","1","1992","7","0"
"11","1","1992","7","0"
"12","1","1992","7","0"
"13","1","1992","7","0"
"14","1","1992","7","0"
"15","1","1992","7","0"
"16","1","1992","7","0"
"17","1","1992","7","0"
"18","1","1992","7","0"
"19","1","1992","7","0"
"20","1","1992","7","0"
"21","1","1992","7","0"
"22","1","1992","7","0"
"23","1","1992","7","0"
"24","1","1992","7","0"
"25","1","1992","7","0"
"01","2","1992","7","0"
"02","2","1992","7","0"
"03","2","1992","7","0"
"01","3","1992","7","0"
"01","1","1992","8","0"
"02","1","1992","8","0"
"03","1","1992","8","0"
"04","1","1992","8","0"
"05","1","1992","8","0"
"06","1","1992","8","0"
"07","1","1992","8","0"
"08","1","1992","8","0"
"09","1","1992","8","0"
"10","1","1992","8","0"
"11","1","1992","8","0"
"12","1","1992","8","0"
"13","1","1992","8","0"
"14","1","1992","8","0"
"15","1","1992","8","0"
"16","1","1992","8","0"
"17","1","1992","8","0"
"18","1","1992","8","0"
"19","1","1992","8","0"
"20","1","1992","8","0"
"21","1","1992","8","0"
"22","1","1992","8","0"
"23","1","1992","8","0"
"24","1","1992","8","0"
"25","1","1992","8","0"
"01","2","1992","8","0"
"02","2","1992","8","0"
"03","2","1992","8","0"
"01","3","1992","8","0"
"01","1","1992","9","0"
"02","1","1992","9","0"
"03","1","1992","9","0"
"04","1","1992","9","0"
"05","1","1992","9","0"
"06","1","1992","9","0"
"07","1","1992","9","0"
"08","1","1992","9","0"
"09","1","1992","9","0"
"10","1","1992","9","0"
"11","1","1992","9","0"
"12","1","1992","9","0"
"13","1","1992","9","0"
"14","1","1992","9","0"
"15","1","1992","9","0"
"16","1","1992","9","0"
"17","1","1992","9","0"
"18","1","1992","9","0"
"19","1","1992","9","0"
"20","1","1992","9","0"
"21","1","1992","9","0"
"22","1","1992","9","0"
"23","1","1992","9","0"
"24","1","1992","9","0"
"25","1","1992","9","0"
"01","2","1992","9","0"
"02","2","1992","9","0"
"03","2","1992","9","0"
"01","3","1992","9","0"
"01","1","1992","10","0"
"02","1","1992","10","0"
"03","1","1992","10","0"
"04","1","1992","10","0"
"05","1","1992","10","0"
"06","1","1992","10","0"
"07","1","1992","10","0"
"08","1","1992","10","0"
"09","1","1992","10","0"
"10","1","1992","10","0"
"11","1","1992","10","0"
"12","1","1992","10","0"
"13","1","1992","10","0"
"14","1","1992","10","0"
"15","1","1992","10","0"
"16","1","1992","10","0"
"17","1","1992","10","0"
"18","1","1992","10","0"
"19","1","1992","10","0"
"20","1","1992","10","0"
"21","1","1992","10","0"
"22","1","1992","10","0"
"23","1","1992","10","0"
"24","1","1992","10","0"
"25","1","1992","10","0"
"01","2","1992","10","0"
"02","2","1992","10","0"
"03","2","1992","10","0"
"01","3","1992","10","0"
"01","1","1992","11","0"
"02","1","1992","11","0"
"03","1","1992","11","0"
"04","1","1992","11","0"
"05","1","1992","11","0"
"06","1","1992","11","0"
"07","1","1992","11","0"
"08","1","1992","11","0"
"09","1","1992","11","0"
"10","1","1992","11","0"
"11","1","1992","11","0"
"12","1","1992","11","0"
"13","1","1992","11","0"
"14","1","1992","11","0"
"15","1","1992","11","0"
"16","1","1992","11","0"
"17","1","1992","11","0"
"18","1","1992","11","0"
"19","1","1992","11","0"
"20","1","1992","11","0"
"21","1","1992","11","0"
"22","1","1992","11","0"
"23","1","1992","11","0"
"24","1","1992","11","0"
"25","1","1992","11","0"
"01","2","1992","11","0"
"02","2","1992","11","0"
"03","2","1992","11","0"
"01","3","1992","11","0"
"01","1","1992","12","0"
"02","1","1992","12","0"
"03","1","1992","12","0"
"04","1","1992","12","0"
"05","1","1992","12","0"
"06","1","1992","12","0"
"07","1","1992","12","0"
"08","1","1992","12","0"
"09","1","1992","12","0"
"10","1","1992","12","0"
"11","1","1992","12","0"
"12","1","1992","12","0"
"13","1","1992","12","0"
"14","1","1992","12","0"
"15","1","1992","12","0"
"16","1","1992","12","0"
"17","1","1992","12","0"
"18","1","1992","12","0"
"19","1","1992","12","0"
"20","1","1992","12","0"
"21","1","1992","12","0"
"22","1","1992","12","0"
"23","1","1992","12","0"
"24","1","1992","12","0"
"25","1","1992","12","0"
"01","2","1992","12","0"
"02","2","1992","12","0"
"03","2","1992","12","0"
"01","3","1992","12","0"
"01","1","1993","1","0"
"02","1","1993","1","0"
"03","1","1993","1","0"
"04","1","1993","1","0"
"05","1","1993","1","0"
"06","1","1993","1","0"
"07","1","1993","1","0"
"08","1","1993","1","0"
"09","1","1993","1","0"
"10","1","1993","1","0"
"11","1","1993","1","0"
"12","1","1993","1","0"
"13","1","1993","1","0"
"14","1","1993","1","0"
"15","1","1993","1","0"
"16","1","1993","1","0"
"17","1","1993","1","0"
"18","1","1993","1","0"
"19","1","1993","1","0"
"20","1","1993","1","0"
"21","1","1993","1","0"
"22","1","1993","1","0"
"23","1","1993","1","0"
"24","1","1993","1","0"
"25","1","1993","1","0"
"01","2","1993","1","0"
"02","2","1993","1","0"
"03","2","1993","1","0"
"01","3","1993","1","0"
"01","1","1993","2","0"
"02","1","1993","2","0"
"03","1","1993","2","0"
"04","1","1993","2","0"
"05","1","1993","2","0"
"06","1","1993","2","0"
"07","1","1993","2","0"
"08","1","1993","2","0"
"09","1","1993","2","0"
"10","1","1993","2","0"
"11","1","1993","2","0"
"12","1","1993","2","0"
"13","1","1993","2","0"
"14","1","1993","2","0"
"15","1","1993","2","0"
"16","1","1993","2","0"
"17","1","1993","2","0"
"18","1","1993","2","0"
"19","1","1993","2","0"
"20","1","1993","2","0"
"21","1","1993","2","0"
"22","1","1993","2","0"
"23","1","1993","2","0"
"24","1","1993","2","0"
"25","1","1993","2","0"
"01","2","1993","2","0"
"02","2","1993","2","0"
"03","2","1993","2","0"
"01","3","1993","2","0"
"01","1","1993","3","0"
"02","1","1993","3","0"
"03","1","1993","3","0"
"04","1","1993","3","0"
"05","1","1993","3","0"
"06","1","1993","3","0"
"07","1","1993","3","0"
"08","1","1993","3","0"
"09","1","1993","3","0"
"10","1","1993","3","0"
"11","1","1993","3","0"
"12","1","1993","3","0"
"13","1","1993","3","0"
"14","1","1993","3","0"
"15","1","1993","3","0"
"16","1","1993","3","0"
"17","1","1993","3","0"
"18","1","1993","3","0"
"19","1","1993","3","0"
"20","1","1993","3","0"
"21","1","1993","3","0"
"22","1","1993","3","0"
"23","1","1993","3","0"
"24","1","1993","3","0"
"25","1","1993","3","0"
"01","2","1993","3","0"
"02","2","1993","3","0"
"03","2","1993","3","0"
"01","3","1993","3","0"
"01","1","1993","4","0"
"02","1","1993","4","0"
"03","1","1993","4","0"
"04","1","1993","4","0"
"05","1","1993","4","0"
"06","1","1993","4","0"
"07","1","1993","4","0"
"08","1","1993","4","0"
"09","1","1993","4","0"
"10","1","1993","4","0"
"11","1","1993","4","0"
"12","1","1993","4","0"
"13","1","1993","4","0"
"14","1","1993","4","0"
"15","1","1993","4","0"
"16","1","1993","4","0"
"17","1","1993","4","0"
"18","1","1993","4","0"
"19","1","1993","4","0"
"20","1","1993","4","0"
"21","1","1993","4","0"
"22","1","1993","4","0"
"23","1","1993","4","0"
"24","1","1993","4","0"
"25","1","1993","4","0"
"01","2","1993","4","0"
"02","2","1993","4","0"
"03","2","1993","4","0"
"01","3","1993","4","0"
"01","1","1993","5","0"
"02","1","1993","5","0"
"03","1","1993","5","0"
"04","1","1993","5","0"
"05","1","1993","5","0"
"06","1","1993","5","0"
"07","1","1993","5","0"
"08","1","1993","5","0"
"09","1","1993","5","0"
"10","1","1993","5","0"
"11","1","1993","5","0"
"12","1","1993","5","0"
"13","1","1993","5","0"
"14","1","1993","5","0"
"15","1","1993","5","0"
"16","1","1993","5","0"
"17","1","1993","5","0"
"18","1","1993","5","0"
"19","1","1993","5","0"
"20","1","1993","5","0"
"21","1","1993","5","0"
"22","1","1993","5","0"
"23","1","1993","5","0"
"24","1","1993","5","0"
"25","1","1993","5","0"
"01","2","1993","5","0"
"02","2","1993","5","0"
"03","2","1993","5","0"
"01","3","1993","5","0"
"01","1","1993","6","0"
"02","1","1993","6","0"
"03","1","1993","6","0"
"04","1","1993","6","0"
"05","1","1993","6","0"
"06","1","1993","6","0"
"07","1","1993","6","0"
"08","1","1993","6","0"
"09","1","1993","6","0"
"10","1","1993","6","0"
"11","1","1993","6","0"
"12","1","1993","6","0"
"13","1","1993","6","0"
"14","1","1993","6","0"
"15","1","1993","6","0"
"16","1","1993","6","0"
"17","1","1993","6","0"
"18","1","1993","6","0"
"19","1","1993","6","0"
"20","1","1993","6","0"
"21","1","1993","6","0"
"22","1","1993","6","0"
"23","1","1993","6","0"
"24","1","1993","6","0"
"25","1","1993","6","0"
"01","2","1993","6","0"
"02","2","1993","6","0"
"03","2","1993","6","0"
"01","3","1993","6","0"
"01","1","1993","7","0"
"02","1","1993","7","0"
"03","1","1993","7","0"
"04","1","1993","7","0"
"05","1","1993","7","0"
"06","1","1993","7","0"
"07","1","1993","7","0"
"08","1","1993","7","0"
"09","1","1993","7","0"
"10","1","1993","7","0"
"11","1","1993","7","0"
"12","1","1993","7","0"
"13","1","1993","7","0"
"14","1","1993","7","0"
"15","1","1993","7","0"
"16","1","1993","7","0"
"17","1","1993","7","0"
"18","1","1993","7","0"
"19","1","1993","7","0"
"20","1","1993","7","0"
"21","1","1993","7","0"
"22","1","1993","7","0"
"23","1","1993","7","0"
"24","1","1993","7","0"
"25","1","1993","7","0"
"01","2","1993","7","0"
"02","2","1993","7","0"
"03","2","1993","7","0"
"01","3","1993","7","0"
"01","1","1993","8","0"
"02","1","1993","8","0"
"03","1","1993","8","0"
"04","1","1993","8","0"
"05","1","1993","8","0"
"06","1","1993","8","0"
"07","1","1993","8","0"
"08","1","1993","8","0"
"09","1","1993","8","0"
"10","1","1993","8","0"
"11","1","1993","8","0"
"12","1","1993","8","0"
"13","1","1993","8","0"
"14","1","1993","8","0"
"15","1","1993","8","0"
"16","1","1993","8","0"
"17","1","1993","8","0"
"18","1","1993","8","0"
"19","1","1993","8","0"
"20","1","1993","8","0"
"21","1","1993","8","0"
"22","1","1993","8","0"
"23","1","1993","8","0"
"24","1","1993","8","0"
"25","1","1993","8","0"
"01","2","1993","8","0"
"02","2","1993","8","0"
"03","2","1993","8","0"
"01","3","1993","8","0"
"01","1","1993","9","0"
"02","1","1993","9","0"
"03","1","1993","9","0"
"04","1","1993","9","0"
"05","1","1993","9","0"
"06","1","1993","9","0"
"07","1","1993","9","0"
"08","1","1993","9","0"
"09","1","1993","9","0"
"10","1","1993","9","0"
"11","1","1993","9","0"
"12","1","1993","9","0"
"13","1","1993","9","0"
"14","1","1993","9","0"
"15","1","1993","9","0"
"16","1","1993","9","0"
"17","1","1993","9","0"
"18","1","1993","9","0"
"19","1","1993","9","0"
"20","1","1993","9","0"
"21","1","1993","9","0"
"22","1","1993","9","0"
"23","1","1993","9","0"
"24","1","1993","9","0"
"25","1","1993","9","0"
"01","2","1993","9","0"
"02","2","1993","9","0"
"03","2","1993","9","0"
"01","3","1993","9","0"
"01","1","1993","10","0"
"02","1","1993","10","0"
"03","1","1993","10","0"
"04","1","1993","10","0"
"05","1","1993","10","0"
"06","1","1993","10","0"
"07","1","1993","10","0"
"08","1","1993","10","0"
"09","1","1993","10","0"
"10","1","1993","10","0"
"11","1","1993","10","0"
"12","1","1993","10","0"
"13","1","1993","10","0"
"14","1","1993","10","0"
"15","1","1993","10","0"
"16","1","1993","10","0"
"17","1","1993","10","0"
"18","1","1993","10","0"
"19","1","1993","10","0"
"20","1","1993","10","0"
"21","1","1993","10","0"
"22","1","1993","10","0"
"23","1","1993","10","0"
"24","1","1993","10","0"
"25","1","1993","10","0"
"01","2","1993","10","0"
"02","2","1993","10","0"
"03","2","1993","10","0"
"01","3","1993","10","0"
"01","1","1993","11","0"
"02","1","1993","11","0"
"03","1","1993","11","0"
"04","1","1993","11","0"
"05","1","1993","11","0"
"06","1","1993","11","0"
"07","1","1993","11","0"
"08","1","1993","11","0"
"09","1","1993","11","0"
"10","1","1993","11","0"
"11","1","1993","11","0"
"12","1","1993","11","0"
"13","1","1993","11","0"
"14","1","1993","11","0"
"15","1","1993","11","0"
"16","1","1993","11","0"
"17","1","1993","11","0"
"18","1","1993","11","0"
"19","1","1993","11","0"
"20","1","1993","11","0"
"21","1","1993","11","0"
"22","1","1993","11","0"
"23","1","1993","11","0"
"24","1","1993","11","0"
"25","1","1993","11","0"
"01","2","1993","11","0"
"02","2","1993","11","0"
"03","2","1993","11","0"
"01","3","1993","11","0"
"01","1","1993","12","0"
"02","1","1993","12","0"
"03","1","1993","12","0"
"04","1","1993","12","0"
"05","1","1993","12","0"
"06","1","1993","12","0"
"07","1","1993","12","0"
"08","1","1993","12","0"
"09","1","1993","12","0"
"10","1","1993","12","0"
"11","1","1993","12","0"
"12","1","1993","12","0"
"13","1","1993","12","0"
"14","1","1993","12","0"
"15","1","1993","12","0"
"16","1","1993","12","0"
"17","1","1993","12","0"
"18","1","1993","12","0"
"19","1","1993","12","0"
"20","1","1993","12","0"
"21","1","1993","12","0"
"22","1","1993","12","0"
"23","1","1993","12","0"
"24","1","1993","12","0"
"25","1","1993","12","0"
"01","2","1993","12","0"
"02","2","1993","12","0"
"03","2","1993","12","0"
"01","3","1993","12","0"
"01","1","1994","1","0"
"02","1","1994","1","0"
"03","1","1994","1","0"
"04","1","1994","1","0"
"05","1","1994","1","0"
"06","1","1994","1","0"
"07","1","1994","1","0"
"08","1","1994","1","0"
"09","1","1994","1","0"
"10","1","1994","1","0"
"11","1","1994","1","0"
"12","1","1994","1","0"
"13","1","1994","1","0"
"14","1","1994","1","0"
"15","1","1994","1","0"
"16","1","1994","1","0"
"17","1","1994","1","0"
"18","1","1994","1","0"
"19","1","1994","1","0"
"20","1","1994","1","0"
"21","1","1994","1","0"
"22","1","1994","1","0"
"23","1","1994","1","0"
"24","1","1994","1","0"
"25","1","1994","1","0"
"01","2","1994","1","0"
"02","2","1994","1","0"
"03","2","1994","1","0"
"01","3","1994","1","0"
"01","1","1994","2","0"
"02","1","1994","2","0"
"03","1","1994","2","0"
"04","1","1994","2","0"
"05","1","1994","2","0"
"06","1","1994","2","0"
"07","1","1994","2","0"
"08","1","1994","2","0"
"09","1","1994","2","0"
"10","1","1994","2","0"
"11","1","1994","2","0"
"12","1","1994","2","0"
"13","1","1994","2","0"
"14","1","1994","2","0"
"15","1","1994","2","0"
"16","1","1994","2","0"
"17","1","1994","2","0"
"18","1","1994","2","0"
"19","1","1994","2","0"
"20","1","1994","2","0"
"21","1","1994","2","0"
"22","1","1994","2","0"
"23","1","1994","2","0"
"24","1","1994","2","0"
"25","1","1994","2","0"
"01","2","1994","2","0"
"02","2","1994","2","0"
"03","2","1994","2","0"
"01","3","1994","2","0"
"01","1","1994","3","0"
"02","1","1994","3","0"
"03","1","1994","3","0"
"04","1","1994","3","0"
"05","1","1994","3","0"
"06","1","1994","3","0"
"07","1","1994","3","0"
"08","1","1994","3","0"
"09","1","1994","3","0"
"10","1","1994","3","0"
"11","1","1994","3","0"
"12","1","1994","3","0"
"13","1","1994","3","0"
"14","1","1994","3","0"
"15","1","1994","3","0"
"16","1","1994","3","0"
"17","1","1994","3","0"
"18","1","1994","3","0"
"19","1","1994","3","0"
"20","1","1994","3","0"
"21","1","1994","3","0"
"22","1","1994","3","0"
"23","1","1994","3","0"
"24","1","1994","3","0"
"25","1","1994","3","0"
"01","2","1994","3","0"
"02","2","1994","3","0"
"03","2","1994","3","0"
"01","3","1994","3","0"
"01","1","1994","4","0"
"02","1","1994","4","0"
"03","1","1994","4","0"
"04","1","1994","4","0"
"05","1","1994","4","0"
"06","1","1994","4","0"
"07","1","1994","4","0"
"08","1","1994","4","0"
"09","1","1994","4","0"
"10","1","1994","4","0"
"11","1","1994","4","0"
"12","1","1994","4","0"
"13","1","1994","4","0"
"14","1","1994","4","0"
"15","1","1994","4","0"
"16","1","1994","4","0"
"17","1","1994","4","0"
"18","1","1994","4","0"
"19","1","1994","4","0"
"20","1","1994","4","0"
"21","1","1994","4","0"
"22","1","1994","4","0"
"23","1","1994","4","0"
"24","1","1994","4","0"
"25","1","1994","4","0"
"01","2","1994","4","0"
"02","2","1994","4","0"
"03","2","1994","4","0"
"01","3","1994","4","0"
"01","1","1994","5","0"
"02","1","1994","5","0"
"03","1","1994","5","0"
"04","1","1994","5","0"
"05","1","1994","5","0"
"06","1","1994","5","0"
"07","1","1994","5","0"
"08","1","1994","5","0"
"09","1","1994","5","0"
"10","1","1994","5","0"
"11","1","1994","5","0"
"12","1","1994","5","0"
"13","1","1994","5","0"
"14","1","1994","5","0"
"15","1","1994","5","0"
"16","1","1994","5","0"
"17","1","1994","5","0"
"18","1","1994","5","0"
"19","1","1994","5","0"
"20","1","1994","5","0"
"21","1","1994","5","0"
"22","1","1994","5","0"
"23","1","1994","5","0"
"24","1","1994","5","0"
"25","1","1994","5","0"
"01","2","1994","5","0"
"02","2","1994","5","0"
"03","2","1994","5","0"
"01","3","1994","5","0"
"01","1","1994","6","0"
"02","1","1994","6","0"
"03","1","1994","6","0"
"04","1","1994","6","0"
"05","1","1994","6","0"
"06","1","1994","6","0"
"07","1","1994","6","0"
"08","1","1994","6","0"
"09","1","1994","6","0"
"10","1","1994","6","0"
"11","1","1994","6","0"
"12","1","1994","6","0"
"13","1","1994","6","0"
"14","1","1994","6","0"
"15","1","1994","6","0"
"16","1","1994","6","0"
"17","1","1994","6","0"
"18","1","1994","6","0"
"19","1","1994","6","0"
"20","1","1994","6","0"
"21","1","1994","6","0"
"22","1","1994","6","0"
"23","1","1994","6","0"
"24","1","1994","6","0"
"25","1","1994","6","0"
"01","2","1994","6","0"
"02","2","1994","6","0"
"03","2","1994","6","0"
"01","3","1994","6","0"
"01","1","1994","7","0"
"02","1","1994","7","0"
"03","1","1994","7","0"
"04","1","1994","7","0"
"05","1","1994","7","0"
"06","1","1994","7","0"
"07","1","1994","7","0"
"08","1","1994","7","0"
"09","1","1994","7","0"
"10","1","1994","7","0"
"11","1","1994","7","0"
"12","1","1994","7","0"
"13","1","1994","7","0"
"14","1","1994","7","0"
"15","1","1994","7","0"
"16","1","1994","7","0"
"17","1","1994","7","0"
"18","1","1994","7","0"
"19","1","1994","7","0"
"20","1","1994","7","0"
"21","1","1994","7","0"
"22","1","1994","7","0"
"23","1","1994","7","0"
"24","1","1994","7","0"
"25","1","1994","7","0"
"01","2","1994","7","0"
"02","2","1994","7","0"
"03","2","1994","7","0"
"01","3","1994","7","0"
"01","1","1994","8","0"
"02","1","1994","8","0"
"03","1","1994","8","0"
"04","1","1994","8","0"
"05","1","1994","8","0"
"06","1","1994","8","0"
"07","1","1994","8","0"
"08","1","1994","8","0"
"09","1","1994","8","0"
"10","1","1994","8","0"
"11","1","1994","8","0"
"12","1","1994","8","0"
"13","1","1994","8","0"
"14","1","1994","8","0"
"15","1","1994","8","0"
"16","1","1994","8","0"
"17","1","1994","8","0"
"18","1","1994","8","0"
"19","1","1994","8","0"
"20","1","1994","8","0"
"21","1","1994","8","0"
"22","1","1994","8","0"
"23","1","1994","8","0"
"24","1","1994","8","0"
"25","1","1994","8","0"
"01","2","1994","8","0"
"02","2","1994","8","0"
"03","2","1994","8","0"
"01","3","1994","8","0"
"01","1","1994","9","0"
"02","1","1994","9","0"
"03","1","1994","9","0"
"04","1","1994","9","0"
"05","1","1994","9","0"
"06","1","1994","9","0"
"07","1","1994","9","0"
"08","1","1994","9","0"
"09","1","1994","9","0"
"10","1","1994","9","0"
"11","1","1994","9","0"
"12","1","1994","9","0"
"13","1","1994","9","0"
"14","1","1994","9","0"
"15","1","1994","9","0"
"16","1","1994","9","0"
"17","1","1994","9","0"
"18","1","1994","9","0"
"19","1","1994","9","0"
"20","1","1994","9","0"
"21","1","1994","9","0"
"22","1","1994","9","0"
"23","1","1994","9","0"
"24","1","1994","9","0"
"25","1","1994","9","0"
"01","2","1994","9","0"
"02","2","1994","9","0"
"03","2","1994","9","0"
"01","3","1994","9","0"
"01","1","1994","10","0"
"02","1","1994","10","0"
"03","1","1994","10","0"
"04","1","1994","10","0"
"05","1","1994","10","0"
"06","1","1994","10","0"
"07","1","1994","10","0"
"08","1","1994","10","0"
"09","1","1994","10","0"
"10","1","1994","10","0"
"11","1","1994","10","0"
"12","1","1994","10","0"
"13","1","1994","10","0"
"14","1","1994","10","0"
"15","1","1994","10","0"
"16","1","1994","10","0"
"17","1","1994","10","0"
"18","1","1994","10","0"
"19","1","1994","10","0"
"20","1","1994","10","0"
"21","1","1994","10","0"
"22","1","1994","10","0"
"23","1","1994","10","0"
"24","1","1994","10","0"
"25","1","1994","10","0"
"01","2","1994","10","0"
"02","2","1994","10","0"
"03","2","1994","10","0"
"01","3","1994","10","0"
"01","1","1994","11","0"
"02","1","1994","11","0"
"03","1","1994","11","0"
"04","1","1994","11","0"
"05","1","1994","11","0"
"06","1","1994","11","0"
"07","1","1994","11","0"
"08","1","1994","11","0"
"09","1","1994","11","0"
"10","1","1994","11","0"
"11","1","1994","11","0"
"12","1","1994","11","0"
"13","1","1994","11","0"
"14","1","1994","11","0"
"15","1","1994","11","0"
"16","1","1994","11","0"
"17","1","1994","11","0"
"18","1","1994","11","0"
"19","1","1994","11","0"
"20","1","1994","11","0"
"21","1","1994","11","0"
"22","1","1994","11","0"
"23","1","1994","11","0"
"24","1","1994","11","0"
"25","1","1994","11","0"
"01","2","1994","11","0"
"02","2","1994","11","0"
"03","2","1994","11","0"
"01","3","1994","11","0"
"01","1","1994","12","0"
"02","1","1994","12","0"
"03","1","1994","12","0"
"04","1","1994","12","0"
"05","1","1994","12","0"
"06","1","1994","12","0"
"07","1","1994","12","0"
"08","1","1994","12","0"
"09","1","1994","12","0"
"10","1","1994","12","0"
"11","1","1994","12","0"
"12","1","1994","12","0"
"13","1","1994","12","0"
"14","1","1994","12","0"
"15","1","1994","12","0"
"16","1","1994","12","0"
"17","1","1994","12","0"
"18","1","1994","12","0"
"19","1","1994","12","0"
"20","1","1994","12","0"
"21","1","1994","12","0"
"22","1","1994","12","0"
"23","1","1994","12","0"
"24","1","1994","12","0"
"25","1","1994","12","0"
"01","2","1994","12","0"
"02","2","1994","12","0"
"03","2","1994","12","0"
"01","3","1994","12","0"
